# Generated from mozillazg/phrase-pinyin-data cee0ed6e6e4898580cafd2bd5e3723e20b214aa0; MIT.
# Tone removal, ü -> v, 2–8 Han characters, deduplicated; weight 1 (no frequency data).
yi ding bu shi	一丁不识	1
yi ding dian er	一丁点儿	1
yi bu niu zhong	一不扭众	1
yi zhuan duo neng	一专多能	1
yi qiu zhi he	一丘之貉	1
yi si bu cha	一丝不差	1
yi si bu wen	一丝不紊	1
yi ge ban ge	一个半个	1
yi ge ba zhang pai bu xiang	一个巴掌拍不响	1
yi ge xin yan	一个心眼	1
yi ge xin yan er	一个心眼儿	1
yi ge luo bo yi ge keng	一个萝卜一个坑	1
yi ju wan li	一举万里	1
yi zhi wei shen	一之为甚	1
yi zhi yi shen	一之已甚	1
yi zhi wei shen	一之谓甚	1
yi luan tu di	一乱涂地	1
yi liao	一了	1
yi liao bai liao	一了百了	1
yi liao bai dang	一了百当	1
yi zheng gao di	一争高低	1
yi shi bu zhi	一事不知	1
yi wu yi shi	一五一十	1
yi xie ban xie	一些半些	1
yi ren zuo shi yi ren dang	一人做事一人当	1
yi ren you qing	一人有庆	1
yi pu er zhu	一仆二主	1
yi jie bu qu	一介不取	1
yi jie bu gou	一介不苟	1
yi dai bu ru yi dai	一代不如一代	1
yi dai kai mo	一代楷模	1
yi dai feng liu	一代风流	1
yi ling zhi	一令纸	1
yi yi dang shi	一以当十	1
yi yi dang bai	一以当百	1
yi huo er	一伙儿	1
yi si	一似	1
yi ti liang mian	一体两面	1
yi ti tong xin	一体同心	1
yi fo chu shi	一佛出世	1
yi chang yi he	一倡一和	1
yi chang san tan	一倡三叹	1
yi chang bai he	一倡百和	1
yi pian zhi jian	一偏之见	1
yi pian zhi lun	一偏之论	1
yi yuan hua	一元化	1
yi yuan da wu	一元大武	1
yi yuan lun	一元论	1
yi chu xi	一出戏	1
yi dao liang duan	一刀两断	1
yi fen yi hao	一分一毫	1
yi fen zi	一分子	1
yi fen zi jia wan	一分子甲烷	1
yi fen zhong	一分钟	1
yi qie wan wu	一切万物	1
yi qie zhong sheng	一切众生	1
yi jian zhi ren	一剑之任	1
yi li cheng dang	一力承当	1
yi dong bu ru yi jing	一动不如一静	1
yi bao zai nei	一包在内	1
yi kuang jiu he	一匡九合	1
yi pi ma	一匹马	1
yi shi ba ceng di yu	一十八层地狱	1
yi wo bu qi	一卧不起	1
yi qu bu fu fan	一去不复返	1
yi shuang liang hao	一双两好	1
yi fan qi dao	一反其道	1
yi fa qian jun	一发千钧	1
yi kou liang chi	一口两匙	1
yi kou tong sheng	一口同声	1
yi kou tong yin	一口同音	1
yi kou xi jin xi jiang shui	一口吸尽西江水	1
yi kou yao ding	一口咬定	1
yi ye pian zhou	一叶扁舟	1
yi ye bao qiu	一叶报秋	1
yi ye zhi qiu	一叶知秋	1
yi ye luo zhi tian xia qiu	一叶落知天下秋	1
yi ye mi shan	一叶迷山	1
yi ye zhang mu	一叶障目	1
yi tu wei kuai	一吐为快	1
yi he er jiu	一呵而就	1
yi hu zai nuo	一呼再喏	1
yi hu bai ying	一呼百应	1
yi ming wu hu	一命呜呼	1
yi pin hong	一品红	1
yi hong er shang	一哄而上	1
yi hong er san	一哄而散	1
yi hong er qi	一哄而起	1
yi ku er nao	一哭二闹	1
yi chang yi he	一唱一和	1
yi chang bai he	一唱百和	1
yi pen yi xing	一喷一醒	1
yi hui er	一回儿	1
yi tuan he qi	一团和气	1
yi chang chun meng	一场春梦	1
yi chang kong	一场空	1
yi chang yu	一场雨	1
yi zuo jin qing	一坐尽倾	1
yi zuo jin jing	一坐尽惊	1
yi kuai shi tou luo le di	一块石头落了地	1
yi kuai shi tou luo di	一块石头落地	1
yi sheng bu xiang	一声不响	1
yi kui yi qi	一夔一契	1
yi xi yi zhao	一夕一朝	1
yi xi zhi jian	一夕之间	1
yi duo ban	一多半	1
yi ye zou hong	一夜走红	1
yi da pi	一大批	1
yi da ba	一大把	1
yi tian yi di	一天一地	1
yi tian xing dou	一天星斗	1
yi fu yi qi zhi	一夫一妻制	1
yi fu zhi yong	一夫之勇	1
yi fu zhi yong	一夫之用	1
yi fu dang guan	一夫当关	1
yi tou re	一头热	1
yi kong bu da	一孔不达	1
yi kong zhi jian	一孔之见	1
yi zi yi ju	一字一句	1
yi zi bu yi	一字不易	1
yi zi bu gou	一字不苟	1
yi zi chang cheng	一字长城	1
yi zi chang she zhen	一字长蛇阵	1
yi ding bu yi	一定不易	1
yi ding bu yi	一定不移	1
yi ke bu fan er zhu	一客不烦二主	1
yi jia yi hu	一家一户	1
yi jia yi huo	一家一火	1
yi jia yi ji	一家一计	1
yi jia zhi zhu	一家之主	1
yi jia zhi zuo	一家之作	1
yi jia zhi xue	一家之学	1
yi jia zhi yan	一家之言	1
yi jia zhi ji	一家之计	1
yi jia zhi ci	一家之辞	1
yi jia ren	一家人	1
yi jia wu er	一家无二	1
yi jia juan shu	一家眷属	1
yi jia lao xiao	一家老小	1
yi she zhi di	一射之地	1
yi chen bu dao	一尘不到	1
yi chen bu ran	一尘不染	1
yi chen bu zi	一尘不缁	1
yi chi shui shi zhang bo	一尺水十丈波	1
yi shan bu cang er hu	一山不藏二虎	1
yi sui zai she	一岁载赦	1
yi cha liang e	一差两讹	1
yi cha er wu	一差二悮	1
yi cha er wu	一差二误	1
yi cha er cuo	一差二错	1
yi cha ban cuo	一差半错	1
yi ji zhi jian	一己之见	1
yi fan shun feng	一帆顺风	1
yi xi tan	一席谈	1
yi gan ren fan	一干人犯	1
yi nian dao tou	一年到头	1
yi nian ban zai	一年半载	1
yi nian ji	一年级	1
yi chuang liang hao	一床两好	1
yi chuang jin bei zhe gai	一床锦被遮盖	1
yi ying	一应	1
yi tan zhi qing	一弹指顷	1
yi che wan rong	一彻万融	1
yi de	一得	1
yi de zhi gong	一得之功	1
yi de zhi yu	一得之愚	1
yi de zhi jian	一得之见	1
yi xin tong ti	一心同体	1
yi xin tong gong	一心同功	1
yi xin tong gui	一心同归	1
yi xin xiang wang	一心向往	1
yi nian zhi cha	一念之差	1
yi nian zhi jian	一念之间	1
yi nu zhi xia	一怒之下	1
yi xi yan yan	一息奄奄	1
yi cheng bu yi	一成不易	1
yi za	一扎	1
yi sao er guang	一扫而光	1
yi sao er kong	一扫而空	1
yi ba zi	一把子	1
yi ba zhua	一把抓	1
yi ba si na	一把死拿	1
yi ba yao shi kai yi ba suo	一把钥匙开一把锁	1
yi pou huang sha	一抔黄沙	1
yi bao huan yi bao	一报还一报	1
yi mo hei	一抹黑	1
yi pai ji he	一拍即合	1
yi yong er shang	一拥而上	1
yi pou tu	一掊土	1
yi zhi bai wan	一掷百万	1
yi zuo	一撮	1
yi zhi ban jie	一支半节	1
yi wen bu ming	一文不名	1
yi wen qian nan dao ying xiong han	一文钱难倒英雄汉	1
yi fang zhi ren	一方之任	1
yi fang mian	一方面	1
yi wu ke qu	一无可取	1
yi wu suo de	一无所得	1
yi wu suo neng	一无所能	1
yi wu suo jian	一无所见	1
yi wu suo chang	一无所长	1
yi wu chang wu	一无长物	1
yi ri wan ji	一日万几	1
yi ri wan ji	一日万机	1
yi ri wan li	一日万里	1
yi ri san xing	一日三省	1
yi ri san qiu	一日三秋	1
yi ri zhi chang	一日之长	1
yi shi yi ke	一时一刻	1
yi shi bo zhong	一时伯仲	1
yi shi qian zai	一时千载	1
yi shi ban hui er	一时半会儿	1
yi shi de cheng	一时得逞	1
yi shi shu hu	一时疏忽	1
yi xing er	一星儿	1
yi xing ban dian er	一星半点儿	1
yi xian shen shou	一显身手	1
yi ming bu shi	一暝不视	1
yi pu shi han	一暴十寒	1
yi pu shi han	一曝十寒	1
yi qu yang guan	一曲阳关	1
yi fu	一服	1
yi fu yao	一服药	1
yi wang wu yin	一望无垠	1
yi wang wu ya	一望无涯	1
yi wang er zhi	一望而知	1
yi zhao zhi fen	一朝之忿	1
yi zhao zhi huan	一朝之患	1
yi zhao qian li	一朝千里	1
yi chao tian zi yi chao chen	一朝天子一朝臣	1
yi mu nan zhi	一木难支	1
yi ben wan li	一本万利	1
yi tiao xin	一条心	1
yi zhen nan ke	一枕南柯	1
yi zhi yi qi	一枝一栖	1
yi zhi yi jie	一枝一节	1
yi zhi zhi qi	一枝之栖	1
yi zhi xiang	一枝香	1
yi qi liang xiong	一栖两雄	1
yi meng hua xu	一梦华胥	1
yi gun zi da si	一棍子打死	1
yi bang yi tiao hen	一棒一条痕	1
yi gai er lun	一概而论	1
yi ta heng chen	一榻横陈	1
yi mo er yang	一模二样	1
yi bu yi ge jiao yin	一步一个脚印	1
yi bu yi qu	一步一趋	1
yi bu bu de	一步步地	1
yi si liao zhi	一死了之	1
yi mao bu ba	一毛不拔	1
yi hao bu cha	一毫不差	1
yi hao bu ran	一毫不染	1
yi hao bu gou	一毫不苟	1
yi min tong su	一民同俗	1
yi da zhi	一沓纸	1
yi da chao piao	一沓钞票	1
yi bo wan bo	一波万波	1
yi bo cai dong wan bo sui	一波才动万波随	1
yi xie wan li	一泻万里	1
yi xie qian li	一泻千里	1
yi pai hu yan	一派胡言	1
yi pai hu yan luan yu	一派胡言乱语	1
yi jiang shi bing	一浆十饼	1
yi qing su bi	一清宿弊	1
yi yuan bu liang jiao	一渊不两蛟	1
yi liu er	一溜儿	1
yi liu wai xie	一溜歪斜	1
yi liu yan	一溜烟	1
yi liu yan pao diao	一溜烟跑掉	1
yi liu feng	一溜风	1
yi dian zhong	一点钟	1
yi xun yi you	一熏一莸	1
yi pian dan xin	一片丹心	1
yi pian bing xin	一片冰心	1
yi pian gong shang	一片宫商	1
yi pian san sha	一片散沙	1
yi pian hun hei	一片昏黑	1
yi pian wang yang	一片汪洋	1
yi pian hun luan	一片混乱	1
yi pian jiao tu	一片焦土	1
yi niu hou di	一牛吼地	1
yi niu ming di	一牛鸣地	1
yi wu bu zhi	一物不知	1
yi wu xiang yi wu	一物降一物	1
yi hu zhi ye	一狐之掖	1
yi xian tan hua	一现昙华	1
yi nan ban nv	一男半女	1
yi bing bu qi	一病不起	1
yi bai er shi hang	一百二十行	1
yi bai yi	一百亿	1
yi bai ba shi du	一百八十度	1
yi pan san sha	一盘散沙	1
yi mu wu hang	一目五行	1
yi mu shi hang	一目十行	1
yi mu shu hang	一目数行	1
yi zhi zou	一直走	1
yi xiang qing yuan	一相情原	1
yi xiang qing yuan	一相情愿	1
yi ming bu shi	一瞑不视	1
yi zhi ban jian	一知半见	1
yi zhi pian jie	一知片解	1
yi shi er niao	一石二鸟	1
yi ma shi	一码事	1
yi zhuan yi wa	一砖一瓦	1
yi bi wan qing	一碧万顷	1
yi shen jiao	一神教	1
yi bing da gong	一秉大公	1
yi kong yi bang	一空依傍	1
yi wo feng	一窝风	1
yi gan zi cha dao di	一竿子插到底	1
yi xiao liao zhi	一笑了之	1
yi xiao le shi	一笑了事	1
yi bi bu gou	一笔不苟	1
yi bi gou duan	一笔勾断	1
yi bi gou xiao	一笔勾消	1
yi bi gou xiao	一笔勾销	1
yi bi dai guo	一笔带过	1
yi bi mo sa	一笔抹摋	1
yi bi mo sha	一笔抹杀	1
yi bi mo sha	一笔抹煞	1
yi chou mo zhan	一筹莫展	1
yi jian shang duo	一箭上垛	1
yi jian zhi di	一箭之地	1
yi mi xian	一米线	1
yi suo de nan	一索得男	1
yi zhi kong wen	一纸空文	1
yi xian zhi ge	一线之隔	1
yi yuan yi hui	一缘一会	1
yi wang jin sao	一网尽扫	1
yi zhe	一者	1
yi du zi	一肚子	1
yi gu jin	一股劲	1
yi gu jin er	一股劲儿	1
yi zhi yi jie	一肢一节	1
yi zhi ban jie	一肢半节	1
yi mai tong qi	一脉同气	1
yi mai xiang chuan	一脉相传	1
yi mai xiang tong	一脉相通	1
yi mai xiang yan	一脉香烟	1
yi jiao bu yi	一脚不移	1
yi bi zhi li	一臂之力	1
yi ban hua	一般化	1
yi ban jian shi	一般见识	1
yi sou chuan	一艘船	1
yi wei ke hang	一苇可航	1
yi luo qian zhang	一落千丈	1
yi hu bu he	一虎不河	1
yi she liang tou	一蛇两头	1
yi xie bu ru yi xie	一蟹不如一蟹	1
yi xing ren	一行人	1
yi xing zuo li	一行作吏	1
yi huai er lun	一褱而论	1
yi jian liao ran	一见了然	1
yi jian qing xin	一见倾心	1
yi jian ru gu	一见如故	1
yi jian ru jiu	一见如旧	1
yi lan wu yi	一览无遗	1
yi chu ji kui	一触即溃	1
yi yan liang yu	一言两语	1
yi yan sang bang	一言丧邦	1
yi yan zhong di	一言中的	1
yi yan wei ding	一言为定	1
yi yan jiu ding	一言九鼎	1
yi yan xing bang	一言兴邦	1
yi yan ban ju	一言半句	1
yi yan ban yu	一言半语	1
yi yu zhong ren	一语中人	1
yi yu zhong di	一语中的	1
yi yu shuang guan	一语双关	1
yi yu po di	一语破的	1
yi yu dao po	一语道破	1
yi nuo qian jin	一诺千金	1
yi gu bu sheng	一谷不升	1
yi gu bu deng	一谷不登	1
yi bai tu di	一败涂地	1
yi pin ru xi	一贫如洗	1
yi guan xing	一贯性	1
yi zou liao zhi	一走了之	1
yi die bu zhen	一跌不振	1
yi lu ping an	一路平安	1
yi lu shen qi	一路神祇	1
yi lu feng chen	一路风尘	1
yi lu feng qing	一路风清	1
yi cu ke ji	一蹴可几	1
yi cu er de	一蹴而得	1
yi jue bu xing	一蹶不兴	1
yi shen liang tou	一身两头	1
yi shen er ren	一身二任	1
yi shen er er ren	一身而二任	1
yi shen dou shi dan	一身都是胆	1
yi gui tong feng	一轨同风	1
yi hong er san	一轰而散	1
yi ci tong gui	一辞同轨	1
yi ci mo zan	一辞莫赞	1
yi ying yi he	一迎一和	1
yi huan yi bao	一还一报	1
yi lian qi er	一连气儿	1
yi tui liu er wu	一退六二五	1
yi qiu zhi he	一邱之貉	1
yi zui jie qian chou	一醉解千愁	1
yi chong yi yan	一重一掩	1
yi qian bu zhi	一钱不值	1
yi qian bu ming	一钱不名	1
yi qian bu luo xu kong di	一钱不落虚空地	1
yi guo zhou	一锅粥	1
yi chang yi duan	一长一短	1
yi chang liang duan	一长两短	1
yi chang chuan	一长串	1
yi chang er duan	一长二短	1
yi chang ban duan	一长半短	1
yi men tong qi	一门同气	1
yi men xin si	一门心思	1
yi wen san bu zhi	一问三不知	1
yi yu zhi di	一隅之地	1
yi yu zhi jian	一隅之见	1
yi yu zhi shuo	一隅之说	1
yi sha na	一霎那	1
yi mian zhi yuan	一面之缘	1
yi mian zhi shi	一面之识	1
yi mian dao	一面倒	1
yi bian yi tiao hen	一鞭一条痕	1
yi bian xian zhuo	一鞭先著	1
yi feng chui	一风吹	1
yi fei chong tian	一飞冲天	1
yi fan san tu bu	一饭三吐哺	1
yi ma dang xian	一马当先	1
yi duo liang	一驮粮	1
yi gu lu	一骨碌	1
yi lin yi zhao	一鳞一爪	1
yi lin ban zhao	一鳞半爪	1
yi lin pian zhao	一鳞片爪	1
yi lin pian jia	一鳞片甲	1
yi qi zhong chu	一齐众楚	1
yi long yi she	一龙一蛇	1
ding yi mao er	丁一卯二	1
ding yi que er	丁一确二	1
ding ding dang dang	丁丁当当	1
ding chou	丁丑	1
ding dong	丁东	1
ding hai	丁亥	1
ding gong zao jing	丁公凿井	1
ding gong teng	丁公藤	1
ding dong	丁冬	1
ding mao	丁卯	1
ding ba	丁坝	1
ding zi	丁字	1
ding zi chi	丁字尺	1
ding zi xing	丁字形	1
ding zi jie	丁字街	1
ding ning	丁宁	1
ding dang	丁当	1
ding you	丁忧	1
ding wei	丁未	1
ding dian er	丁点儿	1
ding jian	丁艰	1
ding ling	丁零	1
ding ling dang lang	丁零当啷	1
ding xiang hua	丁香花	1
qi shang ba xia	七上八下	1
qi shang ba luo	七上八落	1
qi le ba dang	七了八当	1
qi shi er hang	七十二行	1
qi ye yi zhi hua	七叶一枝花	1
qi ye shu	七叶树	1
qi da ba xiao	七大八小	1
qi da zhou	七大洲	1
qi chi zhi qu	七尺之躯	1
qi kai ba de	七开八得	1
qi qing liu yu	七情六欲	1
qi zhe ba kou	七折八扣	1
qi dan ba nuo	七担八挪	1
qi la ba che	七拉八扯	1
qi gong ba qiao	七拱八翘	1
qi qin qi zong	七擒七纵	1
qi leng ba ban	七棱八瓣	1
qi heng ba shu	七横八竖	1
qi ci liang yi yi ci cai	七次量衣一次裁	1
qi bu ba cha	七步八叉	1
qi bing ba dao	七病八倒	1
qi xiang wu gong	七相五公	1
qi qiao mao huo	七窍冒火	1
qi zong qi qin	七纵七擒	1
qi zong qi qin	七纵七禽	1
qi zong ba heng	七纵八横	1
qi lao ba dao	七老八倒	1
qi hang ju xia	七行俱下	1
qi yan ba yu	七言八语	1
qi fan huan dan	七返还丹	1
qi chang ba duan	七长八短	1
qi ling ba luo	七零八落	1
qi dian ba dao	七颠八倒	1
wan wan qian qian	万万千千	1
wan zhang shen yuan	万丈深渊	1
wan zhang gao lou ping di qi	万丈高楼平地起	1
wan bu shi yi	万不失一	1
wan bu de yi	万不得已	1
wan shi	万世	1
wan shi yi shi	万世一时	1
wan shi bu yi	万世不易	1
wan shi shi biao	万世师表	1
wan shi wu jiang	万世无疆	1
wan shi liu fang	万世流芳	1
wan shi heng tong	万事亨通	1
wan shi ju bei	万事俱备	1
wan shi da ji	万事大吉	1
wan shi tong	万事通	1
wan ren zhi di	万人之敌	1
wan ren keng	万人坑	1
wan ren kong xiang	万人空巷	1
wan dai qian qiu	万代千秋	1
wan zhong yi xin	万众一心	1
mo qi	万俟	1
wan er ba qian	万儿八千	1
wan quan	万全	1
wan quan zhi ce	万全之策	1
wan quan zhi ji	万全之计	1
wan bie qian cha	万别千差	1
wan jie bu fu	万劫不复	1
wan juan	万卷	1
wan bian bu li qi zong	万变不离其宗	1
wan kou yi ci	万口一词	1
wan kou yi tan	万口一谈	1
wan kou yi ci	万口一辞	1
wan gu qian qiu	万古千秋	1
wan gu liu fang	万古流芳	1
wan gu liu fang	万古留芳	1
wan gu chang cun	万古长存	1
wan gu chang chun	万古长春	1
wan gu chang qing	万古长青	1
wan he zheng liu	万壑争流	1
wan he qian yan	万壑千岩	1
wan fu bu dang	万夫不当	1
wan fu bu dang zhi yong	万夫不当之勇	1
wan fu mo dang	万夫莫当	1
wan tou cuan dong	万头攒动	1
wan an	万安	1
wan jia deng huo	万家灯火	1
wan jia sheng fo	万家生佛	1
wan shou wu jiang	万寿无疆	1
wan sui qian qiu	万岁千秋	1
wan nian wu jiang	万年无疆	1
wan nian qing	万年青	1
wan ying ling dan	万应灵丹	1
wan ying ding	万应锭	1
wan nian ju ji	万念俱寂	1
wan nian ju hui	万念俱灰	1
wan hen qian chou	万恨千愁	1
wan hu hou	万户侯	1
wan hu qian men	万户千门	1
wan you	万有	1
wan you yin li	万有引力	1
wan ji	万机	1
wan si	万死	1
wan si yi sheng	万死一生	1
wan si bu ci	万死不辞	1
wan si you qing	万死犹轻	1
wan min	万民	1
wan min tu tan	万民涂炭	1
wan shui qian shan	万水千山	1
wan liu jing yang	万流景仰	1
wan wu zhi ling	万物之灵	1
wan zhuang	万状	1
wan mu ya zi	万目睚眦	1
wan mu kui kui	万目睽睽	1
wan fu	万福	1
wan duan	万端	1
wan qian cha jia	万签插架	1
wan jian cuan xin	万箭攒心	1
wan jian chuan xin	万箭穿心	1
wan lai	万籁	1
wan lai ju ji	万籁俱寂	1
wan lai wu sheng	万籁无声	1
wan zi qian hong	万紫千红	1
wan xu qian tou	万绪千头	1
wan xu qian duan	万绪千端	1
wan lv qian si	万缕千丝	1
wan neng jiao	万能胶	1
wan hua tong	万花筒	1
wan ku qian xin	万苦千辛	1
wan yu qian yan	万语千言	1
wan xiang geng xin	万象更新	1
wan xiang sen luo	万象森罗	1
wan guan	万贯	1
wan guan jia si	万贯家私	1
wan guan jia cai	万贯家财	1
wan lai ju ji	万赖俱寂	1
wan lai wu sheng	万赖无声	1
wan zai qian qiu	万载千秋	1
wan xuan qing qian	万选青钱	1
wan li wu yun	万里无云	1
wan li tiao tiao	万里迢迢	1
wan li chang cheng	万里长城	1
wan li chang zheng	万里长征	1
wan li peng cheng	万里鹏程	1
wan li peng yi	万里鹏翼	1
wan jin	万金	1
wan jin you	万金油	1
wan nan	万难	1
wan qing	万顷	1
wan ma ben teng	万马奔腾	1
wan ma qi yin	万马齐喑	1
zhang er he shang	丈二和尚	1
zhang ba she mao	丈八蛇矛	1
zhang liang	丈量	1
san bu niu liu	三不拗六	1
san bu zhi	三不知	1
san bu guan	三不管	1
san ge shi jie	三个世界	1
san ge mian xiang	三个面向	1
san chan	三产	1
san qin liu gu	三亲六故	1
san qin liu juan	三亲六眷	1
san qin si juan	三亲四眷	1
san ren wei zhong	三人为众	1
san cong si de	三从四德	1
san ling wu shen	三令五申	1
san yu du shu	三余读书	1
san ba zuo feng	三八作风	1
san ba fu nv jie	三八妇女节	1
san ba jie	三八节	1
san liu jiu deng	三六九等	1
san fen ding li	三分鼎立	1
san fen ding zu	三分鼎足	1
san fu	三副	1
san bei	三北	1
san shi er	三十儿	1
san shi liu ce	三十六策	1
san shi liu hang	三十六行	1
san shi liu ji	三十六计	1
san zhan cong er	三占从二	1
san cha ji	三叉戟	1
san ju bu li ben hang	三句不离本行	1
san ju hua bu li ben hang	三句话不离本行	1
san zhi shou	三只手	1
san tai ba zuo	三台八座	1
san ye chong	三叶虫	1
san he	三合	1
san he hui	三合会	1
san he tu	三合土	1
san he fang	三合房	1
san he ban	三合板	1
san tu san wo	三吐三握	1
san hui jiu zhuan	三回九转	1
san da zuo feng	三大作风	1
san da cha bie	三大差别	1
san da zhan yi	三大战役	1
san da zheng ce	三大政策	1
san da fa bao	三大法宝	1
san tian liang xiu	三天两宿	1
san fu zhi dui	三夫之对	1
san fu zhi yan	三夫之言	1
san fu cheng shi hu	三夫成市虎	1
san tou liang ri	三头两日	1
san tou liang xu	三头两绪	1
san tou liang mian	三头两面	1
san tou ba bi	三头八臂	1
san tou liu bi	三头六臂	1
san tou liu zheng	三头六证	1
san tou liu mian	三头六面	1
san tou dui an	三头对案	1
san hao	三好	1
san hao liang qian	三好两歉	1
san hao liang dai	三好两歹	1
san hao er qie	三好二怯	1
san hao sheng	三好生	1
san qi si qie	三妻四妾	1
san gu liu po	三姑六婆	1
san mei liu zheng	三媒六证	1
san gong liu yuan	三宫六院	1
san jia cun	三家村	1
san cun bu lan zhi she	三寸不烂之舌	1
san dui liu mian	三对六面	1
san shi bao tiao	三尸暴跳	1
san cha lu kou	三岔路口	1
san cha liang cuo	三差两错	1
san cha wu cuo	三差五错	1
san nian wu zai	三年五载	1
san nian hua bi	三年化碧	1
san zuo da shan	三座大山	1
san xi cheng dou	三徙成都	1
san si er hou xing	三思而后行	1
san si er xing	三思而行	1
san zhan san bei	三战三北	1
san hu wang qin	三户亡秦	1
san zhe gong	三折肱	1
san zhe gong wei liang yi	三折肱为良医	1
san quan bu di si shou	三拳不敌四手	1
san tui liu wen	三推六问	1
san jiao	三教	1
san jiao jiu liu	三教九流	1
san zhi xiang gong	三旨相公	1
san xun jiu shi	三旬九食	1
san geng ban ye	三更半夜	1
san yue san	三月三	1
san yue bu zhi rou wei	三月不知肉味	1
san chao wu ri	三朝五日	1
san chao yuan lao	三朝元老	1
san qi xian ning	三期贤佞	1
san quan fen li	三权分立	1
san bei tong da dao	三杯通大道	1
san leng jing	三棱镜	1
san bang ding an	三榜定案	1
san jiang qi ze	三江七泽	1
san tang liang ge	三汤两割	1
san tang wu ge	三汤五割	1
san mu san xun	三沐三熏	1
san zai ba nan	三灾八难	1
san zai liu nan	三灾六难	1
san dian shi	三点式	1
san xun san mu	三熏三沐	1
san ban dao	三班倒	1
san ban liu fang	三班六房	1
san wa liang xiang	三瓦两巷	1
san wa liang she	三瓦两舍	1
san sheng you xing	三生有幸	1
san fan liang ci	三番两次	1
san fan wu ci	三番五次	1
san bai liu shi hang	三百六十行	1
san xing wu shen	三省吾身	1
san ji tiao yuan	三级跳远	1
san jie he	三结合	1
san jian qi kou	三缄其口	1
san lao wu geng	三老五更	1
san lao si shao	三老四少	1
san lian dan	三联单	1
san jiao mao	三脚猫	1
san ni ba zu	三臡八菹	1
san se jin	三色堇	1
san jie	三节	1
san jie liang shou	三节两寿	1
san cha liu li	三茶六礼	1
san cha liu fan	三茶六饭	1
san zang	三藏	1
san she qi shu	三蛇七鼠	1
san xing	三行	1
san jie liu xiang	三街六巷	1
san jie liu shi	三街六市	1
san jiao zhai	三角债	1
san jiao han shu	三角函数	1
san jiao xue	三角学	1
san jiao lian ai	三角恋爱	1
san jiao ban	三角板	1
san jiao ku cha	三角裤衩	1
san jiao tie	三角铁	1
san yan liang ju	三言两句	1
san yan liang yu	三言两语	1
san lun er	三轮儿	1
san qian zhi jiao	三迁之教	1
san guo qi men er bu ru	三过其门而不入	1
san lian guan	三连冠	1
san chong chang	三重唱	1
san chang liang duan	三长两短	1
san chang si duan	三长四短	1
san mian hong qi	三面红旗	1
san feng shi qian	三风十愆	1
san shou liu bi	三首六臂	1
san ma tong cao	三马同槽	1
san xian	三鲜	1
shang xia yi xin	上下一心	1
shang xia jiao kun	上下交困	1
shang xia qi shou	上下其手	1
shang xia tong xin	上下同心	1
shang xia tong yu	上下同欲	1
shang xia tong men	上下同门	1
shang xia chuang	上下床	1
shang xia shui	上下水	1
shang xia ji	上下级	1
shang shi	上世	1
shang zhong nong	上中农	1
shang ju	上举	1
shang jiao bu chan	上交不谄	1
shang jing	上京	1
shang ren	上人	1
shang dai	上代	1
shang ti	上体	1
shang gong	上供	1
shang yuan	上元	1
shang yuan jie	上元节	1
shang guang	上光	1
shang bing	上兵	1
shang bing fa mou	上兵伐谋	1
shang dong	上冻	1
shang xing	上刑	1
shang lie	上列	1
shang jin	上劲	1
shang qin xia shun	上勤下顺	1
shang yi yi guo	上医医国	1
shang ban ye	上半夜	1
shang ban tian	上半天	1
shang ban shi	上半时	1
shang ban shang	上半晌	1
shang ban yue	上半月	1
shang nan luo bei	上南落北	1
shang juan	上卷	1
shang kou	上口	1
shang ye	上叶	1
shang tu xia xie	上吐下泻	1
shang gao	上告	1
shang hu xi dao	上呼吸道	1
shang he xia mu	上和下睦	1
shang chun	上唇	1
shang chang men	上场门	1
shang fen	上坟	1
shang po lu	上坡路	1
shang tang	上堂	1
shang shi	上士	1
shang sheng	上声	1
shang ye	上夜	1
shang tian ru di	上天入地	1
shang zou	上奏	1
shang tao	上套	1
shang hao xia shen	上好下甚	1
shang man xia bao	上嫚下暴	1
shang ke	上客	1
shang bin	上宾	1
shang shou	上寿	1
shang ceng she hui	上层社会	1
shang shan xia xiang	上山下乡	1
shang sui shu	上岁数	1
shang feng	上峰	1
shang gong	上工	1
shang nian ji	上年纪	1
shang zuo	上座	1
shang zuo er	上座儿	1
shang zuo lv	上座率	1
shang xian	上弦	1
shang dang xue guai	上当学乖	1
shang qing	上情	1
shang qing xia da	上情下达	1
shang gan	上感	1
shang man xia bao	上慢下暴	1
shang fang	上房	1
shang tui xia xie	上推下卸	1
shang yuan xia tui	上援下推	1
shang cao	上操	1
shang fang jian	上方剑	1
shang fang bao jian	上方宝剑	1
shang zhi xia yu	上智下愚	1
shang ti xia ling	上替下陵	1
shang chao	上朝	1
shang lin	上林	1
shang shu ba ti	上树拔梯	1
shang gen da qi	上根大器	1
shang dang ci	上档次	1
shang liang	上梁	1
shang liang bu zheng xia liang wai	上梁不正下梁歪	1
shang lou qu ti	上楼去梯	1
shang kuan	上款	1
shang qi bu jie xia qi	上气不接下气	1
shang shui	上水	1
shang you	上油	1
shang liu	上流	1
shang yi xia lou	上溢下漏	1
shang su	上溯	1
shang lou xia shi	上漏下湿	1
shang zheng xia bao	上烝下报	1
shang jiao	上焦	1
shang jie	上界	1
shang shu	上疏	1
shang xiang	上相	1
shang shui	上税	1
shang cuan xia tiao	上窜下跳	1
shang gan duo ti	上竿掇梯	1
shang deng	上等	1
shang deng bing	上等兵	1
shang suan	上算	1
shang pian shang lun	上篇上论	1
shang cu	上簇	1
shang fen	上粪	1
shang jin	上紧	1
shang gang	上纲	1
shang fei	上肥	1
shang lian	上脸	1
shang biao	上膘	1
shang tang	上膛	1
shang yao	上药	1
shang zheng xia bao	上蒸下报	1
shang la	上蜡	1
shang hang	上行	1
shang xing xia xiao	上行下效	1
shang xi tian	上西天	1
shang ji	上计	1
shang chan xia du	上谄下渎	1
shang yu	上谕	1
shang zhang	上账	1
shang huo	上货	1
shang cuan xia tiao	上蹿下跳	1
shang gui dao	上轨道	1
shang bei	上辈	1
shang da	上达	1
shang xuan	上选	1
shang suo	上锁	1
shang shuan	上闩	1
shang yuan	上院	1
shang ling xia ti	上陵下替	1
shang ji	上集	1
shang yu pang feng	上雨旁风	1
shang xie	上鞋	1
shang e	上颚	1
shang shou	上首	1
shang xiang	上香	1
xia bu wei li	下不为例	1
xia bu liao tai	下不了台	1
xia bu lai tai	下不来台	1
xia zhong nong	下中农	1
xia sheng	下乘	1
xia jing tou shi	下井投石	1
xia gong fu	下功夫	1
xia jin	下劲	1
xia ban shi	下半时	1
xia ban yue	下半月	1
xia juan	下卷	1
xia tong	下同	1
xia yan	下咽	1
xia hui fen jie	下回分解	1
xia di	下地	1
xia chang men	下场门	1
xia ta	下塌	1
xia sai shang long	下塞上聋	1
xia chu	下处	1
xia da li qi	下大力气	1
xia tou	下头	1
xia xue shang da	下学上达	1
xia ba ke	下巴颏	1
xia tie	下帖	1
xia qing shang da	下情上达	1
xia yu bu yi	下愚不移	1
xia bo	下拨	1
xia du	下毒	1
xia mao mao yu	下毛毛雨	1
xia xie	下泄	1
xia shen	下渗	1
xia qian	下潜	1
xia hen xin	下狠心	1
xia yan pi	下眼皮	1
xia li bai	下礼拜	1
xia zhong	下种	1
xia bi you shen	下笔有神	1
xia che zhi shi	下车之始	1
xia che yi shi	下车伊始	1
xia che zuo wei	下车作威	1
xia che qi zui	下车泣罪	1
xia zhu ke ling	下逐客令	1
xia ling shang ti	下陵上替	1
xia ji	下集	1
xia ma feng fu	下马冯妇	1
xia ma kan hua	下马看花	1
bu yi ding	不一定	1
bu yi yang	不一样	1
bu yi er zu	不一而足	1
bu san bu si	不三不四	1
bu shang bu xia	不上不下	1
bu shang bu luo	不上不落	1
bu xia yu	不下于	1
bu shi zhi ye	不世之业	1
bu shi zhi gong	不世之功	1
bu zhong yong	不中用	1
bu feng bu jian	不丰不俭	1
bu feng bu sha	不丰不杀	1
bu dan	不丹	1
bu wei wu dou mi zhe yao	不为五斗米折腰	1
bu wei ming bu wei li	不为名不为利	1
bu wei yi shen	不为已甚	1
bu wei wa quan	不为瓦全	1
bu zhu gu chang	不主故常	1
bu yi	不义	1
bu yi zhi cai	不义之财	1
bu fa xian li	不乏先例	1
bu fa qi ren	不乏其人	1
bu fa qi li	不乏其例	1
bu xi di tu	不习地土	1
bu xi shui tu	不习水土	1
bu liao bu dang	不了不当	1
bu liao er liao	不了而了	1
bu zheng qi	不争气	1
bu shi bian fu	不事边幅	1
bu er jia	不二价	1
bu er fa men	不二法门	1
bu kang bu bei	不亢不卑	1
bu yi	不亦	1
bu yi shan fu	不亦善夫	1
bu yi yue hu	不亦说乎	1
bu ren dao	不人道	1
bu ren	不仁	1
bu jin bu gu	不今不古	1
bu jie yi	不介意	1
bu yi yi sheng yan da de	不以一眚掩大德	1
bu yi wei qi	不以为奇	1
bu yi wei yi	不以为意	1
bu yi wei chi	不以为耻	1
bu yi ren fei yan	不以人废言	1
bu yi yu ren	不以语人	1
bu yi ci hai zhi	不以辞害志	1
bu fu shao mai	不伏烧埋	1
bu shang pi wei	不伤脾胃	1
bu zuo sheng	不作声	1
bu ning	不佞	1
bu yi	不依	1
bu bian shui tu	不便水土	1
bu xin xie	不信邪	1
bu xiu	不修	1
bu xiu xiao jie	不修小节	1
bu xiu bian fu	不修边幅	1
bu dao weng	不倒翁	1
bu juan	不倦	1
bu zhi yi shen	不值一哂	1
bu zhi yi ti	不值一提	1
bu zhi yi xiao	不值一笑	1
bu zhi yi qian	不值一钱	1
bu zhi yi gu	不值一顾	1
bu zhi yi bo	不值一驳	1
bu zhi shi zhe yi xiao	不值识者一笑	1
bu pian bu yi	不偏不倚	1
bu pian bu dang	不偏不党	1
bu zuo bu xiu	不做不休	1
bu zuo sheng	不做声	1
bu chou bu cai	不偢不倸	1
bu xiang hua	不像话	1
bu seng bu su	不僧不俗	1
bu ke	不克	1
bu ru shi yi	不入时宜	1
bu gong dai tian	不共戴天	1
bu guan tong yang	不关痛痒	1
bu guan jin yao	不关紧要	1
bu xing	不兴	1
bu leng bu re	不冷不热	1
bu dong gang	不冻港	1
bu liang bu suan	不凉不酸	1
bu chu suo liao	不出所料	1
bu fen bo zhong	不分伯仲	1
bu fen bi ci	不分彼此	1
bu fen yu shi	不分玉石	1
bu fen zhen yu	不分畛域	1
bu fen zao bai	不分皂白	1
bu fen xuan zhi	不分轩轾	1
bu fen qing bai	不分青白	1
bu fen qing hong zao bai	不分青红皂白	1
bu qie ti	不切题	1
bu kan zhi shu	不刊之书	1
bu kan zhi dian	不刊之典	1
bu kan zhi lun	不刊之论	1
bu kan zhi shuo	不刊之说	1
bu dao wei	不到位	1
bu dao chang cheng fei hao han	不到长城非好汉	1
bu dao huang he xin bu si	不到黄河心不死	1
bu wu kong ming	不务空名	1
bu lie fang tou	不劣方头	1
bu dong ru shan	不动如山	1
bu lao er cheng	不劳而成	1
bu lao er huo	不劳而获	1
bu qin er huo	不勤而获	1
bu bei bu kang	不卑不亢	1
bu ji bu li	不即不离	1
bu yan qi fan	不厌其繁	1
bu yan qi xiang	不厌其详	1
bu ji zhi fa	不及之法	1
bu ji ge	不及格	1
bu shou huan ying de ren	不受欢迎的人	1
bu bian jia ge	不变价格	1
bu bian zi ben	不变资本	1
bu gu bu jin	不古不今	1
bu ke xiang er	不可乡迩	1
bu ke qi ji	不可企及	1
bu ke pian fei	不可偏废	1
bu ke fen	不可分	1
bu ke dong yao	不可动摇	1
bu ke tong ri er yu	不可同日而语	1
bu ke ming zhuang	不可名状	1
bu ke xiang er	不可向迩	1
bu ke nai he	不可奈何	1
bu ke zhuo mo	不可捉摸	1
bu ke kui duo	不可揆度	1
bu ke mo zhuo	不可摸捉	1
bu ke shou shi	不可收拾	1
bu ke jiu liao	不可救疗	1
bu ke jiu yao	不可救药	1
bu ke jiao xun	不可教训	1
bu ke mei ju	不可枚举	1
bu ke zhi lun	不可知论	1
bu ke mo mie	不可磨灭	1
bu ke jiu jie	不可究诘	1
bu ke duan ni	不可端倪	1
bu ke zhong ri	不可终日	1
bu ke sheng ju	不可胜举	1
bu ke sheng shu	不可胜数	1
bu ke sheng suan	不可胜算	1
bu ke sheng ji	不可胜纪	1
bu ke sheng yan	不可胜言	1
bu ke sheng ji	不可胜计	1
bu ke sheng ji	不可胜记	1
bu ke sheng dao	不可胜道	1
bu ke neng shi jian	不可能事件	1
bu ke yan chuan	不可言传	1
bu ke yan yu	不可言喻	1
bu ke yan xuan	不可言宣	1
bu ke yan zhuang	不可言状	1
bu ke zao ci	不可造次	1
bu ke yu yue	不可逾越	1
bu ke xian liang	不可限量	1
bu chi yan huo shi	不吃烟火食	1
bu tong dai tian	不同戴天	1
bu tong liu su	不同流俗	1
bu ming yi wen	不名一文	1
bu ming yi ge	不名一格	1
bu ming yi qian	不名一钱	1
bu ming yu	不名誉	1
bu tu bu ru	不吐不茹	1
bu lin zhi jiao	不吝指教	1
bu lin zhu yu	不吝珠玉	1
bu lin ci jiao	不吝赐教	1
bu han hu	不含糊	1
bu zhou	不周	1
bu zhou yan	不周延	1
bu jiu ji wang	不咎既往	1
bu xian bu dan	不咸不淡	1
bu heng bu ha	不哼不哈	1
bu chi	不啻	1
bu chi tian yuan	不啻天渊	1
bu yin bu you	不因不由	1
bu yin ren re	不因人热	1
bu tu	不图	1
bu zai yi	不在意	1
bu kan ru mu	不堪入目	1
bu kan ru er	不堪入耳	1
bu kan qi you	不堪其忧	1
bu kan yan zhuang	不堪言状	1
bu kan zao jiu	不堪造就	1
bu sheng bu keng	不声不吭	1
bu sheng bu xiang	不声不响	1
bu sheng bu qi	不声不气	1
bu yi er san	不壹而三	1
bu yi er zu	不壹而足	1
bu bei	不备	1
bu fu kan ming	不复堪命	1
bu wai	不外	1
bu ye cheng	不夜城	1
bu da fang bian	不大方便	1
bu da li	不大离	1
bu shi gui cuo	不失圭撮	1
bu shi hao li	不失毫厘	1
bu shi shu lei	不失黍絫	1
bu yi bu hui	不夷不惠	1
bu nai zhi he	不奈之何	1
bu hao re	不好惹	1
bu hao kan	不好看	1
bu ru gui qu	不如归去	1
bu ru yi	不如意	1
bu kui xia xue	不媿下学	1
bu cun bu ji	不存不济	1
bu cun jie di	不存芥蒂	1
bu xue wu shu	不学无术	1
bu xue wu shi	不学无识	1
bu ning	不宁	1
bu ning wei shi	不宁唯是	1
bu an yu wei	不安于位	1
bu an yu shi	不安于室	1
bu an qi shi	不安其室	1
bu an fen	不安分	1
bu ding ji fen	不定积分	1
bu shi zhi ci	不实之词	1
bu ke qi	不客气	1
bu xuan er zhan	不宣而战	1
bu rong fen shuo	不容分说	1
bu rong zhi hui	不容置喙	1
bu rong zhi bian	不容置辩	1
bu mei	不寐	1
bu dui wei er	不对味儿	1
bu dui tou	不对头	1
bu dui cha er	不对茬儿	1
bu gan bu ga	不尴不尬	1
bu jin ran	不尽然	1
bu xie yi du	不屑一读	1
bu xie yu	不屑于	1
bu xie yi	不屑意	1
bu xie jiao hui	不屑教诲	1
bu xie hui yu	不屑毁誉	1
bu cha shang xia	不差上下	1
bu cha shen me	不差什么	1
bu cha hao li	不差毫厘	1
bu cha hao fa	不差毫发	1
bu cha lei shu	不差累黍	1
bu gan bu jing	不干不净	1
bu ping ze ming	不平则鸣	1
bu ping deng tiao yue	不平等条约	1
bu xing er yan zhong	不幸而言中	1
bu fei jiang he	不废江河	1
bu kai yan	不开眼	1
bu qi cao mei	不弃草昧	1
bu dang bu zheng	不当不正	1
bu dang ren zi	不当人子	1
bu dai	不待	1
bu dai shi gui	不待蓍龟	1
bu xun si qing	不徇私情	1
bu xu bu ji	不徐不疾	1
bu de bu er	不得不尔	1
bu de le	不得了	1
bu de ren xin	不得人心	1
bu de qi suo	不得其所	1
bu de qi si	不得其死	1
bu de jin	不得劲	1
bu de shan zhong	不得善终	1
bu de yi er wei zhi	不得已而为之	1
bu de yi er yong zhi	不得已而用之	1
bu de kai jiao	不得开交	1
bu de zhi	不得志	1
bu de yao ling	不得要领	1
bu de wei wu	不得违误	1
bu ren zu du	不忍卒读	1
bu wang su zhi	不忘宿志	1
bu wang gu jiu	不忘故旧	1
bu wang gou he	不忘沟壑	1
bu mang bu bao	不忙不暴	1
bu zhi bu qiu	不忮不求	1
bu nian seng mian nian fo mian	不念僧面念佛面	1
bu nian jiu e	不念旧恶	1
bu fen	不忿	1
bu ji zhi wu	不急之务	1
bu xu	不恤	1
bu xu ren yan	不恤人言	1
bu gong	不恭	1
bu e er yan	不恶而严	1
bu fei bu fa	不悱不发	1
bu qing zhi qing	不情之请	1
bu huo	不惑	1
bu huo zhi nian	不惑之年	1
bu xi yi qie dai jia	不惜一切代价	1
bu xi gong ben	不惜工本	1
bu wei	不惟	1
bu yi	不意	1
bu fen bu qi	不愤不启	1
bu kui xia xue	不愧下学	1
bu kui bu zuo	不愧不作	1
bu kui bu zuo	不愧不怍	1
bu kui wu lou	不愧屋漏	1
bu huang bu mang	不慌不忙	1
bu dong zhuang dong	不懂装懂	1
bu cheng san wa	不成三瓦	1
bu cheng ti tong	不成体统	1
bu cheng qi	不成器	1
bu cheng cai	不成才	1
bu cheng wen fa	不成文法	1
bu cheng fang yuan	不成方圆	1
bu cheng hua	不成话	1
bu zhan er sheng	不战而胜	1
bu zhan er xiang	不战而降	1
bu cai	不才	1
bu da bu xiang shi	不打不相识	1
bu da jin	不打紧	1
bu da zi zhao	不打自招	1
bu yang	不扬	1
bu kang bu bei	不抗不卑	1
bu hu xi xing	不护细行	1
bu ba yi mao	不拔一毛	1
bu ba zhi zhi	不拔之志	1
bu ju	不拘	1
bu ju yi ge	不拘一格	1
bu ju xiao jie	不拘小节	1
bu ju xing ji	不拘形迹	1
bu ju xi jie	不拘细节	1
bu ju xi xing	不拘细行	1
bu ze sheng leng	不择生冷	1
bu an jun chen	不按君臣	1
bu tiao zhi zu	不挑之祖	1
bu nao bu qu	不挠不屈	1
bu nao bu zhe	不挠不折	1
bu chuai mao mei	不揣冒昧	1
bu jiu bu cai	不揪不採	1
bu jiu bu cai	不揪不睬	1
bu jiu bu cai	不揪不采	1
bu mo tou	不摸头	1
bu qin er mao	不擒二毛	1
bu gai qi le	不改其乐	1
bu gong zi po	不攻自破	1
bu min	不敏	1
bu jiao zhi jiao	不教之教	1
bu jiao er sha	不教而杀	1
bu jiao er zhu	不教而诛	1
bu gan wei tian xia xian	不敢为天下先	1
bu gan hou ren	不敢后人	1
bu gan gao lao	不敢告劳	1
bu gan lve mei	不敢掠美	1
bu gan pang wu	不敢旁骛	1
bu gan zi zhuan	不敢自专	1
bu gan gou tong	不敢苟同	1
bu gan yue lei chi yi bu	不敢越雷池一步	1
bu gan zao ci	不敢造次	1
bu gan wen jin	不敢问津	1
bu gan gao pan	不敢高攀	1
bu wen	不文	1
bu wen bu wu	不文不武	1
bu duan ru dai	不断如带	1
bu fang bian	不方便	1
bu xuan zhong	不旋踵	1
bu wu xiao bu	不无小补	1
bu ri	不日	1
bu ri bu yue	不日不月	1
bu shi zhi xu	不时之需	1
bu shi zhi xu	不时之须	1
bu yi yi zi	不易一字	1
bu yi zhi dian	不易之典	1
bu yi zhi lun	不易之论	1
bu shi yuan jia bu ju tou	不是冤家不聚头	1
bu shi wei er	不是味儿	1
bu xiao shi wu	不晓世务	1
bu zhi	不智	1
bu xia	不暇	1
bu geng shi	不更事	1
bu fu qi	不服气	1
bu fu shui tu	不服水土	1
bu qi	不期	1
bu qi xiu gu	不期修古	1
bu qi ran er ran	不期然而然	1
bu qi er hui	不期而会	1
bu qi er tong	不期而同	1
bu qi er ran	不期而然	1
bu qi er yu	不期而遇	1
bu guo	不果	1
bu ran yi chen	不染一尘	1
bu zhi jin shi	不栉进士	1
bu gen zhi lun	不根之论	1
bu gen zhi tan	不根之谈	1
bu jian	不检	1
bu ci zhi wei	不次之位	1
bu ci zhi qian	不次之迁	1
bu huan er san	不欢而散	1
bu qi wu lou	不欺屋漏	1
bu qi an shi	不欺暗室	1
bu qi an shi	不欺闇室	1
bu zheng chang	不正常	1
bu zheng dang jing zheng	不正当竞争	1
bu bu ren jiao	不步人脚	1
bu si bu huo	不死不活	1
bu mao	不毛	1
bu mao zhi di	不毛之地	1
bu qiu shen jie	不求甚解	1
bu qiu wen da	不求闻达	1
bu zhi zhi zheng	不治之症	1
bu fa zhi tu	不法之徒	1
bu fa gu bu xiu jin	不法古不修今	1
bu fa chang ke	不法常可	1
bu ce zhi you	不测之忧	1
bu ce zhi huo	不测之祸	1
bu ce zhi zui	不测之罪	1
bu ji shi	不济事	1
bu xiao	不消	1
bu xiao shuo	不消说	1
bu dian er	不点儿	1
bu shuang hao fa	不爽毫发	1
bu shuang lei shu	不爽累黍	1
bu mu zhi di	不牧之地	1
bu fan	不犯	1
bu fan zhao	不犯着	1
bu du	不独	1
bu wo bu ga	不猧不魀	1
bu gan hou ren	不甘后人	1
bu gan ji mo	不甘寂寞	1
bu gan xin	不甘心	1
bu gan shi ruo	不甘示弱	1
bu gan ci fu	不甘雌伏	1
bu shen liao liao	不甚了了	1
bu sheng bu mie	不生不灭	1
bu yong shuo	不用说	1
bu you fen shuo	不由分说	1
bu liu yu di	不留余地	1
bu ji bu xu	不疾不徐	1
bu tong bu yang	不痛不痒	1
bu chi bu long	不痴不聋	1
bu wen bu huo	不瘟不火	1
bu deng da ya	不登大雅	1
bu deng da ya zhi tang	不登大雅之堂	1
bu bai zhi yuan	不白之冤	1
bu zhi yi wen	不直一文	1
bu zhi yi qian	不直一钱	1
bu xiang wei mou	不相为谋	1
bu xiang gan	不相干	1
bu xiang chen	不相称	1
bu xiang wen wen	不相问闻	1
bu xiang wen wen	不相闻问	1
bu xing ren shi	不省人事	1
bu kan seng mian kan fo mian	不看僧面看佛面	1
bu zhuo teng re	不着疼热	1
bu zhuo bian ji	不着边际	1
bu chou bu cai	不瞅不睬	1
bu gu bu long	不瞽不聋	1
bu jin bu fa	不矜不伐	1
bu jin xi xing	不矜细行	1
bu zhi ding dong	不知丁董	1
bu zhi shi wu	不知世务	1
bu zhi ren jian you xiu chi shi	不知人间有羞耻事	1
bu zhi fan ji	不知凡几	1
bu zhi li hai	不知利害	1
bu zhi qu xiang	不知去向	1
bu zhi tian gao di hou	不知天高地厚	1
bu zhi tou nao	不知头脑	1
bu zhi hao dai	不知好歹	1
bu zhi qin shi	不知寝食	1
bu zhi jiu li	不知就里	1
bu zhi suo yi	不知所以	1
bu zhi suo chu	不知所出	1
bu zhi suo cuo	不知所厝	1
bu zhi suo ke	不知所可	1
bu zhi suo zhong	不知所终	1
bu zhi suo yan	不知所言	1
bu zhi suo cuo	不知所错	1
bu zhi si huo	不知死活	1
bu zhi shen qian	不知深浅	1
bu zhi gan ku	不知甘苦	1
bu zhi teng yang	不知疼痒	1
bu zhi tong yang	不知痛痒	1
bu zhi duan ni	不知端倪	1
bu zhi ji ji	不知纪极	1
bu zhi lao zhi jiang zhi	不知老之将至	1
bu zhi zhe bu zui	不知者不罪	1
bu zhi rou wei	不知肉味	1
bu zhi zi ai	不知自爱	1
bu zhi zi liang	不知自量	1
bu zhi ding dong	不知薡蕫	1
bu zhi qi dao	不知起倒	1
bu zhi qing zhong	不知轻重	1
bu zhi jin tui	不知进退	1
bu zhi dian dao	不知颠倒	1
bu zhi gao xia	不知高下	1
bu zhi gao di	不知高低	1
bu po bu li	不破不立	1
bu que	不确	1
bu ai	不碍	1
bu lin bu zi	不磷不缁	1
bu xiang zhi zhao	不祥之兆	1
bu tiao zhi zong	不祧之宗	1
bu tiao zhi zu	不祧之祖	1
bu jin bu you	不禁不由	1
bu lang bu you	不稂不莠	1
bu jia bu se	不稼不穑	1
bu li wen zi	不立文字	1
bu duan	不端	1
bu deng jia jiao huan	不等价交换	1
bu deng hao	不等号	1
bu deng shi	不等式	1
bu guan yi er	不管一二	1
bu guan san qi er shi yi	不管三七二十一	1
bu guan bu gu	不管不顾	1
bu nian guo	不粘锅	1
bu chun	不纯	1
bu jing shi gu	不经世故	1
bu jing zhi yu	不经之语	1
bu jing zhi shuo	不经之说	1
bu jing zhi tan	不经之谈	1
bu jie meng guo jia	不结盟国家	1
bu jie meng yun dong	不结盟运动	1
bu jue ru fa	不绝如发	1
bu jue ru dai	不绝如带	1
bu jue ru xian	不绝如线	1
bu jue ru lv	不绝如缕	1
bu jue ruo xian	不绝若线	1
bu zhi bao bian	不置褒贬	1
bu ji zhi cai	不羁之才	1
bu ji zhi min	不羁之民	1
bu xiu dang mian	不羞当面	1
bu xi shui tu	不習水土	1
bu yi er fei	不翼而飞	1
bu lao shao	不老少	1
bu chi	不耻	1
bu chi xia wen	不耻下问	1
bu chi zui hou	不耻最后	1
bu xiao	不肖	1
bu xiao zi	不肖子	1
bu xiao zi sun	不肖子孙	1
bu sheng qi ren	不胜其任	1
bu sheng qi fan	不胜其烦	1
bu sheng qi ku	不胜其苦	1
bu sheng bei shao	不胜杯杓	1
bu sheng mei ju	不胜枚举	1
bu sheng bei shao	不胜桮杓	1
bu jing er zou	不胫而走	1
bu neng bu	不能不	1
bu neng deng da ya zhi tang	不能登大雅之堂	1
bu neng zi ji	不能自己	1
bu neng zi yi	不能自已	1
bu neng zan yi ci	不能赞一词	1
bu neng zan yi ci	不能赞一辞	1
bu xiu bian fu	不脩边幅	1
bu tian zhi yi	不腆之仪	1
bu chen zhi xin	不臣之心	1
bu zi zai	不自在	1
bu zi man jia	不自满假	1
bu zi liang	不自量	1
bu zi liang li	不自量力	1
bu she zhou ye	不舍昼夜	1
bu shu fu	不舒服	1
bu wu zhi he	不舞之鹤	1
bu gou	不苟	1
bu gou yan xiao	不苟言笑	1
bu ruo	不若	1
bu cha bu fan	不茶不饭	1
bu yao er yu	不药而愈	1
bu luo su tao	不落俗套	1
bu luo ke jiu	不落窠臼	1
bu luo bian ji	不落边际	1
bu man bu zhi	不蔓不支	1
bu man bu zhi	不蔓不枝	1
bu xu ci xing	不虚此行	1
bu yu	不虞	1
bu yu zhi yu	不虞之誉	1
bu shan bu lv	不衫不履	1
bu yao pa	不要怕	1
bu jian bu san	不见不散	1
bu jian le	不见了	1
bu jian tian ri	不见天日	1
bu jian guan cai bu xia lei	不见棺材不下泪	1
bu jian guan cai bu luo lei	不见棺材不落泪	1
bu jian jing zhuan	不见经传	1
bu jian yu xin	不见舆薪	1
bu jue ji yang	不觉技痒	1
bu jie zhi chou	不解之仇	1
bu jie zhi yuan	不解之缘	1
bu yan bu yu	不言不语	1
bu yan er xin	不言而信	1
bu yan er yu	不言而谕	1
bu ji de shi	不计得失	1
bu ji qian chou	不记前仇	1
bu hui	不讳	1
bu hui zhi chao	不讳之朝	1
bu hui zhi lu	不讳之路	1
bu hui zhi men	不讳之门	1
bu lun ru he	不论如何	1
bu shi yi ding	不识一丁	1
bu shi bu zhi	不识不知	1
bu shi dong jia	不识东家	1
bu shi zhi wu	不识之无	1
bu shi ren jian you xiu chi shi	不识人间有羞耻事	1
bu shi da ti	不识大体	1
bu shi hao dai	不识好歹	1
bu shi ju mian	不识局面	1
bu shi lu shan zhen mian mu	不识庐山真面目	1
bu shi tai ju	不识抬举	1
bu shi shi wu	不识时务	1
bu shi tai shan	不识泰山	1
bu shi qi dao	不识起倒	1
bu shi ma gan	不识马肝	1
bu shi gao di	不识高低	1
bu mou tong ci	不谋同辞	1
bu mou er tong	不谋而同	1
bu xiang hua	不象话	1
bu fu zhong wang	不负众望	1
bu fu zhong wang	不负重望	1
bu bai zhi di	不败之地	1
bu tan wei bao	不贪为宝	1
bu fei zhi hui	不费之惠	1
bu fei chui hui zhi li	不费吹灰之力	1
bu shang zhi gong	不赏之功	1
bu zan yi ci	不赞一词	1
bu qi su	不起诉	1
bu yue lei chi	不越雷池	1
bu zu wei ping	不足为凭	1
bu zu wei wai ren dao	不足为外人道	1
bu zu wei yi	不足为意	1
bu zu wei ju	不足为据	1
bu zu wei fa	不足为法	1
bu zu wei xun	不足为训	1
bu zu jie yi	不足介意	1
bu zu qu	不足取	1
bu zu gua chi	不足挂齿	1
bu zu qing zhong	不足轻重	1
bu zu dao	不足道	1
bu zu chi shu	不足齿数	1
bu gui	不轨	1
bu gui zhi tu	不轨之徒	1
bu qing ran nuo	不轻然诺	1
bu chuo	不辍	1
bu ci	不辞	1
bu ci lao ku	不辞劳苦	1
bu ci er bie	不辞而别	1
bu bi fu yue	不辟斧钺	1
bu bian zhen wei	不辨真伪	1
bu bian shu su	不辨菽粟	1
bu bian shu mai	不辨菽麦	1
bu bian shu mai	不辩菽麦	1
bu ru shi ming	不辱使命	1
bu qian zhi miao	不迁之庙	1
bu guo er er	不过尔尔	1
bu guo yi	不过意	1
bu jin ren qing	不近人情	1
bu jin dao li	不近道理	1
bu jin ze tui	不进则退	1
bu yuan wan li	不远万里	1
bu yuan qian li	不远千里	1
bu wei nong shi	不违农时	1
bu die	不迭	1
bu zhui ji wang	不追既往	1
bu shi he	不适合	1
bu xun	不逊	1
bu tou ming	不透明	1
bu tong shui huo	不通水火	1
bu cheng	不逞	1
bu cheng zhi tu	不逞之徒	1
bu su zhi ke	不速之客	1
bu sui	不遂	1
bu yu	不遇	1
bu huang	不遑	1
bu huang qi chu	不遑启处	1
bu huang ning chu	不遑宁处	1
bu huang ning xi	不遑宁息	1
bu huang xia shi	不遑暇食	1
bu huang mei ju	不遑枚举	1
bu yi cun chang	不遗寸长	1
bu yi ju xi	不遗巨细	1
bu bi	不避	1
bu bi fu yue	不避斧钺	1
bu bi shui huo	不避水火	1
bu bi tang huo	不避汤火	1
bu bi jian xian	不避艰险	1
bu lang bu xiu	不郎不秀	1
bu zhong yao	不重要	1
bu wen bu wen	不问不闻	1
bu wen shi shi zhen xiang	不问事实真相	1
bu wen nian ling da xiao	不问年龄大小	1
bu wen shi fei qu zhi	不问是非曲直	1
bu wen zao bai	不问皂白	1
bu wen qing hong zao bai	不问青红皂白	1
bu jian bu jie	不间不界	1
bu yin bu yang	不阴不阳	1
bu sui yi zhi	不随以止	1
bu lu gui jiao	不露圭角	1
bu lu sheng se	不露声色	1
bu lu xing se	不露形色	1
bu lu shen se	不露神色	1
bu lu feng mang	不露锋芒	1
bu lu feng mang	不露锋铓	1
bu wei	不韪	1
bu gu qian hou	不顾前后	1
bu gu da ju	不顾大局	1
bu gu si huo	不顾死活	1
bu shi zhi di	不食之地	1
bu shi zhou su	不食周粟	1
bu shi yan huo	不食烟火	1
bu shi ma gan	不食马肝	1
bu ji bu han	不饥不寒	1
bu yin dao quan	不饮盗泉	1
bu jiao bu zao	不骄不躁	1
bu chi yu ren	不齿于人	1
bu gui shou yao	不龟手药	1
yu shi fu yang	与世俯仰	1
yu shi yan yang	与世偃仰	1
yu shi tui yi	与世推移	1
yu shi wu zheng	与世无争	1
yu shi chen fu	与世沉浮	1
yu shi fu chen	与世浮沉	1
yu shi chang ci	与世长辞	1
yu ren wei shan	与人为善	1
yu gong	与共	1
yu shou tong ke	与受同科	1
yu shi xie xing	与时偕行	1
yu shi tui yi	与时推移	1
yu shi xiao xi	与时消息	1
yu ci xiang fan	与此相反	1
yu min tong le	与民同乐	1
yu min geng shi	与民更始	1
yu min chu hai	与民除害	1
yu wu wu wu	与物无忤	1
yu wu wu jing	与物无竞	1
yu hu mou pi	与狐谋皮	1
yu hu tian yi	与虎添翼	1
yu hu mou pi	与虎谋皮	1
yu sai	与赛	1
yu men	与门	1
yu wen	与闻	1
chou sheng yuan bo	丑声远播	1
chou xi fu zong de jian gong po	丑媳妇总得见公婆	1
chou tai bi lu	丑态毕露	1
chou xing	丑星	1
chou xiang	丑相	1
chou lei e wu	丑类恶物	1
chou xing	丑行	1
chou jue	丑角	1
zhuan ye jiao yu	专业教育	1
zhuan ye yin hang	专业银行	1
zhuan ren	专任	1
zhuan xiu ke	专修科	1
zhuan hao	专号	1
zhuan ming hao	专名号	1
zhuan yuan gong shu	专员公署	1
zhuan chai	专差	1
zhuan zuo	专座	1
zhuan xin yi zhi	专心一致	1
zhuan zhi	专指	1
zhuan you ming ci	专有名词	1
zhuan lan zuo jia	专栏作家	1
zhuan heng	专横	1
zhuan heng ba hu	专横跋扈	1
zhuan yu nan cheng	专欲难成	1
zhuan ke xue xiao	专科学校	1
zhuan ke sheng	专科生	1
zhuan jing tan si	专精覃思	1
zhuan zhu	专著	1
zhuan lun	专论	1
zhuan men jia	专门家	1
qie zhu wei jia	且住为佳	1
qie man	且慢	1
qie mo	且末	1
qie shuo	且说	1
qie shi ha li	且食蛤蜊	1
shi shang wu nan shi	世上无难事	1
shi qin	世亲	1
shi chou	世仇	1
shi chuan	世传	1
shi bo	世伯	1
shi su zhi jian	世俗之见	1
shi tai yan liang	世态炎凉	1
shi zhang si lun	世掌丝纶	1
shi ji qi mei	世济其美	1
shi jie da xue sheng yun dong hui	世界大学生运动会	1
shi jie yu	世界语	1
shi xi	世系	1
shi feng	世风	1
shi feng ri xia	世风日下	1
bing ding	丙丁	1
bing zhong she xian	丙种射线	1
bing lun	丙纶	1
ye ye jin jin	业业矜矜	1
ye yu jiao yu	业余教育	1
ye da	业大	1
cong shan jun ling	丛山峻岭	1
cong qing zhe zhou	丛轻折轴	1
cong que yuan yu	丛雀渊鱼	1
dong san sheng	东三省	1
dong jing da xue	东京大学	1
dong dao xi wai	东倒西歪	1
dong chong xi jue	东冲西决	1
dong chong xi zhuang	东冲西撞	1
dong chong xi tu	东冲西突	1
dong lao xi yan	东劳西燕	1
dong nan zhi bao	东南之宝	1
dong nan zhi xiu	东南之秀	1
dong nan zhi mei	东南之美	1
dong nan ya guo jia lian meng	东南亚国家联盟	1
dong nan ban bi	东南半壁	1
dong nan ou	东南欧	1
dong nan zhu jian	东南竹箭	1
dong nan que fei	东南雀飞	1
dong yin du gong si	东印度公司	1
dong tai	东台	1
dong qiang chu zi	东墙处子	1
dong tou	东头	1
dong ben xi xiang	东奔西向	1
dong ben xi zhuang	东奔西撞	1
dong ben xi cuan	东奔西窜	1
dong ben xi zou	东奔西走	1
dong ben xi pao	东奔西跑	1
dong ben xi tao	东奔西逃	1
dong jia xiao pin	东家效颦	1
dong jia xi she	东家西舍	1
dong cha xi wu	东差西误	1
dong shi chao yi	东市朝衣	1
dong chuang jiao xu	东床姣婿	1
dong chuang ze dui	东床择对	1
dong zhang xi qu	东张西觑	1
dong che xi la	东扯西拉	1
dong che xi zhuai	东扯西拽	1
dong fu xi dao	东扶西倒	1
dong mo xi tu	东抹西涂	1
dong la xi che	东拉西扯	1
dong ai xi zhuang	东挨西撞	1
dong nuo xi cuo	东挪西撮	1
dong zun xi jie	东撙西节	1
dong zhi xi wu	东支西吾	1
dong fang bu liang xi fang liang	东方不亮西方亮	1
dong fang jiang bai	东方将白	1
dong fang wen hua	东方文化	1
dong wang xi guan	东望西观	1
dong heng xi dao	东横西倒	1
dong zheng jiao	东正教	1
dong wai xi dao	东歪西倒	1
dong yang da hai	东洋大海	1
dong yang che	东洋车	1
dong liu xi shang	东流西上	1
dong liu xi luo	东流西落	1
dong tu xi mo	东涂西抹	1
dong jian yu hai	东渐于海	1
dong cai xi chuai	东猜西揣	1
dong cai xi yi	东猜西疑	1
dong chuang shi fa	东窗事发	1
dong jian nan jin	东箭南金	1
dong sa mo ya	东萨摩亚	1
dong cang xi duo	东藏西躲	1
dong xi nan bei	东西南北	1
dong xi nan shuo	东西南朔	1
dong guan zhi yang	东观之殃	1
dong guan xu shi	东观续史	1
dong guan xi wang	东观西望	1
dong tan xi shuo	东谈西说	1
dong qu xi bu	东趋西步	1
dong pao xi dian	东跑西颠	1
dong xue xi dao	东踅西倒	1
dong duo xi cang	东躲西藏	1
dong duo xi pao	东躲西跑	1
dong liang xi she	东量西折	1
dong e	东阿	1
dong ling xi san	东零西散	1
dong ling xi luo	东零西落	1
dong feng ren mian	东风人面	1
dong feng ru lv	东风入律	1
dong feng hua yu	东风化雨	1
dong feng ya dao xi feng	东风压倒西风	1
dong feng chui ma er	东风吹马耳	1
dong feng she ma er	东风射马耳	1
dong feng hao dang	东风浩荡	1
dong feng guo er	东风过耳	1
dong feng ma er	东风马耳	1
dong piao xi bo	东飘西泊	1
dong shi xi su	东食西宿	1
dong lin xi zhao	东鳞西爪	1
dong ming xi ying	东鸣西应	1
si fa zhi gong	丝发之功	1
si en fa yuan	丝恩发怨	1
si mian	丝棉	1
si gua luo	丝瓜络	1
si zhi	丝织	1
si zhi pin	丝织品	1
diu san la si	丢三拉四	1
diu san la si	丢三落四	1
diu xia pa er nong sao zhou	丢下耙儿弄扫帚	1
diu zu bao ju	丢卒保车	1
diu mian zi	丢面子	1
diu hun sang dan	丢魂丧胆	1
liang shi wei ren	两世为人	1
liang bian	两便	1
liang quan qi mei	两全其美	1
liang fen fa	两分法	1
liang ke	两可	1
liang ye yan mu	两叶掩目	1
liang tou san xu	两头三绪	1
liang tou san mian	两头三面	1
liang tou he fan	两头和番	1
liang tou bai mian	两头白面	1
liang tou she	两头蛇	1
liang guang	两广	1
liang zhang pi	两张皮	1
liang dang	两当	1
liang xing guan xi	两性关系	1
liang xing sheng zhi	两性生殖	1
liang shou kong kong	两手空空	1
liang qi	两栖	1
liang qi dong wu	两栖动物	1
liang qi lei	两栖类	1
liang ci san fan	两次三番	1
liang dian lun	两点论	1
liang yong ren cai	两用人才	1
liang xiang qing yuan	两相情原	1
liang xiang qing yuan	两相情愿	1
liang gu xiang fu	两瞽相扶	1
liang er sai dou	两耳塞豆	1
liang lei cha dao	两肋插刀	1
liang jiao ju jian	两脚居间	1
liang hu xiang dou	两虎相斗	1
liang xiu qing feng	两袖清风	1
liang dou sai er	两豆塞耳	1
liang bian dao	两边倒	1
liang chong tian	两重天	1
liang xiong bu bing li	两雄不并立	1
liang bin	两鬓	1
liang shu dou xue	两鼠斗穴	1
yan si he feng	严丝合缝	1
yan ling	严令	1
yan chu	严处	1
yan jia e li	严家饿隶	1
yan cheng bu dai	严惩不贷	1
yan qi zheng xing	严气正性	1
yan fu	严父	1
yan su yin yue	严肃音乐	1
yan ke	严苛	1
yan zhen yi dai	严阵以待	1
yan chen yi dai	严陈以待	1
sang luan	丧乱	1
sang shi	丧事	1
sang wang	丧亡	1
sang jia	丧假	1
sang ou	丧偶	1
sang tian hai li	丧天害理	1
sang shi dai jin	丧失殆尽	1
sang jia	丧家	1
sang jia zhi quan	丧家之犬	1
sang jia zhi gou	丧家之狗	1
sang jia quan	丧家犬	1
sang jin tian liang	丧尽天良	1
sang shi ru guo	丧师辱国	1
sang xin bing kuang	丧心病狂	1
sang zhi	丧志	1
sang ming zhi tong	丧明之痛	1
sang fu	丧服	1
sang quan	丧权	1
sang quan ru guo	丧权辱国	1
sang qi	丧气	1
sang qi hua	丧气话	1
sang li	丧礼	1
sang dan	丧胆	1
sang dan wang hun	丧胆亡魂	1
sang dan you hun	丧胆游魂	1
sang dan xiao hun	丧胆销魂	1
sang zang	丧葬	1
sang zang fei	丧葬费	1
sang shen	丧身	1
sang shen shi jie	丧身失节	1
sang zhong	丧钟	1
sang men	丧门	1
sang men xing	丧门星	1
sang men shen	丧门神	1
sang hun shi po	丧魂失魄	1
sang hun luo po	丧魂落魄	1
ge zhong	个中	1
ge zhong miao qu	个中妙趣	1
ge zhong zi wei	个中滋味	1
ge ren cai chan	个人财产	1
ge ti suo you zhi	个体所有制	1
ge ti jing ji	个体经济	1
ge tou er	个头儿	1
ge ba	个把	1
ge jiu	个旧	1
ge jiu shi	个旧市	1
ya cha	丫杈	1
zhong shang ceng	中上层	1
zhong zhuan sheng	中专生	1
zhong jie ren	中介人	1
zhong fu	中伏	1
zhong bao	中保	1
zhong gou zhi yan	中冓之言	1
zhong fen	中分	1
zhong yi shi	中医师	1
zhong hua ren min gong he guo	中华人民共和国	1
zhong hua xun	中华鲟	1
zhong juan	中卷	1
zhong yuan zhu lu	中原逐鹿	1
zhong he	中和	1
zhong guo ren min jie fang jun	中国人民解放军	1
zhong guo gong chan dang	中国共产党	1
zhong guo nong ye yin hang	中国农业银行	1
zhong guo nong gong min zhu dang	中国农工民主党	1
zhong guo guo ji guang bo dian tai	中国国际广播电台	1
zhong guo zi	中国字	1
zhong guo gong ren	中国工人	1
zhong guo gong nong hong jun	中国工农红军	1
zhong guo gong cheng yuan	中国工程院	1
zhong guo min zhu cu jin hui	中国民主促进会	1
zhong guo min zhu tong meng	中国民主同盟	1
zhong guo hai	中国海	1
zhong guo fu li hui	中国福利会	1
zhong guo ke xue ji shu da xue	中国科学技术大学	1
zhong guo zhi gong dang	中国致公党	1
zhong guo xiang qi	中国象棋	1
zhong guo tong	中国通	1
zhong wai he bi	中外合璧	1
zhong feng	中封	1
zhong chang	中常	1
zhong fan	中幡	1
zhong fu	中府	1
zhong yong zhi dao	中庸之道	1
zhong dan	中弹	1
zhong cai	中彩	1
zhong xin yao yao	中心摇摇	1
zhong ji	中技	1
zhong wen xin xi chu li	中文信息处理	1
zhong wan qi	中晚期	1
zhong fu	中服	1
zhong ji	中极	1
zhong kai	中楷	1
zhong bo	中波	1
zhong liu yi hu	中流一壶	1
zhong liu ji ji	中流击楫	1
zhong liu di zhu	中流底柱	1
zhong liu di zhu	中流砥柱	1
zhong dian	中点	1
zhong mu	中牟	1
zhong ban	中班	1
zhong cheng	中程	1
zhong dao	中稻	1
zhong li bu yi	中立不倚	1
zhong deng jiao yu	中等教育	1
zhong ce	中策	1
zhong feng	中缝	1
zhong geng	中耕	1
zhong er	中耳	1
zhong er yan	中耳炎	1
zhong yao dian	中药店	1
zhong yao fang	中药房	1
zhong biao	中表	1
zhong xi he bi	中西合璧	1
zhong ji	中计	1
zhong ci	中词	1
zhong chuo	中辍	1
zhong dao	中道	1
zhong dao er fei	中道而废	1
zhong chang	中长	1
zhong chang pao	中长跑	1
zhong xue	中雪	1
zhong ba	中靶	1
zhong feng tan huan	中风瘫痪	1
zhong bao	中饱	1
zhong bao si nang	中饱私囊	1
zhong kui fa ren	中馈乏人	1
zhong kui you xu	中馈犹虚	1
zhong huang	中黄	1
feng heng yu da	丰亨豫大	1
feng gong sheng lie	丰功盛烈	1
feng gong shuo de	丰功硕德	1
feng qu ke yu	丰取刻与	1
feng zi ye li	丰姿冶丽	1
feng zi chuo yue	丰姿绰约	1
feng fu duo cai	丰富多采	1
feng wu zhi guo	丰屋之过	1
feng wu bu jia	丰屋蔀家	1
feng du pian pian	丰度翩翩	1
feng biao bu fan	丰标不凡	1
feng qian	丰歉	1
feng shen chuo yue	丰神绰约	1
feng ji ruo gu	丰肌弱骨	1
feng ji xiu gu	丰肌秀骨	1
feng cao chang lin	丰草长林	1
feng yi zu shi	丰衣足食	1
feng cai	丰采	1
chuan qin qi	串亲戚	1
chuan qin fang you	串亲访友	1
chuan gong	串供	1
chuan wei er	串味儿	1
chuan bing lian	串并联	1
chuan xi	串戏	1
chuan an	串案	1
lin liao	临了	1
lin bie	临别	1
lin bie zeng yan	临别赠言	1
lin bie zeng yu	临别赠语	1
lin wei bu ju	临危不惧	1
lin wei bu nao	临危不挠	1
lin wei bu gu	临危不顾	1
lin tou	临头	1
lin ya le ma	临崖勒马	1
lin tie	临帖	1
lin di yi jiang	临敌易将	1
lin wen bu hui	临文不讳	1
lin shi bao fo jiao	临时抱佛脚	1
lin chao	临朝	1
lin ji ying bian	临机应变	1
lin shen lv bo	临深履薄	1
lin tong dou bao	临潼斗宝	1
lin jie jiao	临界角	1
lin kong	临空	1
lin cai bu gou	临财不苟	1
lin zhen mo dao	临阵磨刀	1
lin zhen mo qiang	临阵磨枪	1
lin nan	临难	1
lin nan bu kong	临难不恐	1
lin nan bu ju	临难不惧	1
lin nan bu bi	临难不避	1
lin nan wu she	临难无慑	1
lin nan gou mian	临难苟免	1
lin nan zhu bing	临难铸兵	1
lin feng dui yue	临风对月	1
wan san gao dan	丸散膏丹	1
wan ni feng guan	丸泥封关	1
dan zhi suo cang zhe chi	丹之所藏者赤	1
dan shu tie quan	丹书铁券	1
dan shu tie qi	丹书铁契	1
dan feng chao yang	丹凤朝阳	1
dan shen	丹参	1
dan xin bi xue	丹心碧血	1
dan du	丹毒	1
dan qian jia yi	丹铅甲乙	1
dan qing bu yu	丹青不渝	1
wei cong qu que	为丛驱雀	1
wei zhi yu se	为之语塞	1
wei wu dou mi zhe yao	为五斗米折腰	1
wei ren zuo jia	为人作嫁	1
wei ren shi biao	为人师表	1
wei ren shuo xiang	为人说项	1
wei ren bu fu	为仁不富	1
wei shan zui le	为善最乐	1
wei guo wei min	为国为民	1
wei guo juan qu	为国捐躯	1
wei hao cheng qian	为好成歉	1
wei fu bu ren	为富不仁	1
wei xiao shi da	为小失大	1
wei shan zhi kui	为山止篑	1
wei de bu zu	为德不卒	1
wei de bu zhong	为德不终	1
wei e bu quan	为恶不悛	1
wei huan	为患	1
wei zheng	为政	1
wei shu	为数	1
wei shi	为时	1
wei shi guo zao	为时过早	1
wei qi bu yuan	为期不远	1
wei min fu mu	为民父母	1
wei min qing ming	为民请命	1
wei min chu hai	为民除害	1
wei fa zi bi	为法自弊	1
wei yuan qu yu	为渊驱鱼	1
wei zhe	为着	1
wei hu zuo chang	为虎作伥	1
wei hu fu yi	为虎傅翼	1
wei hu tian yi	为虎添翼	1
wei hui fu cui	为虺弗摧	1
wei she tian zu	为蛇添足	1
wei she hua zu	为蛇画足	1
wei qiu wei ji	为裘为箕	1
wei xian	为限	1
wei fei zuo e	为非作恶	1
wei fei zuo dai	为非作歹	1
wei ji han suo po	为饥寒所迫	1
wei gui wei yu	为鬼为蜮	1
zhu shang	主上	1
zhu chan	主产	1
zhu ren jia	主人家	1
zhu pu	主仆	1
zhu cong	主从	1
zhu chuang ren yuan	主创人员	1
zhu dong mai	主动脉	1
zhu ju	主句	1
zhu hun ren	主婚人	1
zhu ke guan	主客观	1
zhu ke dian dao	主客颠倒	1
zhu jia	主家	1
zhu shao guo yi	主少国疑	1
zhu gan xian	主干线	1
zhu xin gu	主心骨	1
zhu zhan	主战	1
zhu zhan chang	主战场	1
zhu gong shou	主攻手	1
zhu zhi	主枝	1
zhu qiao	主桥	1
zhu he dao	主河道	1
zhu zhi yi sheng	主治医生	1
zhu qu dao	主渠道	1
zhu ji	主祭	1
zhu guan shi jie	主观世界	1
zhu guan zhu yi	主观主义	1
zhu guan wei xin zhu yi	主观唯心主义	1
zhu guan xing	主观性	1
zhu guan neng dong xing	主观能动性	1
zhu diao	主调	1
zhu ze	主责	1
zhu ti ci	主题词	1
li ju qing ci	丽句清词	1
li ju qing ci	丽句清辞	1
li ri	丽日	1
li zao chun pa	丽藻春葩	1
li zhi	丽质	1
li du	丽都	1
ju bu sheng ju	举不胜举	1
ju shi hun zhuo	举世混浊	1
ju shi jie zhi	举世皆知	1
ju li fa fan	举例发凡	1
ju shi zhi jiu	举十知九	1
ju fa	举发	1
ju guo shang xia	举国上下	1
ju guo ruo kuang	举国若狂	1
ju shou xiang qing	举手相庆	1
ju shou li	举手礼	1
ju cuo bu dang	举措不当	1
ju cuo shi dang	举措失当	1
ju an qi mei	举案齐眉	1
ju qi bu ding	举棋不定	1
ju qi ruo ding	举棋若定	1
ju zhi bu fan	举止不凡	1
ju zhi da fang	举止大方	1
ju zhi zi ruo	举止自若	1
ju bu sheng feng	举步生风	1
ju mu wu qin	举目无亲	1
ju yao	举要	1
ju yao shan wu	举要删芜	1
ju xian ren neng	举贤任能	1
ju xian shi neng	举贤使能	1
ju zhong ruo qing	举重若轻	1
nai xin wang shi	乃心王室	1
nai zhi yu	乃至于	1
jiu jiu bu wang	久久不忘	1
jiu yang	久仰	1
jiu jia bu gui	久假不归	1
jiu bie	久别	1
jiu bie chong feng	久别重逢	1
jiu li feng chen	久历风尘	1
jiu an chang zhi	久安长治	1
jiu xuan bu jue	久悬不决	1
jiu tuo bu jue	久拖不决	1
jiu han feng gan yu	久旱逢甘雨	1
jiu jing sha chang	久经沙场	1
jiu jing feng shuang	久经风霜	1
jiu yao bu wang	久要不忘	1
jiu fu sheng ming	久负盛名	1
jiu chang	久长	1
jiu wen da ming	久闻大名	1
yi bu fan gu	义不反顾	1
yi bu qu rong	义不取容	1
yi bu sheng cai	义不生财	1
yi wu bing	义务兵	1
yi wu gong	义务工	1
yi he tuan	义和团	1
yi he quan	义和拳	1
yi nv	义女	1
yi fen tian xiong	义愤填胸	1
yi wu xuan zhong	义无旋踵	1
yi zheng ci yan	义正词严	1
yi zheng ci yan	义正辞严	1
yi zheng ci yue	义正辞约	1
yi qi xiang tou	义气相投	1
yi jiang ren su	义浆仁粟	1
yi bo yun tian	义薄云天	1
yi xing	义行	1
yi zhong en shen	义重恩深	1
zhi si bu yu	之死不渝	1
wu ya ya	乌压压	1
wu he zhi zhong	乌合之众	1
wu tian hei di	乌天黑地	1
wu tou	乌头	1
wu tou bai ma sheng jiao	乌头白马生角	1
wu tou ma jiao	乌头马角	1
wu mao hong qun	乌帽红裙	1
wu la	乌拉	1
wu la er shan mai	乌拉尔山脉	1
wu la cao	乌拉草	1
wu you	乌有	1
wu you xian sheng	乌有先生	1
wu shao she	乌梢蛇	1
wu liu liu	乌溜溜	1
wu bai ma jiao	乌白马角	1
wu su li jiang	乌苏里江	1
wu yi zi di	乌衣子弟	1
wu gu ji	乌骨鸡	1
zha nuan huan han	乍暖还寒	1
zha kan	乍看	1
fa shu	乏术	1
fa lei	乏累	1
le bu ke zhi	乐不可支	1
le bu ke ji	乐不可极	1
le bu ke yan	乐不可言	1
le bu si shu	乐不思蜀	1
le bu ji pan	乐不极盘	1
le ye	乐业	1
le ye an ju	乐业安居	1
le shi quan gong	乐事劝功	1
lao ting	乐亭	1
lao ting xian	乐亭县	1
le yi wang you	乐以忘忧	1
le er	乐儿	1
le ju	乐句	1
le shan bu juan	乐善不倦	1
le shan hao yi	乐善好义	1
le shan hao shi	乐善好施	1
le jie ku duo	乐嗟苦咄	1
le tu	乐土	1
le tian ren ming	乐天任命	1
le tian an ming	乐天安命	1
le tian pai	乐天派	1
le tian zhi ming	乐天知命	1
le an	乐安	1
yue guan	乐官	1
le jin ai sheng	乐尽哀生	1
le jin bei lai	乐尽悲来	1
le shan le shui	乐山乐水	1
le shan ai shui	乐山爱水	1
yue gong	乐工	1
yue shi	乐师	1
yue fu	乐府	1
yue fu shi	乐府诗	1
le wang ai lai	乐往哀来	1
yue lv	乐律	1
le you you	乐悠悠	1
yue gan	乐感	1
le cheng ren mei	乐成人美	1
yue hu	乐户	1
le xin yan jiu	乐新厌旧	1
le chang zhi jing	乐昌之镜	1
le chang fen jing	乐昌分镜	1
le chang po jing	乐昌破镜	1
le ji ze you	乐极则忧	1
le ji ze bei	乐极则悲	1
le ji ai lai	乐极哀来	1
le ji bei lai	乐极悲来	1
le ji bei sheng	乐极悲生	1
le ji sheng ai	乐极生哀	1
le ji sheng bei	乐极生悲	1
le guo	乐果	1
yue ge	乐歌	1
le ci bu juan	乐此不倦	1
yue yi	乐毅	1
yue chi	乐池	1
le zi zi	乐滋滋	1
yue li	乐理	1
le huo xing zai	乐祸幸灾	1
le er bu yan	乐而不厌	1
le er bu yin	乐而不淫	1
le er bu huang	乐而不荒	1
le er wang si	乐而忘死	1
le er wang fan	乐而忘返	1
yue wu	乐舞	1
le rong rong	乐融融	1
le xing you wei	乐行忧违	1
le guan zhu yi	乐观主义	1
le tui an pin	乐退安贫	1
le dao	乐道	1
le dao hao gu	乐道好古	1
le dao an ming	乐道安命	1
le dao an pin	乐道安贫	1
le dao wang ji	乐道忘饥	1
le dao yi rong	乐道遗荣	1
le du	乐都	1
le tao tao	乐陶陶	1
yue yin	乐音	1
le dian dian	乐颠颠	1
qiao qi sha	乔其纱	1
qiao zhuang da ban	乔妆打扮	1
qiao wen jia cu	乔文假醋	1
qiao zhuang da ban	乔装打扮	1
guai pi xie miu	乖僻邪谬	1
guai jue	乖觉	1
cheng cheng	乘乘	1
cheng yun xing ni	乘云行泥	1
cheng ren zhi wei	乘人之危	1
cheng wei xing zha	乘伪行诈	1
cheng bian	乘便	1
cheng xing	乘兴	1
cheng xing er lai	乘兴而来	1
cheng qi bu bei	乘其不备	1
cheng qi bu yi	乘其不意	1
cheng li xi sheng	乘利席胜	1
cheng wu zhang	乘务长	1
cheng shi	乘势	1
cheng shi shi qi	乘势使气	1
cheng hao	乘号	1
cheng jian ce fei	乘坚策肥	1
cheng jian qu liang	乘坚驱良	1
cheng hu	乘壶	1
cheng mi	乘幂	1
cheng shu	乘数	1
cheng fang	乘方	1
cheng shi cheng shi	乘时乘势	1
cheng ji da jie	乘机打劫	1
cheng re da tie	乘热打铁	1
cheng ji	乘积	1
cheng fei yi qing	乘肥衣轻	1
cheng sheng	乘胜	1
cheng sheng zhui ji	乘胜追击	1
cheng sheng zhu bei	乘胜逐北	1
sheng yu	乘舆	1
cheng yu bo yue	乘舆播越	1
cheng xu	乘虚	1
cheng xu er ru	乘虚而入	1
cheng xu dao xi	乘虚蹈隙	1
cheng xu die chu	乘虚迭出	1
cheng jing	乘警	1
cheng che dai li	乘车戴笠	1
cheng qing qu fei	乘轻驱肥	1
cheng jian si xi	乘间伺隙	1
cheng jian tou xi	乘间投隙	1
cheng jian di xi	乘间抵隙	1
cheng chu	乘除	1
cheng xian di xi	乘险抵巇	1
cheng xi	乘隙	1
cheng xi dao xu	乘隙捣虚	1
cheng xi er ru	乘隙而入	1
cheng shun shui chuan	乘顺水船	1
cheng feng xing lang	乘风兴浪	1
cheng feng po lang	乘风破浪	1
cheng feng zhuan duo	乘风转舵	1
cheng ma	乘马	1
cheng gao jue shui	乘高决水	1
cheng luan kua feng	乘鸾跨凤	1
cheng long jia xu	乘龙佳婿	1
cheng long kuai xu	乘龙快婿	1
cheng long pei feng	乘龙配凤	1
yi zhuang jie chang	乙状结肠	1
yi zhong she xian	乙种射线	1
yi zhong li zi	乙种粒子	1
mie xie	乜斜	1
nie xie chan zhang	乜斜缠帐	1
jiu shi zhi chou	九世之仇	1
jiu yuan ke zuo	九原可作	1
jiu bian shi hua	九变十化	1
jiu he yi kuang	九合一匡	1
jiu pin zhong zheng	九品中正	1
jiu hui chang	九回肠	1
jiu gai ba yan	九垓八埏	1
jiu da xing xing	九大行星	1
jiu tian jiu di	九天九地	1
jiu tian xian nv	九天仙女	1
jiu tou niao	九头鸟	1
jiu wei hu	九尾狐	1
jiu zhe bi	九折臂	1
jiu gu shi qin	九故十亲	1
jiu qu hui chang	九曲回肠	1
jiu xiu yi ba	九朽一罢	1
jiu si yi sheng	九死一生	1
jiu si bu hui	九死不悔	1
jiu liu san jiao	九流三教	1
jiu liu shi jia	九流十家	1
jiu liu bai jia	九流百家	1
jiu niu yi mao	九牛一毛	1
jiu niu la bu zhuan	九牛拉不转	1
jiu zheng san han	九蒸三熯	1
jiu hang ba ye	九行八业	1
jiu zhuan gong cheng	九转功成	1
jiu chong	九重	1
jiu chong guan	九重关	1
jiu chong cheng	九重城	1
jiu chong qiang	九重墙	1
jiu chong tian	九重天	1
jiu chong gong	九重宫	1
jiu chong quan	九重泉	1
jiu chong suo	九重锁	1
jiu chong gui	九重闺	1
jiu chong ge	九重阁	1
jiu chong xiao	九重霄	1
jiu jian da dian	九间大殿	1
jiu jian chao dian	九间朝殿	1
jiu ding bu zu wei zhong	九鼎不足为重	1
jiu ding da lv	九鼎大吕	1
qi er cheng che	乞儿乘车	1
qi he	乞和	1
qi jiang de jiu	乞浆得酒	1
qi qiong jian xiang	乞穷俭相	1
qi xiang	乞降	1
qi shi	乞食	1
xi yu xing cheng	习与性成	1
xi hao	习好	1
xi zi tie	习字帖	1
xi zi bu	习字簿	1
xi guan yu	习惯于	1
xi fu	习服	1
xi yan bu cha	习焉不察	1
xi er bu cha	习而不察	1
xi jian	习见	1
xiang ding	乡丁	1
xiang shu nan ji	乡书难寄	1
xiang tu qi xi	乡土气息	1
xiang ba lao er	乡巴佬儿	1
xiang si	乡思	1
xiang qu	乡曲	1
xiang yue	乡约	1
xiang gui min yue	乡规民约	1
xiang chang	乡长	1
shu bu jin yi	书不尽意	1
shu bu jin yan	书不尽言	1
shu bu shi shou	书不释手	1
shu jia	书价	1
shu ti	书体	1
shu tong	书僮	1
shu juan	书卷	1
shu juan qi	书卷气	1
shu hao	书号	1
shu ming hao	书名号	1
shu ba	书吧	1
shu nang wu di	书囊无底	1
shu chang	书场	1
shu qi	书契	1
shu jia	书家	1
shu zhan	书展	1
shu gui zheng zhuan	书归正传	1
shu tan er	书摊儿	1
shu sheng zhi jian	书生之见	1
shu hua zhan	书画展	1
shu kong duo duo	书空咄咄	1
shu que you jian	书缺有间	1
shu bei	书背	1
shu ji yuan	书记员	1
shu lun	书论	1
shu du wu che	书读五车	1
shu mian yu	书面语	1
shu xiang shi jia	书香世家	1
shu xiang ren jia	书香人家	1
mai shang gao xia	买上告下	1
mai shang zhu xia	买上嘱下	1
mai jia	买价	1
mai guan jie	买关节	1
mai du huan zhu	买椟还珠	1
mai wang de yang	买王得羊	1
mai kong mai kong	买空卖空	1
mai xiao zhui huan	买笑追欢	1
mai tie si jin	买铁思金	1
luan zuo hu wei	乱作胡为	1
luan hong hong	乱哄哄	1
luan tou cu fu	乱头粗服	1
luan tan qin	乱弹琴	1
luan cheng yi tuan	乱成一团	1
luan tan zi	乱摊子	1
luan kan lan fa	乱砍滥伐	1
luan jian cuan xin	乱箭攒心	1
luan yu hu yan	乱语胡言	1
ru yun	乳晕	1
ru yan	乳燕	1
ru du bu pa hu	乳犊不怕虎	1
ru mi	乳糜	1
ru xiu	乳臭	1
ru xiu wei gan	乳臭未干	1
ru chou wei chu	乳臭未除	1
ru jian gu jiao	乳间股脚	1
qian qian yi yi	乾乾翼翼	1
qian duan kun ni	乾端坤倪	1
liao bu ke jian	了不可见	1
liao bu de	了不得	1
liao bu zhang jin	了不长进	1
liao liao	了了	1
liao liao ke jian	了了可见	1
liao shi	了事	1
liao que	了却	1
liao ju	了局	1
liao dang	了当	1
liao wu	了悟	1
liao wu	了无	1
liao wu ju se	了无惧色	1
liao wang tai	了望台	1
liao ran yu xiong	了然于胸	1
liao ran wu wen	了然无闻	1
liao ruo zhi zhang	了若指掌	1
liao zhang	了账	1
liao shen tuo ming	了身脱命	1
liao shen da ming	了身达命	1
yu ren kou shi	予人口实	1
yu qu yu duo	予取予夺	1
yu qu yu xie	予取予携	1
yu qu yu qiu	予取予求	1
yu duo sheng sha	予夺生杀	1
yu zhi yu xiong	予智予雄	1
yu chi qu jiao	予齿去角	1
zheng shang you	争上游	1
zheng fen duo miao	争分夺秒	1
zheng duo lun shao	争多论少	1
zheng qi dou yan	争奇斗艳	1
zheng yan dou yan	争妍斗艳	1
zheng qiang	争强	1
zheng qiang hao sheng	争强好胜	1
zheng qiang dou hen	争强斗狠	1
zheng qiang dou sheng	争强斗胜	1
zheng qiang xian sheng	争强显胜	1
zheng jin lun liang	争斤论两	1
zheng mao diu niu	争猫丢牛	1
zheng duan lun chang	争短论长	1
zheng chang jing duan	争长竞短	1
zheng chang lun duan	争长论短	1
zheng feng chi cu	争风吃醋	1
zheng ji shi yang	争鸡失羊	1
shi bu guan ji	事不关己	1
shi bu yi chi	事不宜迟	1
shi bu shi gu	事不师古	1
shi bu you yu	事不有余	1
shi bu guo san	事不过三	1
shi yu yuan wei	事与原违	1
shi yu xin wei	事与心违	1
shi jia	事假	1
shi chu you yin	事出有因	1
shi wu yuan	事务员	1
shi wei lei luan	事危累卵	1
shi hou zhu ge liang	事后诸葛亮	1
shi zai ren wei	事在人为	1
shi zai bi xing	事在必行	1
shi shi shang	事实上	1
shi bi gong qin	事必躬亲	1
shi wu san bu cheng	事无三不成	1
shi wu da xiao	事无大小	1
shi he yan zhi	事核言直	1
shi guo jing qian	事过境迁	1
shi guo qing qian	事过情迁	1
shi guo jing qian	事过景迁	1
shi qi shi chu	事齐事楚	1
er qi da ba gong	二七大罢工	1
er wan wu qian li chang zheng	二万五千里长征	1
er san qi de	二三其德	1
er san qi yi	二三其意	1
er ren tai	二人台	1
er jia	二价	1
er chuan shou	二传手	1
er yuan lun	二元论	1
er fen ming yue	二分明月	1
er fu	二副	1
er hua ming	二化螟	1
er shi ba xiu	二十八宿	1
er shi si jie qi	二十四节气	1
er di zhu	二地主	1
er xing zhi hao	二姓之好	1
er ba dao	二把刀	1
er ba shou	二把手	1
er ci qu xian	二次曲线	1
er ci neng yuan	二次能源	1
er yang hua wu	二氧化物	1
er yang hua gui	二氧化硅	1
er yang hua meng	二氧化锰	1
er shu wei nve	二竖为虐	1
er zhe bu ke de jian	二者不可得兼	1
er cha	二茬	1
er hua mei shuo	二话没说	1
er lang tui	二郎腿	1
er chong	二重	1
er chong chang	二重唱	1
er chong zou	二重奏	1
er chong xing	二重性	1
er chong gen	二重根	1
er mian jiao	二面角	1
er long xi zhu	二龙戏珠	1
yu jin wei lie	于今为烈	1
yu an si wei	于安思危	1
yu jia wei guo	于家为国	1
yu xin he ren	于心何忍	1
yu sai	于思	1
yu fei zhi le	于飞之乐	1
kui xin duan xing	亏心短行	1
kui zhe	亏折	1
kui kong	亏空	1
kui lei	亏累	1
yun zhong xian he	云中仙鹤	1
yun zhong bai he	云中白鹤	1
yun jiao yu he	云交雨合	1
yun xing xia wei	云兴霞蔚	1
yun gang shi ku	云冈石窟	1
yun jing tian kong	云净天空	1
yun he xiang ying	云合响应	1
yun he jing cong	云合景从	1
yun he wu ji	云合雾集	1
yun he	云和	1
yun jie yue di	云堦月地	1
yun tian wu di	云天雾地	1
yun tou	云头	1
yun you yu ti	云尤雨殢	1
yun tun xi juan	云屯席卷	1
yun tun xing ju	云屯星聚	1
yun tun sen li	云屯森立	1
yun tun yi ju	云屯蚁聚	1
yun tun yu ji	云屯雨集	1
yun tun wu san	云屯雾散	1
yun tun wu ji	云屯雾集	1
yun tun biao san	云屯飙散	1
yun tun niao san	云屯鸟散	1
yun shan wu zhao	云山雾罩	1
yun ling	云岭	1
yun bu yu shi	云布雨施	1
yun bu yu run	云布雨润	1
yun kai jian tian	云开见天	1
yun kai jian ri	云开见日	1
yun kai wu san	云开雾散	1
yun bei hai si	云悲海思	1
yun qing yu yi	云情雨意	1
yun chou hai si	云愁海思	1
yun chou yu yuan	云愁雨怨	1
yun rao fu lie	云扰幅裂	1
yun shou yu san	云收雨散	1
yun san	云散	1
yun san feng liu	云散风流	1
yun jing	云景	1
yun zhao yu mu	云朝雨暮	1
yun qi yu xin	云期雨信	1
yun qi yu yue	云期雨约	1
yun shu zhi si	云树之思	1
yun shao	云梢	1
yun ni zhi bie	云泥之别	1
yun ni zhi cha	云泥之差	1
yun ni yi lu	云泥异路	1
yun ni shu lu	云泥殊路	1
yun xiao yu san	云消雨散	1
yun xiao wu san	云消雾散	1
yun yong	云涌	1
yun yong feng fei	云涌风飞	1
yun yong biao fa	云涌飙发	1
yun dan feng qing	云淡风轻	1
yun yan guo yan	云烟过眼	1
yun pian gao	云片糕	1
yun cheng wan li	云程万里	1
yun cheng fa ren	云程发轫	1
yun chuang wu jian	云窗雾槛	1
yun fan yu fu	云翻雨覆	1
yun shu xia juan	云舒霞卷	1
yun xing yu shi	云行雨施	1
yun xing yu qia	云行雨洽	1
yun qu wu fu	云趋鹜赴	1
yun guo tian kong	云过天空	1
yun liang	云量	1
yun jie yue di	云阶月地	1
yun que	云雀	1
yun ji xiang ying	云集响应	1
yun ji jing cong	云集景从	1
yun ji jing fu	云集景附	1
yun yu	云雨	1
yun yu wu shan	云雨巫山	1
yun wu mi meng	云雾迷蒙	1
yun fei ni chen	云飞泥沉	1
yun fei yu san	云飞雨散	1
yun long feng hu	云龙风虎	1
hu wei yin guo	互为因果	1
hu wei biao li	互为表里	1
hu bo tong chuang	互剥痛疮	1
hu zhu zu	互助组	1
hu hui hu li	互惠互利	1
hu jing hu ai	互敬互爱	1
hu pai	互派	1
hu ji	互济	1
hu ai	互爱	1
hu xiang tui wei	互相推诿	1
hu xiang biao bang	互相标榜	1
hu jian	互见	1
hu liang	互谅	1
hu liang hu rang	互谅互让	1
hu tong you wu	互通有无	1
wu yi guo ji lao dong jie	五一国际劳动节	1
wu shi qi chang	五世其昌	1
wu qin liu juan	五亲六眷	1
wu ti tou cheng	五体投诚	1
wu hou qi gui	五侯七贵	1
wu hou la zhu	五侯蜡烛	1
wu nei	五内	1
wu nei ju beng	五内俱崩	1
wu nei ru fen	五内如焚	1
wu dong liu xia	五冬六夏	1
wu hua	五华	1
wu tai	五台	1
wu he liu ju	五合六聚	1
wu si qing nian jie	五四青年节	1
wu da san cu	五大三粗	1
wu guan ke	五官科	1
wu chi zhi tong	五尺之僮	1
wu chi zhi tong	五尺之童	1
wu chi shu zi	五尺竖子	1
wu chi tong zi	五尺童子	1
wu ling	五岭	1
wu xin liu yi	五心六意	1
wu qiang liu duo	五抢六夺	1
wu dou zhe yao	五斗折腰	1
wu dou gui	五斗柜	1
wu dou chu	五斗橱	1
wu fang za chu	五方杂处	1
wu geng	五更	1
wu geng tian	五更天	1
wu yue jie	五月节	1
wu fu	五服	1
wu du	五毒	1
wu du ju quan	五毒俱全	1
wu shen san ling	五申三令	1
wu nan er nv	五男二女	1
wu shi liu yi	五石六鹢	1
wu ji liu shou	五积六受	1
wu jing sao di	五经扫地	1
wu yang	五羊	1
wu gu da fu	五羖大夫	1
wu hu shi liu guo	五胡十六国	1
wu ji liu shou	五脊六兽	1
wu zang liu fu	五脏六腑	1
wu se xiang xuan	五色相宣	1
wu jie	五节	1
wu hua da bang	五花大绑	1
wu yun jie kong	五蕴皆空	1
wu zang liu fu	五藏六府	1
wu xu liu hao	五虚六耗	1
wu xing ju xia	五行俱下	1
wu hang ba zuo	五行八作	1
wu hang bing xia	五行并下	1
wu xing sheng ke	五行生克	1
wu jiao liu zhang	五角六张	1
wu yan jue ju	五言绝句	1
wu yan chang cheng	五言长城	1
wu gu bu fen	五谷不分	1
wu gu bu sheng	五谷不升	1
wu gu za liang	五谷杂粮	1
wu che fu si	五车腹笥	1
wu li wu zhong	五里雾中	1
wu jin hang	五金行	1
wu ling nian shao	五陵年少	1
wu ling ying shao	五陵英少	1
wu que liu yan	五雀六燕	1
wu ling er luo	五零二落	1
wu ling si san	五零四散	1
wu lei hong ding	五雷轰顶	1
wu yin liu lv	五音六律	1
wu feng shi yu	五风十雨	1
wu ma fen shi	五马分尸	1
wu huang liu yue	五黄六月	1
wu ding wan zhong	五鼎万钟	1
jing zhong qiu huo	井中求火	1
jing zhong shi xing	井中视星	1
jing jing you xu	井井有序	1
jing jing you fang	井井有方	1
jing jing you fa	井井有法	1
jing jing you xu	井井有绪	1
jing tai	井台	1
jing chang	井场	1
jing di	井底	1
jing di zhi wa	井底之蛙	1
jing di xia ma	井底虾蟆	1
jing di ha ma	井底蛤蟆	1
jing di ming wa	井底鸣蛙	1
jing shui bu fan he shui	井水不犯河水	1
jing xie bu shi	井渫不食	1
jing xie mo shi	井渫莫食	1
jing ran you xu	井然有序	1
jing ran you tiao	井然有条	1
jing guan ju xu	井管拘墟	1
jing jiu qin cao	井臼亲操	1
jing wa zhi jian	井蛙之见	1
gen gu bu mie	亘古不灭	1
gen gu qi wen	亘古奇闻	1
gen gu wei you	亘古未有	1
ya de li ya hai	亚得里亚海	1
ya jian die bei	亚肩叠背	1
ya jian die bei	亚肩迭背	1
ya fei la	亚非拉	1
ya ma sun he	亚马孙河	1
xie ge	些个	1
xie xiao	些小	1
xie wei	些微	1
xie xu	些须	1
ji ji	亟亟	1
ji ji ke cha	亟疾苛察	1
ji xu	亟须	1
wang bu dai xi	亡不待夕	1
wang bu xuan kui	亡不旋跬	1
wang bu xuan zhong	亡不旋踵	1
wang yi	亡佚	1
wang dang	亡党	1
wang you	亡友	1
wang ke nai he	亡可奈何	1
wang ming	亡命	1
wang ming zhi tu	亡命之徒	1
wang guo zhi qi	亡国之器	1
wang guo zhi sheng	亡国之声	1
wang guo zhi she	亡国之社	1
wang guo zhi yin	亡国之音	1
wang guo da fu	亡国大夫	1
wang guo nu	亡国奴	1
wang guo mie zhong	亡国灭种	1
wang guo po jia	亡国破家	1
wang shi	亡失	1
wang ji de mao	亡戟得矛	1
wang gu	亡故	1
wang yuan zai mu	亡猿灾木	1
wang yuan huo mu	亡猿祸木	1
wang shi yi zu	亡矢遗镞	1
wang qin san hu	亡秦三户	1
wang yang zhi tan	亡羊之叹	1
wang yang de niu	亡羊得牛	1
wang yang bu lao	亡羊补牢	1
wang hun	亡魂	1
wang hun sang dan	亡魂丧胆	1
wang hun sang po	亡魂丧魄	1
wang hun shi po	亡魂失魄	1
kang long you hui	亢龙有悔	1
jiao juan	交卷	1
jiao cha gan ran	交叉感染	1
jiao cha dian	交叉点	1
jiao cha ke xue	交叉科学	1
jiao kou tong sheng	交口同声	1
jiao kou cheng yu	交口称誉	1
jiao kou cheng zan	交口称赞	1
jiao he	交合	1
jiao xiang shi	交响诗	1
jiao tou hu er	交头互耳	1
jiao tou jie er	交头接耳	1
jiao hao	交好	1
jiao ji	交寄	1
jiao wei	交尾	1
jiao bing	交并	1
jiao di	交底	1
jiao wu	交恶	1
jiao huan jia zhi	交换价值	1
jiao huan tai	交换台	1
jiao hui dian	交汇点	1
jiao qian yan shen	交浅言深	1
jiao dan ruo shui	交淡若水	1
jiao dian	交电	1
jiao bai juan	交白卷	1
jiao xiang	交相	1
jiao xiang hui ying	交相辉映	1
jiao jie	交结	1
jiao neng yi zuo	交能易作	1
jiao bi	交臂	1
jiao bi li zhi	交臂历指	1
jiao bi shi zhi	交臂失之	1
jiao bi xiang shi	交臂相失	1
jiao jiao	交角	1
jiao huan	交还	1
jiao po	交迫	1
jiao tong xin hao	交通信号	1
jiao tong yuan	交通员	1
jiao tong geng se	交通梗塞	1
jiao tong che	交通车	1
jiao tong liang	交通量	1
jiao jing bing tou	交颈并头	1
jiao yan	交验	1
hai shi xiang wang	亥豕相望	1
yi bu yi qu	亦步亦趋	1
yi qu yi bu	亦趋亦步	1
chan gong xiao	产供销	1
chan cheng pin	产成品	1
chan qi	产期	1
chan ru qi	产褥期	1
chan xu	产需	1
heng jia zhi hui	亨嘉之会	1
heng tong	亨通	1
xiang le zhu yi	享乐主义	1
jing wei er	京味儿	1
jing guang tie lu	京广铁路	1
jing xi	京戏	1
jing pian zi	京片子	1
jing yun da gu	京韵大鼓	1
ting tai lou ge	亭台楼阁	1
ting zi jian	亭子间	1
ting zhang	亭长	1
liang fen	亮分	1
liang di	亮底	1
qin ding	亲丁	1
qin shang zuo qin	亲上做亲	1
qin shang cheng qin	亲上成亲	1
qin lin qi jing	亲临其境	1
qin wei	亲为	1
qin shi	亲事	1
qin ren shan lin	亲仁善邻	1
qin dai	亲代	1
qin xiong di	亲兄弟	1
qin bing	亲兵	1
qin mao shi shi	亲冒矢石	1
qin shan	亲善	1
qin zui	亲嘴	1
qin ru shou zu	亲如手足	1
qin ru gu rou	亲如骨肉	1
qin niang	亲娘	1
qing jia	亲家	1
qing jia gong	亲家公	1
qing jia mu	亲家母	1
qin mi wu jian	亲密无间	1
qin dang shi shi	亲当矢石	1
qin zheng	亲征	1
qin cao jing jiu	亲操井臼	1
qin zheng	亲政	1
qin gu	亲故	1
qin zu	亲族	1
qin ben	亲本	1
qin shu	亲疏	1
qin shu gui jian	亲疏贵贱	1
qin tong chou kuai	亲痛仇快	1
qin juan	亲眷	1
qin mu	亲睦	1
qin du	亲睹	1
qin zhi	亲知	1
qin li zhong pan	亲离众叛	1
qin yuan	亲缘	1
qin ling	亲聆	1
qin xian yuan ning	亲贤远佞	1
qin ying	亲迎	1
qin sui	亲随	1
qin gu rou	亲骨肉	1
wei wei bu juan	亹亹不倦	1
ren ding	人丁	1
ren ding xing wang	人丁兴旺	1
ren bu ke yi mao xiang	人不可以貌相	1
ren bu ke mao xiang	人不可貌相	1
ren bu zhi gui bu jue	人不知鬼不觉	1
ren bu liao sheng	人不聊生	1
ren bu zi an	人不自安	1
ren zhong	人中	1
ren zhong zhi long	人中之龙	1
ren zhong shi zi	人中狮子	1
ren zhong qi ji	人中骐骥	1
ren zhong long hu	人中龙虎	1
ren wei dao zu	人为刀俎	1
ren shi bu xing	人事不省	1
ren shi bu zhi	人事不知	1
ren shi bu xing	人事不醒	1
ren wang jia po	人亡家破	1
ren wang zheng xi	人亡政息	1
ren wang wu zai	人亡物在	1
ren wang bang cui	人亡邦瘁	1
ren ren de er zhu zhi	人人得而诛之	1
ren ren jie zhi	人人皆知	1
ren yi qun fen	人以群分	1
ren yang ma fan	人仰马翻	1
ren ti zha dan	人体炸弹	1
ren qian ren hou	人前人后	1
ren li che	人力车	1
ren qian ren wan	人千人万	1
ren dan shi gu	人单势孤	1
ren qu lou kong	人去楼空	1
ren shen guo	人参果	1
ren qu wo yu	人取我与	1
ren kou mi du	人口密度	1
ren kou zong shu	人口总数	1
ren ge you zhi	人各有志	1
ren wei er	人味儿	1
ren ming wei qian	人命危浅	1
ren di sheng shu	人地生疏	1
ren duo que shao	人多阙少	1
ren fu	人夫	1
ren tou chu ming	人头畜鸣	1
ren tou shui	人头税	1
ren xiao gui da	人小鬼大	1
ren jin qi cai	人尽其才	1
ren gong he cheng	人工合成	1
ren gong jiang yu	人工降雨	1
ren qiang sheng tian	人强胜天	1
ren qiang ma zhuang	人强马壮	1
ren xin bu gu	人心不古	1
ren xin bu zu she tun xiang	人心不足蛇吞象	1
ren xin sang jin	人心丧尽	1
ren xin xiang bei	人心向背	1
ren xin da kuai	人心大快	1
ren xin huan san	人心涣散	1
ren xin mo ce	人心莫测	1
ren xin ge du pi	人心隔肚皮	1
ren xin nan ce	人心难测	1
ren ji wei qin	人急偎亲	1
ren xing lun	人性论	1
ren suo bu chi	人所不齿	1
ren suo gong zhi	人所共知	1
ren cai ji ji	人才济济	1
ren cai nan de	人才难得	1
ren shu zhong duo	人数众多	1
ren ji dui hua	人机对话	1
ren jie di ling	人杰地灵	1
ren yang er	人样儿	1
ren ge hua	人格化	1
ren mu gou yang	人模狗样	1
ren yu heng liu	人欲横流	1
ren shi	人氏	1
ren min dai biao da hui	人民代表大会	1
ren min nei bu mao dun	人民内部矛盾	1
ren min tuan ti	人民团体	1
ren min da hui tang	人民大会堂	1
ren min jiao shi	人民教师	1
ren min ying xiong ji nian bei	人民英雄纪念碑	1
ren fu yu shi	人浮于食	1
ren hai zhan shu	人海战术	1
ren she ang fou	人涉卬否	1
ren wu xiao xiang	人物肖像	1
ren qin liang wang	人琴两亡	1
ren qin ju wang	人琴俱亡	1
ren sheng he chu bu xiang feng	人生何处不相逢	1
ren sheng ru zhao lu	人生如朝露	1
ren sheng chao lu	人生朝露	1
ren sheng zi gu shei wu si	人生自古谁无死	1
ren sheng ruo ji	人生若寄	1
ren sheng lu bu shu	人生路不熟	1
ren sheng mian bu shu	人生面不熟	1
ren bai qi shen	人百其身	1
ren shen gong ji	人神共嫉	1
ren shen gong fen	人神共愤	1
ren shen tong ji	人神同嫉	1
ren yue huang hun	人约黄昏	1
ren ji jia zu	人给家足	1
ren zi wei zhan	人自为战	1
ren zi wei zheng	人自为政	1
ren mo yu du	人莫予毒	1
ren xing heng dao	人行横道	1
ren yan ke wei	人言可畏	1
ren yan ji ji	人言藉藉	1
ren yu ma si	人语马嘶	1
ren cai liang kong	人财两空	1
ren zu jia ji	人足家给	1
ren ga ren	人轧人	1
ren zao di qiu wei xing	人造地球卫星	1
ren zao xian wei	人造纤维	1
ren zao xing xing	人造行星	1
ren jian di yu	人间地狱	1
ren jian tian shang	人间天上	1
ren jian tian tang	人间天堂	1
ren jian zhong wan qing	人间重晚晴	1
ren fang gong cheng	人防工程	1
ren fei mu shi	人非木石	1
yi wan si nian	亿万斯年	1
yi xin wan ku	亿辛万苦	1
shen me shi	什么事	1
shi jian er	什件儿	1
shi wu dong xi	什伍东西	1
shi wei wu gong	什围伍攻	1
shi wu	什物	1
shi xi yi cang	什袭以藏	1
shi xi zhen cang	什袭珍藏	1
shi xi er cang	什袭而藏	1
shi jin	什锦	1
ren er	仁儿	1
ren hua	仁化	1
ren tong yi shi	仁同一视	1
ren di	仁弟	1
ren xin ren shu	仁心仁术	1
ren shu	仁术	1
ren jiang yi su	仁浆义粟	1
ren zhe neng ren	仁者能仁	1
ren zhi yi jin	仁至义尽	1
jin yi shen mian	仅以身免	1
jin zhi	仅只	1
jin gou	仅够	1
jin rong xuan ma	仅容旋马	1
jin jian	仅见	1
pu pu ji bai	仆仆亟拜	1
pu pu dao tu	仆仆道途	1
pu pu feng chen	仆仆风尘	1
pu cong	仆从	1
pu fu	仆妇	1
pu yi	仆役	1
chou wai	仇外	1
qiu xing	仇姓	1
chou yuan	仇怨	1
chou di	仇敌	1
chou sha	仇杀	1
chou xi	仇隙	1
jin bu ru xi	今不如昔	1
jin er ge	今儿个	1
jin xi he xi	今夕何夕	1
jin ri you jiu jin ri zui	今日有酒今日醉	1
jin zhao you jiu jin zhao zui	今朝有酒今朝醉	1
jin fan	今番	1
jin chan tui ke	今蝉蜕壳	1
jin yu xin zhi	今雨新知	1
cong yi er zhong	从一而终	1
cong zhong zuo geng	从中作梗	1
cong zhong yu li	从中渔利	1
cong jing jiu ren	从井救人	1
cong jin	从今	1
cong cong rong rong	从从容容	1
cong ling ru liu	从令如流	1
cong zhong	从众	1
cong you	从优	1
cong su	从俗	1
cong su jiu jian	从俗就简	1
cong su fu chen	从俗浮沉	1
cong xian	从先	1
cong jun	从军	1
cong xing	从刑	1
cong dong	从动	1
cong yi	从医	1
cong ming	从命	1
cong shang	从商	1
cong shan ru liu	从善如流	1
cong shan ru deng	从善如登	1
cong shan ruo liu	从善若流	1
cong bi shang guan	从壁上观	1
cong tian er xia	从天而下	1
cong tou che wei	从头彻尾	1
cong tou zhi wei	从头至尾	1
cong shi	从实	1
cong rong bu po	从容不迫	1
cong rong jiu yi	从容就义	1
cong rong ying dui	从容应对	1
cong rong zi zai	从容自在	1
cong rong zi ru	从容自如	1
cong rong zi ruo	从容自若	1
cong kuan fa luo	从宽发落	1
cong shu	从属	1
cong shi	从师	1
cong zheng	从征	1
cong xin suo yu	从心所欲	1
cong e ru beng	从恶如崩	1
cong e shi beng	从恶是崩	1
cong e ruo beng	从恶若崩	1
cong rong	从戎	1
cong jiao	从教	1
cong quan	从权	1
cong liu wang fan	从流忘反	1
cong fan	从犯	1
cong lve	从略	1
cong jian	从简	1
cong liang	从良	1
cong yi	从艺	1
cong jian ru liu	从谏如流	1
cong qing fa luo	从轻发落	1
cong su	从速	1
cong zhong	从重	1
cong chang shang yi	从长商议	1
cong chang ji yi	从长计议	1
cong chang ji jiao	从长计较	1
cong nan	从难	1
cong feng er fu	从风而服	1
cong feng er mi	从风而靡	1
cang chu chao shi	仓储超市	1
cang cu	仓卒	1
cang cu zhu ren	仓卒主人	1
cang cu zhi ji	仓卒之际	1
cang rong	仓容	1
cang jie	仓颉	1
zi mi	仔密	1
zi chu	仔畜	1
zi jian	仔肩	1
zi yu	仔鱼	1
zi ji	仔鸡	1
shi nv	仕女	1
shi nv tu	仕女图	1
ta xiang yi xian	他乡异县	1
ta xiang gu zhi	他乡故知	1
ta xiang yu gu zhi	他乡遇故知	1
ta men de	他们的	1
ta men zi ji	他们自己	1
ta men zi ji de	他们自己的	1
ta chu	他处	1
ta shan zhi shi	他山之石	1
ta zhi	他指	1
zhang jie si yi	仗节死义	1
fu yu	付与	1
fu zhi yi ju	付之一炬	1
fu zhi bing ding	付之丙丁	1
fu zhi du wai	付之度外	1
fu chou	付酬	1
xian le	仙乐	1
xian tai	仙台	1
xian zi yi mao	仙姿佚貌	1
xian shu	仙术	1
xian ye qiong jiang	仙液琼浆	1
xian lu ming zhu	仙露明珠	1
xian feng dao ge	仙风道格	1
xian feng dao qi	仙风道气	1
xian feng dao gu	仙风道骨	1
ge lao zu	仡佬族	1
dai wei shuo xiang	代为说项	1
dai ren shou guo	代人受过	1
dai ren shuo xiang	代人说项	1
dai dai xiang chuan	代代相传	1
dai ban chu	代办处	1
dai shu he	代数和	1
dai shu xue	代数学	1
dai shu shi	代数式	1
dai shu shu	代数数	1
dai shu fang cheng	代数方程	1
dai cheng	代称	1
dai xing	代行	1
dai jin	代金	1
dai shi pin	代食品	1
dai ma yi feng	代马依风	1
dai ma wang bei	代马望北	1
ling bu xu xing	令不虚行	1
ling qin	令亲	1
ling ren zuo ou	令人作呕	1
ling ren qie chi	令人切齿	1
ling ren pen fan	令人喷饭	1
ling ren peng fu	令人捧腹	1
ling ren zhu mu	令人注目	1
ling ren shen wang	令人神往	1
ling ren mo ce	令人莫测	1
ling ren qi jing	令人起敬	1
ling ren chi leng	令人齿冷	1
ling xiong	令兄	1
ling yuan zhi qi	令原之戚	1
ling tang	令堂	1
ling mei	令妹	1
ling yuan	令媛	1
ling ai	令嫒	1
ling zun	令尊	1
ling di	令弟	1
ling qi	令旗	1
ling ai	令爱	1
ling zhuang	令状	1
ling jian	令箭	1
ling jian he hua	令箭荷花	1
ling jie	令节	1
ling xing ru liu	令行如流	1
ling xing jin zhi	令行禁止	1
ling yu	令誉	1
ling lang	令郎	1
yi yi dang shi	以一当十	1
yi yi chi wan	以一持万	1
yi yi zhi wan	以一知万	1
yi fou ji ke	以不济可	1
yi wei hou tu	以为后图	1
yi shu wei yu	以书为御	1
yi ren wei jian	以人为鉴	1
yi ren wei jing	以人为镜	1
yi ren ze guan	以人择官	1
yi zhong bao gua	以众暴寡	1
yi yi dai lao	以佚待劳	1
yi jia luan zhen	以假乱真	1
yi guan bu lv	以冠补履	1
yi li lei xing	以利累形	1
yi li fu ren	以力服人	1
yi gong bu guo	以功补过	1
yi sheng liang dan	以升量石	1
yi luan ji shi	以卵击石	1
yi luan tou shi	以卵投石	1
yi luan di shi	以卵敌石	1
yi gu wei jian	以古为鉴	1
yi gu wei jing	以古为镜	1
yi shou qi jian	以售其奸	1
yi ye ji zhao	以夜继朝	1
yi da wu xi	以大恶细	1
yi tian xia wei ji ren	以天下为己任	1
yi shou wei gong	以守为攻	1
yi gong xiao jue	以宫笑角	1
yi xiao jian da	以小见大	1
yi gong dai gan	以工代干	1
yi ji duo ren	以己度人	1
yi ruo zhi qiang	以弱制强	1
yi ruo sheng qiang	以弱胜强	1
yi qiang ling ruo	以强凌弱	1
yi qiang sheng ruo	以强胜弱	1
yi wei zhi zhuo	以微知着	1
yi wei zhi zhu	以微知著	1
yi de fu ren	以德服人	1
yi de zhui huo	以德追祸	1
yi xin chuan xin	以心传心	1
yi ren wei hun	以忍为阍	1
yi e bao e	以恶报恶	1
yi yi wei zhi	以意为之	1
yi shen wei jian	以慎为键	1
yi gong wei shou	以攻为守	1
yi wen hui you	以文会友	1
yi ri wei nian	以日为年	1
yi bao yi bao	以暴易暴	1
yi zheng shi ting	以正视听	1
yi hui wei fa	以毁为罚	1
yi du gong du	以毒攻毒	1
yi mao xiang ma	以毛相马	1
yi shui tou shi	以水投石	1
yi shui xi xue	以水洗血	1
yi shui ji shui	以水济水	1
yi tang zhi fei	以汤止沸	1
yi tang wo fei	以汤沃沸	1
yi tang wo xue	以汤沃雪	1
yi mo xiang ru	以沫相濡	1
yi fa wei jiao	以法为教	1
yi ze liang shi	以泽量尸	1
yi ke fu ma	以渴服马	1
yi huo qu e	以火去蛾	1
yi ya huan ya	以牙还牙	1
yi zhu tan que	以珠弹雀	1
yi li fu ren	以理服人	1
yi shu jian qin	以疏间亲	1
yi yi jue yi	以疑决疑	1
yi bai wei hei	以白为黑	1
yi yan huan yan	以眼还眼	1
yi shi tou luan	以石投卵	1
yi shi tou shui	以石投水	1
yi li xiang dai	以礼相待	1
yi quan wei yu	以筌为鱼	1
yi jian yu fan	以简御繁	1
yi jian yu fan	以简驭繁	1
yi lei xiang cong	以类相从	1
yi zi wei zhu	以紫为朱	1
yi zi luan zhu	以紫乱朱	1
yi yang yi niu	以羊易牛	1
yi er wei mu	以耳为目	1
yi cha dang jiu	以茶当酒	1
yi tang dang che	以螳当车	1
yi li ce hai	以蠡测海	1
yi xue xi xue	以血洗血	1
yi guan hou xiao	以观后效	1
yi gui wei tian	以规为瑱	1
yi yan wei hui	以言为讳	1
yi yu wei shang	以誉为赏	1
yi yu jin neng	以誉进能	1
yi e chuan e	以讹传讹	1
yi cheng xiang dai	以诚相待	1
yi zi gu li	以资鼓励	1
yi shen xu guo	以身许国	1
yi jin	以近	1
yi huan	以还	1
yi yuan	以远	1
yi tui wei jin	以退为进	1
yi yi dai lao	以逸待劳	1
yi lin wei he	以邻为壑	1
yi xi shi wen	以郄视文	1
yi jiu jie cheng	以酒解酲	1
yi zhu cheng yi	以铢称镒	1
yi zhui ci di	以锥刺地	1
yi yi cheng zhu	以镒称铢	1
yi fang wan yi	以防万一	1
yi fang bu ce	以防不测	1
yi gu qu yi	以骨去蚁	1
yi lu wei ma	以鹿为马	1
yi hei wei bai	以黑为白	1
yi tai wan qian	仪态万千	1
yi tai wan fang	仪态万方	1
yi jie	仪节	1
yi jing ti xian	仪静体闲	1
yang bu kui tian	仰不愧天	1
yang zhi mi gao	仰之弥高	1
yang shi fu chu	仰事俛畜	1
yang shi fu xu	仰事俯畜	1
yang shi fu yu	仰事俯育	1
yang ren mei jie	仰人眉睫	1
yang ren bi xi	仰人鼻息	1
yang zhang	仰仗	1
yang guang	仰光	1
yang ba cha	仰八叉	1
yang qu fu shi	仰取俯拾	1
yang wu zhuo shu	仰屋着书	1
yang wu qie tan	仰屋窃叹	1
yang wu zhu shu	仰屋著书	1
yang cheng	仰承	1
yang shi fu qu	仰拾俯取	1
yang yong	仰泳	1
yang ji	仰给	1
yang bo	仰脖	1
yang guan fu cha	仰观俯察	1
yang jiao	仰角	1
yang lai	仰赖	1
yang kao	仰靠	1
yang mian	仰面	1
yang mian tuo tian	仰面唾天	1
yang mian chao tian	仰面朝天	1
yang shao wen hua	仰韶文化	1
yang shou	仰首	1
yang shou shen mei	仰首伸眉	1
zhong sun	仲孙	1
zhong jia	仲家	1
pi li	仳离	1
jian tou	件头	1
jia zhi gui lv	价值规律	1
jia zhi lian cheng	价值连城	1
jia zeng yi gu	价增一顾	1
jia mu	价目	1
jia mu biao	价目表	1
jia deng lian cheng	价等连城	1
jia qian	价签	1
ren qiu	任丘	1
ren ren wei qin	任人唯亲	1
ren ren wei xian	任人唯贤	1
ren ren bai bu	任人摆布	1
ren cong	任从	1
ren bian	任便	1
ren qi zi liu	任其自流	1
ren qi zi ran	任其自然	1
ren nei	任内	1
ren lao ren yuan	任劳任怨	1
ren xing	任姓	1
ren yuan ren lao	任怨任劳	1
ren qing	任情	1
ren mai	任脉	1
ren xian shi neng	任贤使能	1
ren da bu ju	任达不拘	1
ren zhong cai qing	任重才轻	1
ren zhong zhi yuan	任重至远	1
ren zhong zhi yuan	任重致远	1
ren zhong dao you	任重道悠	1
ren sui	任随	1
fen er cai	份儿菜	1
fen er fan	份儿饭	1
fen di	份地	1
fang dan	仿单	1
fang song ti	仿宋体	1
fang jian	仿建	1
pang huang shi cuo	仿徨失措	1
fang sheng	仿生	1
fang xing	仿行	1
qi ye hua	企业化	1
qi dai	企待	1
qi guan	企管	1
qi zu er dai	企足而待	1
qi zhong ke dai	企踵可待	1
yi yu hu di	伊于胡底	1
yi he di zhi	伊何底止	1
yi wu	伊吾	1
fu di	伏地	1
fu di sheng ren	伏地圣人	1
fu tie	伏帖	1
fu jia	伏瘕	1
fu er shi tian	伏而咶天	1
fu hu xiang long	伏虎降龙	1
fa bing zhi jia	伐冰之家	1
fa gong jin neng	伐功矜能	1
fa qu	伐区	1
fa yi dang tong	伐异党同	1
fa mao xi sui	伐毛洗髓	1
xiu ye	休业	1
xiu shu	休书	1
xiu xiu you rong	休休有容	1
xiu hui	休会	1
xiu bing	休兵	1
xiu bing ba zhan	休兵罢战	1
xiu yang suo	休养所	1
xiu yang sheng xi	休养生息	1
xiu kan	休刊	1
xiu sheng mei yu	休声美誉	1
xiu ning	休宁	1
xiu zhan	休战	1
xiu qi	休戚	1
xiu qi yu gong	休戚与共	1
xiu qi xiang guan	休戚相关	1
xiu ming sheng shi	休明盛世	1
xiu zhi	休止	1
xiu zhi fu	休止符	1
xiu yu	休渔	1
xiu niu gui ma	休牛归马	1
xiu niu san ma	休牛散马	1
xiu ban	休班	1
xiu geng	休耕	1
xiu geng di	休耕地	1
zhong ren guang zuo	众人广坐	1
zhong ren shi chai huo yan gao	众人拾柴火焰高	1
zhong pan qin li	众叛亲离	1
zhong kou jiao chuan	众口交传	1
zhong kou tong sheng	众口同声	1
zhong kou xun tian	众口熏天	1
zhong kou xiang chuan	众口相传	1
zhong kou nan tiao	众口难调	1
zhong zhuo tong yin	众啄同音	1
zhong xu piao shan	众喣漂山	1
zhong hao zhong wu	众好众恶	1
zhong gua bu di	众寡不敌	1
zhong shao cheng duo	众少成多	1
zhong nu nan ren	众怒难任	1
zhong nu nan fan	众怒难犯	1
zhong suo gong zhi	众所共知	1
zhong shu	众数	1
zhong xing gong bei	众星拱北	1
zhong xing cuan yue	众星攒月	1
zhong hui xiao gu	众毁销骨	1
zhong mao cuan qiu	众毛攒裘	1
zhong mao fei gu	众毛飞骨	1
zhong sheng xiang	众生相	1
zhong mu gong du	众目共睹	1
zhong mu gong shi	众目共视	1
zhong shi zhi di	众矢之的	1
zhong hu tong xin	众虎同心	1
zhong shuo	众说	1
zhong shuo fen rou	众说纷揉	1
zhong nan qun yi	众难群疑	1
zhong nan qun yi	众难群移	1
you jia	优价	1
you meng yi guan	优孟衣冠	1
you dai quan	优待券	1
you hui dai yu	优惠待遇	1
you fu jin	优抚金	1
you you bu duan	优游不断	1
you you zu sui	优游卒岁	1
you you zi de	优游自得	1
you you zi ruo	优游自若	1
huo fu	伙夫	1
hui zhong	会众	1
hui yuan	会元	1
hui dang	会党	1
hui dian	会典	1
hui jiao	会剿	1
hui yan	会厌	1
hui you	会友	1
hui yuan guo	会员国	1
hui yuan zheng	会员证	1
hui shang	会商	1
hui zhi	会址	1
hui tang	会堂	1
hui ning	会宁	1
hui shen	会审	1
hui ke	会客	1
hui ke shi	会客室	1
hui jia bu mang	会家不忙	1
hui shao li duo	会少离多	1
hui hui	会徽	1
hui yi	会意	1
hui bao	会报	1
hui cao	会操	1
hui chang	会昌	1
hui qi	会期	1
hui biao	会标	1
hui shui	会水	1
hui yan	会演	1
hui li	会理	1
hui she	会社	1
hui zhang	会章	1
hui qian	会签	1
hui ji	会籍	1
hui zhe bu mang	会者不忙	1
hui ju	会聚	1
kuai ji zhi du	会计制度	1
hui shi	会试	1
hui zhang	会账	1
hui che	会车	1
hui tong	会通	1
hui feng qi shi	会逢其适	1
hui dao neng shuo	会道能说	1
hui dao men	会道门	1
hui chao	会钞	1
hui yin	会阴	1
hui ji	会集	1
hui feng	会风	1
hui can	会餐	1
hui shou	会首	1
hui qi	会齐	1
yu lv	伛偻	1
san gai	伞盖	1
san gu	伞骨	1
wei lun	伟论	1
chuan wei jia hua	传为佳话	1
chuan wei xiao bing	传为笑柄	1
chuan wei xiao tan	传为笑谈	1
chuan wei mei tan	传为美谈	1
chuan xi	传习	1
chuan dai	传代	1
chuan ling	传令	1
chuan ling bing	传令兵	1
chuan dong dai	传动带	1
chuan dan zha dan	传单炸弹	1
chuan ming	传名	1
chuan gao	传告	1
chuan hu	传呼	1
chuan hu dian hua	传呼电话	1
chuan gui xi zu	传圭袭组	1
chuan sheng	传声	1
chuan sheng qi	传声器	1
chuan sheng tong	传声筒	1
chuan zong jie dai	传宗接代	1
chuan jia	传家	1
chuan jia bao	传家宝	1
chuan bu	传布	1
chuan bang dai	传帮带	1
chuan qing	传情	1
chuan yang	传扬	1
chuan ji	传技	1
chuan chao	传抄	1
chuan zhi	传旨	1
chuan ben	传本	1
chuan bei nong zhan	传杯弄盏	1
chuan bei huan zhan	传杯换盏	1
chuan bing yi jie	传柄移藉	1
chuan xi er ding	传檄而定	1
chuan jue xi zi	传爵袭紫	1
zhuan lve	传略	1
chuan zhen dian bao	传真电报	1
chuan shen e du	传神阿堵	1
chuan zhong	传种	1
chuan fen	传粉	1
chuan zhi tiao	传纸条	1
chuan jing	传经	1
chuan jing song bao	传经送宝	1
chuan xun	传讯	1
zhuan ji pian	传记片	1
chuan yi	传译	1
chuan hua	传话	1
chuan song	传诵	1
chuan song yi shi	传诵一时	1
chuan zhi	传质	1
chuan da shi	传达室	1
chuan song dai	传送带	1
chuan dao shou ye	传道受业	1
chuan wen	传问	1
chuan wen bu ru qin jian	传闻不如亲见	1
chuan wen yi ci	传闻异辞	1
chuan yue	传阅	1
chuan song	传颂	1
chuan feng shan huo	传风扇火	1
chuan feng shan huo	传风搧火	1
chuan gui xi zi	传龟袭紫	1
shang wang shi gu	伤亡事故	1
shang hua bai su	伤化败俗	1
shang hao	伤号	1
shang jiao bai su	伤教败俗	1
shang can ren	伤残人	1
shang bing yuan	伤病员	1
shang hen wen xue	伤痕文学	1
shang jin dong gu	伤筋动骨	1
shang yan zha yu	伤言扎语	1
shang cai	伤财	1
shang feng bai su	伤风败俗	1
shang feng bai hua	伤风败化	1
lun dun da xue	伦敦大学	1
cang su	伧俗	1
wei zheng quan	伪政权	1
wei cheng	伪称	1
bo le yi gu	伯乐一顾	1
bo le xiang ma	伯乐相马	1
bo zhong	伯仲	1
bo zhong zhi jian	伯仲之间	1
bo zhong shu ji	伯仲叔季	1
bo gong	伯公	1
bo li zi	伯利兹	1
bo lao	伯劳	1
bo lao fei yan	伯劳飞燕	1
bo xun zhong chi	伯埙仲篪	1
bo po	伯婆	1
bo er ni	伯尔尼	1
bo de	伯德	1
bo ge ji wu	伯歌季舞	1
bo yu zhi fei	伯玉知非	1
bo zu	伯祖	1
bo zu mu	伯祖母	1
bo dao wu er	伯道无儿	1
gu chan	估产	1
gu dui er	估堆儿	1
gu mo	估摸	1
gu yi	估衣	1
ban tong	伴同	1
ban du	伴读	1
ban shi zhong shu	伴食中书	1
ban shi zai xiang	伴食宰相	1
shen tou	伸头	1
shen tou tan nao	伸头探脑	1
shen tou suo jing	伸头缩颈	1
shen shou bu jian wu zhi	伸手不见五指	1
shen qu	伸曲	1
shen suo xing	伸缩性	1
shen she tou	伸舌头	1
ci hou	伺侯	1
si nong	伺弄	1
si xia dao pin	伺瑕导蠙	1
si xia dao xi	伺瑕导隙	1
si xia di pin	伺瑕抵蠙	1
si xia di xi	伺瑕抵隙	1
si xi	伺隙	1
si dong fei dong	似懂非懂	1
si ceng	似曾	1
si you ru wu	似有如无	1
si shui ru yu	似水如鱼	1
si shui liu nian	似水流年	1
si qi ru jiao	似漆如胶	1
si xiao fei xiao	似笑非笑	1
si jian zai xian	似箭在弦	1
si zui ru chi	似醉如痴	1
si fei er shi	似非而是	1
jia li lve	伽利略	1
qie lan	伽蓝	1
ga ma	伽马	1
ga ma dao	伽马刀	1
ga ma she xian	伽马射线	1
dian nong	佃农	1
dian ke	佃客	1
dian hu	佃户	1
dian zu	佃租	1
wei bu qi jiao	位不期骄	1
wei bei	位卑	1
wei neng	位能	1
di ao	低凹	1
di yin qian chang	低吟浅唱	1
di ya	低哑	1
di chang qian zhen	低唱浅斟	1
di chang qian zhuo	低唱浅酌	1
di hui bu yi	低回不已	1
di di	低地	1
di sheng ya qi	低声哑气	1
di sheng xi yu	低声细语	1
di chu	低处	1
di tou sang qi	低头丧气	1
di tou ha yao	低头哈腰	1
di tou da nao	低头搭脑	1
di tou da nao	低头耷脑	1
di ping	低平	1
di nian ji	低年级	1
di you	低幼	1
di du	低度	1
di qing qu yi	低情曲意	1
di zhi	低智	1
di yan	低盐	1
di mei zhe yao	低眉折腰	1
di tang	低糖	1
di ji qu wei	低级趣味	1
di wei du	低纬度	1
di neng er	低能儿	1
di xue ya	低血压	1
di zhi	低质	1
di xian	低限	1
zhu yi xiu	住一宿	1
zhu di	住地	1
zhu du	住读	1
zuo yong de chang	佐雍得尝	1
zuo yong de chang	佐饔得尝	1
you zhu	佑助	1
ti li	体例	1
ti guo jing ye	体国经野	1
ti wai shou jing	体外受精	1
ti wai xun huan	体外循环	1
ti da si jing	体大思精	1
ti cha	体察	1
ti chang	体尝	1
ti ji	体己	1
ti shi	体式	1
ti ruo	体弱	1
ti nian	体念	1
ti tai yu	体态语	1
ti xing	体性	1
ti xu ru wei	体恤入微	1
ti wu	体悟	1
ti xi	体惜	1
ti gai	体改	1
ti wu wan pi	体无完皮	1
ti wu wan fu	体无完肤	1
ti jian biao	体检表	1
ti wen biao	体温表	1
ti wen ji	体温计	1
ti wu yuan qing	体物缘情	1
ti yong	体用	1
ti xuan	体癣	1
ti tong	体统	1
ti fu	体肤	1
ti yu dao de	体育道德	1
ti zhang xi shu	体胀系数	1
ti qiang	体腔	1
ti gui hua yuan	体规画圆	1
ti ren	体认	1
ti mao	体貌	1
ti tie ru miao	体贴入妙	1
ti tie ru wei	体贴入微	1
ti liang	体量	1
he le bu wei	何乐不为	1
he le er bu wei	何乐而不为	1
he xian gu	何仙姑	1
he qi du ye	何其毒也	1
he qi xiang si nai er	何其相似乃尔	1
he gan	何干	1
he bi dang chu	何必当初	1
he huan wu ci	何患无辞	1
he suo bu wei	何所不为	1
he suo bu you	何所不有	1
he suo bu zhi	何所不至	1
he gu	何故	1
he zeng	何曾	1
he zui zhi you	何罪之有	1
he zhe	何者	1
he xu	何许	1
he xu ren	何许人	1
he zu wei qi	何足为奇	1
he zu jie yi	何足介意	1
he zu gua chi	何足挂齿	1
he zu dao zai	何足道哉	1
he shou wu	何首乌	1
yu guang fen ren	余光分人	1
yu xing	余兴	1
yu qie	余切	1
yu yong ke gu	余勇可贾	1
yu tou	余头	1
yu zi lu lu	余子碌碌	1
yu shu	余数	1
yu du	余毒	1
yu gao sheng fu	余膏剩馥	1
yu jiao	余角	1
yu liang	余量	1
yu xia san qi	余霞散绮	1
yu yun liu feng	余韵流风	1
yu feng	余风	1
yu feng yi wen	余风遗文	1
yu shi zhui xing	余食赘行	1
yi shi	佚失	1
yi wen	佚文	1
fo shi	佛事	1
fo hui	佛会	1
fo guang	佛光	1
fo guang si	佛光寺	1
fo dian	佛典	1
fo kou she xin	佛口蛇心	1
fo hao	佛号	1
fo tang	佛堂	1
fo ta	佛塔	1
fo tou jia hui	佛头加秽	1
fo tou zhuo fen	佛头着粪	1
fo tou zhuo fen	佛头著粪	1
fo si	佛寺	1
fu tu	佛徒	1
fo xin she kou	佛心蛇口	1
fo xing	佛性	1
fo xing chan xin	佛性禅心	1
fo shou	佛手	1
fo shou gan	佛手柑	1
fo dian	佛殿	1
fo ye	佛爷	1
fo ya	佛牙	1
fo zhu	佛珠	1
fo jia cao	佛甲草	1
fo yan fo xin	佛眼佛心	1
fo yan xiang kan	佛眼相看	1
fo xi	佛系	1
fo men di zi	佛门弟子	1
fo kan	佛龛	1
zuo le	作乐	1
zuo zuo you mang	作作有芒	1
zuo xing	作兴	1
zuo bie	作别	1
zuo gu zheng jing	作古正经	1
zuo ou	作呕	1
zuo shan jiang xiang	作善降祥	1
zuo kun shou dou	作困兽斗	1
zuo bi shang guan	作壁上观	1
zuo hao zuo dai	作好作歹	1
zuo ru shi guan	作如是观	1
zuo jia yi shang	作嫁衣裳	1
zuo jia xie hui	作家协会	1
zuo xiao fu di	作小服低	1
zuo nong	作弄	1
zuo e duo duan	作恶多端	1
zuo shu	作数	1
zuo dai wei fei	作歹为非	1
zuo lang xing feng	作浪兴风	1
zuo she dao pang	作舍道旁	1
zuo yan zao yu	作言造语	1
zuo jin shi sheng	作金石声	1
zuo nan	作难	1
gou lou	佝偻	1
gou lou bing	佝偻病	1
gou lou zhe yao	佝偻着腰	1
ni men lia	你们俩	1
ni men de	你们的	1
ni men zi ji	你们自己	1
ni men zi ji de	你们自己的	1
ni chang wo he	你唱我和	1
ni lai wo wang	你来我往	1
ni zhui wo gan	你追我赶	1
yong zhong jiao jiao	佣中佼佼	1
yong gong	佣工	1
yong qian	佣钱	1
yang zuo	佯作	1
yang cheng	佯称	1
yang feng zha mao	佯风诈冒	1
jia ren bo ming	佳人薄命	1
jia bing bu xiang	佳兵不祥	1
jia ju	佳句	1
jia qi	佳期	1
gui xing yu zhuang	佹形僪状	1
gui de gui shi	佹得佹失	1
tiao bo	佻薄	1
shi bu de	使不得	1
shi guai nong qiao	使乖弄巧	1
shi ling	使令	1
shi jia	使假	1
shi chu hun shen xie shu	使出浑身解数	1
shi gong bu ru shi guo	使功不如使过	1
shi huai	使坏	1
shi nv	使女	1
shi xin bie qi	使心别气	1
shi xing zi	使性子	1
shi yu shi guo	使愚使过	1
shi yang jiang lang	使羊将狼	1
shi bi shi zhi	使臂使指	1
shi jie	使节	1
shi xian ren neng	使贤任能	1
kan da shan	侃大山	1
zhi nv er	侄女儿	1
zhi nv xu	侄女婿	1
zhi sun	侄孙	1
zhi sun nv	侄孙女	1
chi li hong yan	侈丽闳衍	1
chi ren guan ting	侈人观听	1
chi chi bu xiu	侈侈不休	1
chi zong tou gou	侈纵偷苟	1
chi yi mei shi	侈衣美食	1
kua zi	侉子	1
li ju	例句	1
li zhi jin jian	例直禁简	1
li xing gong shi	例行公事	1
li xing chai shi	例行差事	1
shi cong	侍从	1
shi ying sheng	侍应生	1
shi nong	侍弄	1
shi zhi jin jie	侍执巾节	1
zhu ru yi jie	侏儒一节	1
zhu ru zheng	侏儒症	1
zhu ru guan xi	侏儒观戏	1
mou se chuai chen	侔色揣称	1
dong zu	侗族	1
gong shi	供事	1
gong ren	供人	1
gong fo	供佛	1
gong pin	供品	1
gong hai zi shang xue	供孩子上学	1
gong ying dian	供应点	1
gong ying zhan	供应站	1
gong liao	供料	1
gong lv ke xiu xi	供旅客休息	1
gong guo	供果	1
gong an	供案	1
gong zhuo	供桌	1
gong xin shang	供欣赏	1
gong zhuang	供状	1
gong xian	供献	1
gong cheng	供称	1
gong ji zhi	供给制	1
gong ren	供认	1
gong ren bu hui	供认不讳	1
gong ci	供词	1
gong du zhe can kao	供读者参考	1
gong guo yu qiu	供过于求	1
gong xiao he zuo she	供销合作社	1
zhou zhang wei huan	侜张为幻	1
yi kuang fu mu	依丱附木	1
yi cong	依从	1
yi yi xi bie	依依惜别	1
yi tou lv dang	依头缕当	1
yi tou shun wei	依头顺尾	1
yi ci lei tui	依此类推	1
yi fa pao zhi	依法炮制	1
yi yue	依约	1
yi cui wei hong	依翠偎红	1
yi wei liang ke	依违两可	1
yi e qu rong	依阿取容	1
xia nv	侠女	1
xia gu	侠骨	1
zhen cha yuan	侦察员	1
zhen tan xiao shuo	侦探小说	1
zhen tan pian	侦探片	1
zhen ji	侦缉	1
ce ji	侧击	1
ce wo	侧卧	1
ce xiang	侧向	1
ce shi	侧室	1
ce ying	侧影	1
ce zhi	侧枝	1
ce bai	侧柏	1
ce gen	侧根	1
zhai wai	侧歪	1
ce yong	侧泳	1
ce mu er shi	侧目而视	1
ce yi	侧翼	1
ce er	侧耳	1
ce ya	侧芽	1
ce shi	侧视	1
ce ji	侧记	1
ce zu er li	侧足而立	1
ce bian	侧边	1
ce jin	侧近	1
ce men	侧门	1
qiao shang	侨商	1
qiao shu	侨属	1
qiao ling	侨领	1
jin duo jin shao	侭多侭少	1
hou fu yu shi	侯服玉食	1
hou jue	侯爵	1
hou men	侯门	1
hou men si hai	侯门似海	1
hou men ru hai	侯门如海	1
hou men shen si hai	侯门深似海	1
bian zhong	便中	1
bian liao	便了	1
bian ren	便人	1
pian ning	便佞	1
bian han	便函	1
bian shi	便士	1
bian hu	便壶	1
pian bi	便嬖	1
bian an	便安	1
bian guan	便官	1
bian yi cong shi	便宜从事	1
bian yi shi xing	便宜施行	1
bian yi xing shi	便宜行事	1
bian yan	便宴	1
bian mao	便帽	1
bian suo	便所	1
bian fu	便服	1
bian tiao	便条	1
bian qiao	便桥	1
bian tong	便桶	1
bian bu	便步	1
bian bu zou	便步走	1
bian chi	便池	1
bian niao	便溺	1
bian pen	便盆	1
bian jian	便笺	1
bian qian	便签	1
bian xie	便血	1
bian zhuang	便装	1
bian lan	便览	1
bian lu	便路	1
bian che	便车	1
bian ci qiao shuo	便辞巧说	1
bian dao	便道	1
bian men	便门	1
bian xie	便鞋	1
bian can	便餐	1
bian fan	便饭	1
cu jin pai	促进派	1
zu shang rou	俎上肉	1
zu zun zhe chong	俎樽折冲	1
qiao tou	俏头	1
qiao cheng qiao bai	俏成俏败	1
qiao pi hua	俏皮话	1
qiao lian	俏脸	1
qiao huo	俏货	1
li luo	俐落	1
su bu ke yi	俗不可医	1
su bu ke nai	俗不可耐	1
su ti	俗体	1
su ti zi	俗体字	1
su jia	俗家	1
su qu	俗曲	1
fu di	俘敌	1
li qu	俚曲	1
li yu	俚语	1
fu shi yang qu	俛拾仰取	1
fu shi di jie	俛拾地芥	1
fu shou tie er	俛首帖耳	1
bao bu zhu	保不住	1
bao bu ding	保不定	1
bao bu qi	保不齐	1
bao jia	保价	1
bao wai zhi xing	保外执行	1
bao jia wei guo	保家卫国	1
bao de zhu	保得住	1
bao hu jia	保护价	1
bao shou	保收	1
bao zhen du	保真度	1
bao piao	保票	1
bao zhong	保种	1
bao shui cang ku	保税仓库	1
bao guan yuan	保管员	1
bao yu yuan	保育员	1
bao cang	保藏	1
bao zhi bao liang	保质保量	1
bao zhang	保长	1
bao xian dai	保险带	1
bao xian qi	保险期	1
bao xian xi shu	保险系数	1
bao xian ji	保鲜剂	1
bao xian dai	保鲜袋	1
yu yun	俞允	1
si he zhi qing	俟河之清	1
xin yi	信义	1
xin cong	信从	1
xin yi wei zhen	信以为真	1
xin ren gan	信任感	1
xin ren tou piao	信任投票	1
xin ji tun yu	信及豚鱼	1
xin kou	信口	1
xin kou kai he	信口开合	1
xin kou kai he	信口开呵	1
xin kou kai he	信口开喝	1
xin kou kai he	信口开河	1
xin kou hu yan	信口胡言	1
xin kou ci huang	信口雌黄	1
xin shi	信史	1
xin hao dan	信号弹	1
xin hao qi	信号旗	1
xin hao qiang	信号枪	1
xin hao deng	信号灯	1
xin shi	信士	1
xin tian you	信天游	1
xin tian weng	信天翁	1
xin nv	信女	1
xin shou	信守	1
xin shou bu yu	信守不渝	1
xin shi	信实	1
xin chai	信差	1
xin xi zhan	信息战	1
xin xi she hui	信息社会	1
xin xi lun	信息论	1
xin shou	信手	1
xin shou nian lai	信手拈来	1
xin ju	信据	1
xin jiao	信教	1
xin zha	信札	1
xin biao	信标	1
xin bu er xing	信步而行	1
xin hui	信汇	1
xin wu	信物	1
xin yong he zuo she	信用合作社	1
xin pi er	信皮儿	1
xin shi	信石	1
xin bi	信笔	1
xin bi tu ya	信笔涂鸦	1
xin jian	信笺	1
xin tong	信筒	1
xin er hao gu	信而好古	1
xin er you zheng	信而有征	1
xin er you zheng	信而有证	1
xin yan bu mei	信言不美	1
xin dai yuan	信贷员	1
xin shang bi fa	信赏必罚	1
xin xie	信邪	1
xin feng	信风	1
xin ma you jiang	信马由缰	1
xin ge	信鸽	1
yan hu qi ran	俨乎其然	1
jian bu zhong li	俭不中礼	1
jian ke yang lian	俭可养廉	1
jian gu neng guang	俭故能广	1
jian pu	俭朴	1
jian sheng	俭省	1
jian yue	俭约	1
xiu zhi	修枝	1
xiu zheng zhu yi	修正主义	1
xiu gai	修盖	1
xiu duan sui hua	修短随化	1
xiu du	修读	1
xiu shen jie xing	修身洁行	1
xiu lin yang zhao	修鳞养爪	1
xiu qi zhi ping	修齐治平	1
fu yang	俯仰	1
fu yang zhi jian	俯仰之间	1
fu yang wei wei	俯仰唯唯	1
fu yang wu kui	俯仰无愧	1
fu yang you ren	俯仰由人	1
fu yang sui ren	俯仰随人	1
fu chong	俯冲	1
fu shi yang qu	俯拾仰取	1
fu shi ji shi	俯拾即是	1
fu shi di jie	俯拾地芥	1
fu shi jie shi	俯拾皆是	1
fu jiao	俯角	1
fu shou tie er	俯首帖耳	1
ju shou bing xu	俱收并蓄	1
pai ju	俳句	1
bei ri bing xing	倍日并行	1
bei lv	倍率	1
bei dao jian xing	倍道兼行	1
bei dao er xing	倍道而行	1
shu di	倏地	1
shu hu zhi jian	倏忽之间	1
dao san dian si	倒三颠四	1
dao bu cuo	倒不错	1
dao mai dao mai	倒买倒卖	1
dao chan	倒产	1
dao cang	倒仓	1
dao fu	倒伏	1
dao xiu	倒休	1
dao xiang	倒像	1
dao er ye	倒儿爷	1
dao guan luo pei	倒冠落佩	1
dao guan luo pei	倒冠落珮	1
dao feng dian luan	倒凤颠鸾	1
dao chu	倒出	1
dao chu qu	倒出去	1
dao chu lai	倒出来	1
dao ci	倒刺	1
dao jian	倒剪	1
dao bao	倒包	1
dao mai wei jin pin	倒卖违禁品	1
dao luan xing	倒卵形	1
dao juan	倒卷	1
dao fan	倒反	1
dao xu	倒叙	1
dao tai	倒台	1
dao diao	倒吊	1
dao xiang	倒向	1
dao sang	倒嗓	1
dao jiao	倒嚼	1
dao yin wei guo	倒因为果	1
dao juan	倒圈	1
dao zai di shang	倒在地上	1
dao tan	倒坍	1
dao chui	倒垂	1
dao la ji	倒垃圾	1
dao tou	倒头	1
dao tou bian shui	倒头便睡	1
dao hao er	倒好儿	1
dao xi xiang ying	倒屣相迎	1
dao shan qing hai	倒山倾海	1
dao xia xie he	倒峡泻河	1
dao dai	倒带	1
dao dai jian	倒带键	1
dao xu	倒序	1
dao xu ci dian	倒序词典	1
dao zuo	倒座	1
dao lin qing qun	倒廪倾囷	1
dao nong	倒弄	1
dao cai	倒彩	1
dao xuan	倒悬	1
dao xuan zhi ji	倒悬之急	1
dao xuan zhi ku	倒悬之苦	1
dao bie qi	倒憋气	1
dao ge	倒戈	1
dao ge xie jia	倒戈卸甲	1
dao ji gan ge	倒戢干戈	1
dao shou	倒手	1
dao da yi wa	倒打一瓦	1
dao da yi pa	倒打一耙	1
dao kou	倒扣	1
dao zhi shou ban	倒执手版	1
dao zhao	倒找	1
dao ba	倒把	1
dao chou yi kou leng qi	倒抽一口冷气	1
dao chi tai a	倒持太阿	1
dao chi gan ge	倒持干戈	1
dao chi ge mao	倒持戈矛	1
dao chi shou ban	倒持手板	1
dao chi tai e	倒持泰阿	1
dao gua jin zhong	倒挂金钟	1
dao huan	倒换	1
dao jie	倒接	1
dao cha	倒插	1
dao cha bi	倒插笔	1
dao cha men	倒插门	1
dao shou fu xi	倒收付息	1
dao fang	倒放	1
dao shu shi	倒数式	1
dao shu bi	倒数比	1
dao shu ji shi	倒数计时	1
dao ying	倒映	1
dao chun han	倒春寒	1
dao ti	倒替	1
dao ban	倒板	1
dao guo wei yin	倒果为因	1
dao zai cong	倒栽葱	1
dao dang	倒档	1
dao qian	倒欠	1
dao bi	倒毙	1
dao hui	倒汇	1
dao hai fan jiang	倒海翻江	1
dao guan	倒灌	1
dao zao	倒灶	1
dao ye	倒爷	1
dao pian	倒片	1
dao pian ji	倒片机	1
dao pai zi	倒牌子	1
dao ya	倒牙	1
dao ban	倒班	1
dao jie	倒睫	1
dao piao	倒票	1
dao kong	倒空	1
dao suan	倒算	1
dao qie qing nang	倒箧倾囊	1
dao qie qing kuang	倒箧倾筐	1
dao fen	倒粪	1
dao beng hai er	倒绷孩儿	1
dao zhi gan ge	倒置干戈	1
dao wei kou	倒胃口	1
dao bei ru liu	倒背如流	1
dao bei shou	倒背手	1
dao mai chong	倒脉冲	1
dao ku shui	倒苦水	1
dao cha	倒茬	1
dao cha	倒茶	1
dao hong xi guan	倒虹吸管	1
dao xue mei	倒血霉	1
dao xing ni shi	倒行逆施	1
dao jie wo xiang	倒街卧巷	1
dao zhuang	倒装	1
dao zhuang ju	倒装句	1
dao zhuang ci xu	倒装词序	1
dao chang suo ling	倒裳索领	1
dao xu	倒许	1
dao du shu	倒读数	1
dao zhang	倒账	1
dao zhang juan tao	倒账卷逃	1
dao pei	倒赔	1
dao ta men	倒踏门	1
dao zhuan	倒转	1
dao zhuan lai shuo	倒转来说	1
dao lun zha	倒轮闸	1
dao zai gan ge	倒载干戈	1
dao guo er	倒过儿	1
dao guo qu	倒过去	1
dao yun	倒运	1
dao tui yi bu	倒退一步	1
dao jiu	倒酒	1
dao jin zi ta	倒金字塔	1
dao suo	倒锁	1
dao suo shang men	倒锁上门	1
dao cuo	倒错	1
dao ge	倒阁	1
dao feng	倒风	1
dao fei	倒飞	1
jue tou jue nao	倔头倔脑	1
jue tou jiang nao	倔头强脑	1
jue jiang	倔強	1
jue jiang ju ao	倔强倨傲	1
jue jiang	倔犟	1
chang yang	倘佯	1
tang shi	倘使	1
tang huo	倘或	1
tang lai zhi wu	倘来之物	1
tang ran	倘然	1
hou chang	候场	1
hou jiao	候教	1
hou ji	候机	1
hou che shi	候车室	1
hou feng di dong yi	候风地动仪	1
yi tian ba di	倚天拔地	1
yi jiao zuo mei	倚姣作媚	1
yi guan xie shi	倚官挟势	1
yi qiang ling ruo	倚强凌弱	1
yi cui wei hong	倚翠偎红	1
yi zhong	倚重	1
yi men mai qiao	倚门卖俏	1
yi lv wang qie	倚闾望切	1
yi ma ke dai	倚马可待	1
ti tang bu ji	倜傥不羁	1
ti tang bu qun	倜傥不群	1
jie dong feng	借东风	1
jie jiao bao chou	借交报仇	1
jie gong xing si	借公行私	1
jie ke bao chou	借客报仇	1
jie shi huan yang	借尸还阳	1
jie shi huan hun	借尸还魂	1
jie ju	借据	1
jie jing	借景	1
jie jing sheng qing	借景生情	1
jie shui xing zhou	借水行舟	1
jie peng shi feng	借篷使风	1
jie hua xian fo	借花献佛	1
jie du	借读	1
jie diao	借调	1
jie shen bao chou	借身报仇	1
jie zhong	借重	1
jie jing guan xing	借镜观形	1
jie mian diao sang	借面吊丧	1
jie ti fa hui	借题发挥	1
jie feng shi chuan	借风使船	1
jie ji sheng dan	借鸡生蛋	1
chang you	倡优	1
chang ban	倡办	1
chang qing ye si	倡情冶思	1
chang tiao ye ye	倡条冶叶	1
chang er bu he	倡而不和	1
chang yan	倡言	1
kong tong	倥侗	1
juan wei chi se	倦尾赤色	1
juan niao zhi huan	倦鸟知还	1
qian nv li hun	倩女离魂	1
wo gua	倭瓜	1
zhai tai gao zhu	债台高筑	1
zhai duo bu chou	债多不愁	1
zhi dang	值当	1
qing ce	倾侧	1
qing tu	倾吐	1
qing nang	倾囊	1
qing jia	倾家	1
qing jia po chan	倾家破产	1
qing jia jie chan	倾家竭产	1
qing jia bai chan	倾家败产	1
qing xin tu dan	倾心吐胆	1
qing xie du	倾斜度	1
qing xie	倾泄	1
qing sa	倾洒	1
qing pen da yu	倾盆大雨	1
qing gai	倾盖	1
qing gai ru gu	倾盖如故	1
qing kuang dao gui	倾筐倒庋	1
qing kuang dao qie	倾筐倒箧	1
qing xiang dao qie	倾箱倒箧	1
qing chang dao du	倾肠倒肚	1
qing jiao	倾角	1
yan qi pu gu	偃旗仆鼓	1
yan wu xiu bing	偃武休兵	1
yan wu xing wen	偃武兴文	1
yan wu xing wen	偃武行文	1
yan ge wei xuan	偃革为轩	1
yan ge dao ge	偃革倒戈	1
jia ren jia yi	假人假义	1
jia ren ci se	假人辞色	1
jia ren jia yi	假仁假义	1
jia ren jia yi	假仁假意	1
jia yi ci se	假以辞色	1
jia gong ji si	假公济私	1
jia gong ying si	假公营私	1
jia fen shu	假分数	1
jia li yu ren	假力于人	1
jia ming tuo xing	假名托姓	1
jia xing xing	假惺惺	1
jia ci bei	假慈悲	1
jia xi zhen zuo	假戏真做	1
jia shou yu ren	假手于人	1
jia ri jing ji	假日经济	1
jia tiao	假条	1
jia zhi	假植	1
jia mo jia shi	假模假式	1
jia yang gui zi	假洋鬼子	1
jia qiu	假球	1
jia chi bu dian	假痴不癫	1
jia chi jia dai	假痴假呆	1
jia mei san dao	假眉三道	1
jia hu zhang wei	假虎张威	1
jia yan	假言	1
jia yu chi sheng	假誉驰声	1
jia tu mie guo	假途灭虢	1
jia dao	假道	1
jia dao mie guo	假道灭虢	1
jia men jia shi	假门假事	1
jia men jia shi	假门假氏	1
jia ji	假髻	1
ji yu	偈语	1
wei gan jiu shi	偎干就湿	1
wei yong duo lan	偎慵堕懒	1
wei hong yi cui	偎红倚翠	1
pian yu	偏于	1
pian xin	偏信	1
pian xin ze an	偏信则暗	1
pian ting pian xin	偏听偏信	1
pian xin yan er	偏心眼儿	1
pian pi	偏裨	1
pian shi	偏食	1
pian fan	偏饭	1
xie xing	偕行	1
zuo qin	做亲	1
zuo jia	做假	1
zuo hao zuo e	做好做恶	1
zuo hao zuo dai	做好做歹	1
zuo yi fu	做衣服	1
zuo zheng	做证	1
zuo shi	做诗	1
zuo zei	做贼	1
ting yun luo yue	停云落月	1
ting fa	停发	1
ting qi zai qu	停妻再娶	1
ting jian	停建	1
ting dang	停当	1
ting liu zhang zhi	停留长智	1
ting shi	停食	1
ting shi	停驶	1
jian jiang	健将	1
jian shen qi	健身器	1
ou yi wei zhi	偶一为之	1
ou han shu	偶函数	1
ou fa	偶发	1
ou he	偶合	1
ou gan	偶感	1
tou he qu rong	偷合取容	1
tou he gou cong	偷合苟从	1
tou he gou rong	偷合苟容	1
tou gou xi ji	偷狗戏鸡	1
tou kong	偷空	1
tou ji bu zhe shi ba mi	偷鸡不着蚀把米	1
chang qi da yu	偿其大欲	1
fu li ye	傅立叶	1
fu fen he lang	傅粉何郎	1
fu fen shi zhu	傅粉施朱	1
bang ren li luo	傍人篱落	1
pang ruo wu ren	傍若无人	1
bang guan leng yan	傍观冷眼	1
bang guan zhe qing	傍观者清	1
bin xiang	傧相	1
chu you guan	储油罐	1
chu xu suo	储蓄所	1
chu xu yin hang	储蓄银行	1
chu jin	储金	1
lei ru sang gou	傫如丧狗	1
cui ban	催办	1
cui hua lie hua	催化裂化	1
cui fa	催发	1
cui tu ji	催吐剂	1
cui kuan	催款	1
cui lei dan	催泪弹	1
cui lei zha dan	催泪炸弹	1
cui mian qu	催眠曲	1
cui mian shu	催眠术	1
cui po	催迫	1
ao bu ke zhang	傲不可长	1
ao tou ao nao	傲头傲脑	1
ao man bu xun	傲慢不逊	1
ao man shao li	傲慢少礼	1
ao ni yi qie	傲睨一切	1
ao ni wan wu	傲睨万物	1
ao ni de zhi	傲睨得志	1
ao ni zi ruo	傲睨自若	1
ao shuang dou xue	傲霜斗雪	1
ao gu	傲骨	1
ao gu lin lin	傲骨嶙嶙	1
sha le	傻乐	1
sha jin er	傻劲儿	1
sha he he	傻呵呵	1
sha da hei cu	傻大黑粗	1
sha tou sha nao	傻头傻脑	1
xiang xin cheng yi	像心称意	1
xiang mu xiang yang	像模像样	1
xiang sha you jie shi	像煞有介事	1
xiang pian	像片	1
liao shu	僚属	1
seng duo zhou shao	僧多粥少	1
seng mao	僧帽	1
jiao yao	僬侥	1
tong pu	僮仆	1
jiang leng	僵冷	1
jiang si	僵死	1
jiang can	僵蚕	1
pi rang	僻壤	1
pi zi se ju	僻字涩句	1
pi xiang	僻巷	1
pi yuan	僻远	1
dan shi zhi chu	儋石之储	1
ru shang	儒商	1
ru jiang	儒将	1
ru jiao	儒教	1
ru shu	儒术	1
ru lin	儒林	1
ru shi dao	儒释道	1
ru ya feng liu	儒雅风流	1
ni bu yu lun	儗不于伦	1
ni fei qi lun	儗非其伦	1
er hua	儿化	1
er nv zhi qing	儿女之情	1
er nv qing jia	儿女亲家	1
er nv zhai	儿女债	1
er nv xin chang	儿女心肠	1
er nv qing chang	儿女情长	1
er nv cheng hang	儿女成行	1
er xi fu er	儿媳妇儿	1
er tong le yuan	儿童乐园	1
er tong cun	儿童村	1
er lang	儿郎	1
wu tu	兀秃	1
yun dang	允当	1
yun zhi qi zhong	允执其中	1
yun zhi jue zhong	允执厥中	1
yuan jian ju e	元奸巨恶	1
yuan e da jian	元恶大奸	1
yuan e da dui	元恶大憝	1
yuan rong qi xing	元戎启行	1
yuan qu	元曲	1
yuan jing mi zhi	元经秘旨	1
xiong di yi yi	兄弟怡怡	1
xiong di xi qiang	兄弟阋墙	1
xiong si di ji	兄死弟及	1
xiong fei di shou	兄肥弟瘦	1
chong ren	充任	1
chong se	充塞	1
chong tian sai di	充天塞地	1
chong shu	充数	1
chong dong han niu	充栋汗牛	1
chong dong ying che	充栋盈车	1
chong lei zhi jin	充类至尽	1
chong er bu wen	充耳不闻	1
zhao tou	兆头	1
zhao zai yong jie	兆载永劫	1
xian xia shou wei qiang	先下手为强	1
xian ling	先令	1
xian ru zhi jian	先入之见	1
xian fa zhi ren	先发制人	1
xian hao hou qing	先号后庆	1
xian hao hou xiao	先号后笑	1
xian tian bu zu	先天不足	1
xian fu	先夫	1
xian tou	先头	1
xian de wo xin	先得我心	1
xian you hou le	先忧后乐	1
xian wo zhuo bian	先我着鞭	1
xian fu	先父	1
xian wang	先王	1
xian du wei kuai	先睹为快	1
xian zhi xian jue	先知先觉	1
xian xiao hou hao	先笑后号	1
xian zi wei shi	先自隗始	1
xian xing hou wen	先行后闻	1
xian xing guan	先行官	1
xian jian	先见	1
xian jian zhi ming	先见之明	1
xian jue	先觉	1
xian nan hou huo	先难后获	1
xian yan lun	先验论	1
guang hua	光化	1
guang hua duo mu	光华夺目	1
guang ya	光压	1
guang ke jian ren	光可鉴人	1
guang dao xian wei	光导纤维	1
guang du	光度	1
guang cai zhao ren	光彩照人	1
guang kong	光控	1
guang ming lei luo	光明磊落	1
guang gan	光杆	1
guang gan er	光杆儿	1
guang gun er	光棍儿	1
guang wu ran	光污染	1
guang jie du	光洁度	1
guang liu	光溜	1
guang liu liu	光溜溜	1
guang yan wan zhang	光焰万丈	1
guang xian tong xin	光纤通信	1
guang neng	光能	1
guang ding	光腚	1
guang mang wan zhang	光芒万丈	1
guang rong gan	光荣感	1
guang rong bang	光荣榜	1
guang jie	光解	1
guang che jun ma	光车骏马	1
guang tong xin	光通信	1
guang cai duo mu	光采夺目	1
guang yin si jian	光阴似箭	1
guang feng ji yue	光风霁月	1
ke ding ke mao	克丁克卯	1
ke shi mi er	克什米尔	1
ke chuan gong ye	克传弓冶	1
ke fen zi	克分子	1
ke jin jue zhi	克尽厥职	1
ke jin zhi shou	克尽职守	1
ke ji shen xing	克己慎行	1
ke qi	克期	1
ke ge bo	克格勃	1
ke shi	克食	1
mian bu de	免不得	1
mian yu	免予	1
mian guan	免冠	1
mian fu	免服	1
mian jian	免检	1
mian piao	免票	1
mian shui dian	免税店	1
mian tan	免袒	1
wen ma	免麻	1
dui qu	兑取	1
dui huan quan	兑换券	1
dui kuan	兑款	1
tu si yan mai	兔丝燕麦	1
tu tou zhang nao	兔头麞脑	1
tu zi bu chi wo bian cao	兔子不吃窝边草	1
tu kui yan mai	兔葵燕麦	1
tu jiao niu yi	兔角牛翼	1
tu jiao gui mao	兔角龟毛	1
tu zou gu luo	兔走鹘落	1
tu qi hu luo	兔起鹘落	1
dang shen	党参	1
dang tong fa yi	党同伐异	1
dang tong du yi	党同妒异	1
dang tuan yuan	党团员	1
dang jian shi sheng	党坚势盛	1
dang xin	党心	1
dang e you jian	党恶佑奸	1
dang zheng gong tuan	党政工团	1
dang gun	党棍	1
dang piao	党票	1
dang jin	党禁	1
dang ji	党纪	1
dang gui	党规	1
dang chai wei nve	党豺为虐	1
dang xie chou zheng	党邪丑正	1
dang xie xian zheng	党邪陷正	1
dang feng	党风	1
dou tou gai lian	兜头盖脸	1
dou sheng yi	兜生意	1
dou du	兜肚	1
dou du lian chang	兜肚连肠	1
jing jing qian qian	兢兢乾乾	1
jing jing gan gan	兢兢干干	1
ru bu fu chu	入不敷出	1
ru cang	入仓	1
ru bao	入保	1
ru wu gou zhong	入吾彀中	1
ru wei er	入味儿	1
ru guo wen jin	入国问禁	1
ru tu wei an	入土为安	1
ru di wu men	入地无门	1
ru jing wen jin	入境问禁	1
ru xiao chu ti	入孝出弟	1
ru bao shan er kong hui	入宝山而空回	1
ru she	入射	1
ru xi	入戏	1
ru mu san fen	入木三分	1
ru dang	入档	1
ru xun	入汛	1
ru hai suan sha	入海算沙	1
ru gang	入港	1
ru huo fu tang	入火赴汤	1
ru li qie qing	入理切情	1
ru jing wen jin	入竟问禁	1
ru hang	入行	1
ru xie	入邪	1
ru tie zhu bu	入铁主簿	1
ru jing	入镜	1
ru gu	入骨	1
ru gu xiang si	入骨相思	1
quan fen	全份	1
quan xiu	全休	1
quan gong jin qi	全功尽弃	1
quan guo ren min dai biao da hui	全国人民代表大会	1
quan jing	全境	1
quan ri	全日	1
quan zhi quan neng	全智全能	1
quan min suo you zhi	全民所有制	1
quan qiu ding wei xi tong	全球定位系统	1
quan sheng	全盛	1
quan zhi quan neng	全知全能	1
quan piao	全票	1
quan neng quan zhi	全能全智	1
quan neng guan jun	全能冠军	1
quan neng yun dong	全能运动	1
quan ze	全责	1
quan shen yuan hai	全身远害	1
quan yun hui	全运会	1
quan shi	全食	1
ba yi jian jun jie	八一建军节	1
ba wan si qian	八万四千	1
ba jiu bu li shi	八九不离十	1
ba xian guo hai	八仙过海	1
ba qian li lu yun he yue	八千里路云和月	1
ba gua jiao	八卦教	1
ba da shan ren	八大山人	1
ba da hu tong	八大胡同	1
ba da xing xing	八大行星	1
ba zi da kai	八字打开	1
ba zi mei yi pie	八字没一撇	1
ba zi mei jian yi pie	八字没见一撇	1
ba zi hai mei you yi pie	八字还没有一撇	1
ba tai da jiao	八抬大轿	1
ba dou zhi cai	八斗之才	1
ba dou cai	八斗才	1
ba fang hu ying	八方呼应	1
ba fang feng yu	八方风雨	1
ba qi zi di	八旗子弟	1
ba yue jie	八月节	1
ba zhen yu shi	八珍玉食	1
ba gan zi da bu zhao	八竿子打不着	1
ba hong tong gui	八纮同轨	1
ba jie	八节	1
ba hang shu	八行书	1
ba jiao mao	八角帽	1
ba jiao hui xiang	八角茴香	1
ba xie	八邪	1
ba nan san zai	八难三灾	1
ba mian wei feng	八面威风	1
ba mian jian guang	八面见光	1
ba mian shi feng	八面驶风	1
ba feng	八风	1
gong liao	公了	1
gong xiu	公休	1
gong xiu ri	公休日	1
gong hou	公侯	1
gong bei shu	公倍数	1
gong zhai quan	公债券	1
gong jia	公假	1
gong gong shi ye	公共事业	1
gong gong ce suo	公共厕所	1
gong gong jian zhu	公共建筑	1
gong gong zhi xu	公共秩序	1
gong gong ji lei	公共积累	1
gong gong ke	公共课	1
gong fen zi	公分子	1
gong qie xian	公切线	1
gong zhu	公助	1
gong ting bing guan	公听并观	1
gong di	公地	1
gong zi wang sun	公子王孙	1
gong chai	公差	1
gong tang	公帑	1
gong ping he li	公平合理	1
gong shi hua	公式化	1
gong zhong ti guo	公忠体国	1
gong bao si chou	公报私仇	1
gong dan	公担	1
gong jiao ren yuan	公教人员	1
gong wen lv xing	公文旅行	1
gong ming zheng da	公明正大	1
gong zheng bu e	公正不阿	1
gong zheng lian ming	公正廉明	1
gong zheng lian jie	公正廉洁	1
gong zheng wu si	公正无私	1
gong min tou piao	公民投票	1
gong mao	公猫	1
gong chu	公畜	1
gong ji	公祭	1
gong si liang bian	公私两便	1
gong si liang ji	公私两济	1
gong si he ying	公私合营	1
gong cheng	公称	1
gong li xue xiao	公立学校	1
gong yue shu	公约数	1
gong yang	公羊	1
gong lun	公论	1
gong zhu	公诸	1
gong zhu tong hao	公诸同好	1
gong zhuan	公转	1
gong dao he li	公道合理	1
liu yi er tong jie	六一儿童节	1
liu yi guo ji er tong jie	六一国际儿童节	1
liu shi	六世	1
liu shu	六书	1
liu qin	六亲	1
liu qin bu ren	六亲不认	1
liu qin wu kao	六亲无靠	1
liu liu liu	六六六	1
liu chu qi ji	六出奇计	1
liu chu fen fei	六出纷飞	1
liu he zhi nei	六合之内	1
lu an	六安	1
liu chen bu ran	六尘不染	1
liu chi zhi gu	六尺之孤	1
liu chi zhi tuo	六尺之讬	1
liu shi	六师	1
liu xian qin	六弦琴	1
liu zhi	六指	1
liu zhi er	六指儿	1
liu yue xue	六月雪	1
liu yue fei shuang	六月飞霜	1
liu chao	六朝	1
liu chao jin fen	六朝金粉	1
liu gen	六根	1
liu gen qing jing	六根清净	1
liu gen qing jing	六根清静	1
liu yu	六欲	1
liu jia	六甲	1
liu chu	六畜	1
liu chu bu an	六畜不安	1
liu chu xing wang	六畜兴旺	1
liu pan shan	六盘山	1
liu li	六礼	1
liu zu	六祖	1
liu shen	六神	1
liu shen bu an	六神不安	1
liu shen wu zhu	六神无主	1
liu jing	六经	1
liu er bu tong mou	六耳不同谋	1
liu fu	六腑	1
liu bi san tou	六臂三头	1
liu yi	六艺	1
liu jie san shi	六街三市	1
liu jie san mo	六街三陌	1
liu jiao	六角	1
liu qu lun hui	六趣轮回	1
liu bian xing	六边形	1
liu tong si pi	六通四辟	1
liu tong si da	六通四达	1
liu dao lun hui	六道轮回	1
liu wen san tui	六问三推	1
liu tao san lve	六韬三略	1
liu ma yang mo	六马仰秣	1
lan zhou da xue	兰州大学	1
lan cui yu zhe	兰摧玉折	1
lan gui qi fang	兰桂齐芳	1
lan xun gui fu	兰熏桂馥	1
lan ai tong fen	兰艾同焚	1
lan ai nan fen	兰艾难分	1
lan re	兰若	1
lan cao	兰草	1
lan zhi xun xin	兰质熏心	1
lan ling wang	兰陵王	1
gong wei chun chi	共为唇齿	1
gong chan zhu yi she hui	共产主义社会	1
gong chan zhu yi dao de	共产主义道德	1
gong chan zhu yi qing nian tuan	共产主义青年团	1
gong chan dang xuan yan	共产党宣言	1
gong jia	共价	1
gong jia jian	共价键	1
gong tong shi chang	共同市场	1
gong tong xing	共同性	1
gong tong fan zui	共同犯罪	1
gong tong she	共同社	1
gong tong gang ling	共同纲领	1
gong tong yu	共同语	1
gong he zhi	共和制	1
gong shang guo shi	共商国是	1
gong cun wang	共存亡	1
gong ju	共居	1
gong zong	共总	1
gong zhen qi	共振器	1
gong wan lu che	共挽鹿车	1
gong zhi bie gan	共枝别干	1
gong qi	共栖	1
gong ji	共济	1
gong fan	共犯	1
gong sheng kuang	共生矿	1
gong xiang	共相	1
gong guan	共管	1
gong xian	共线	1
gong ju	共聚	1
gong ju wu	共聚物	1
gong rong	共荣	1
gong yi	共议	1
gong hua	共话	1
gong guan tong tiao	共贯同条	1
gong jin hui	共进会	1
gong qing tuan yuan	共青团员	1
gong can	共餐	1
gong ming qi	共鸣器	1
guan ting bing zhuan	关停并转	1
guan qia	关卡	1
guan sai	关塞	1
guan qing mai mai	关情脉脉	1
guan xi xue	关系学	1
guan xi hu	关系户	1
guan xi wang	关系网	1
guan jie dian	关节点	1
guan jie tong	关节痛	1
guan jian qi	关键期	1
guan men da ji	关门大吉	1
guan men da gou	关门打狗	1
guan men luo shuan	关门落闩	1
guan men bi hu	关门闭户	1
xing zhong hui	兴中会	1
xing yi	兴义	1
xing yun zhi yu	兴云致雨	1
xing wang	兴亡	1
xing wang huo fu	兴亡祸福	1
xing wang ji jue	兴亡继绝	1
xing hui	兴会	1
xing hui lin li	兴会淋漓	1
xing xiu	兴修	1
xing bing	兴兵	1
xing bing dong zhong	兴兵动众	1
xing li chu bi	兴利除弊	1
xing hua	兴化	1
xing tan	兴叹	1
xing wei	兴味	1
xing wei suo ran	兴味索然	1
xing cheng	兴城	1
xing tou	兴头	1
xing tou er shang	兴头儿上	1
xing ru jiao la	兴如嚼蜡	1
xing yao zuo luan	兴妖作乱	1
xing yao zuo nie	兴妖作孽	1
xing yao zuo guai	兴妖作怪	1
xing xue	兴学	1
xing an	兴安	1
xing jia li ye	兴家立业	1
xing gong	兴工	1
xing shi	兴师	1
xing shi dong zhong	兴师动众	1
xing shi wen zui	兴师问罪	1
xing ping	兴平	1
xing fei	兴废	1
xing fei ji jue	兴废继绝	1
xing wei ji jue	兴微继绝	1
xing wen	兴文	1
xing wen yan wu	兴文匽武	1
xing ti	兴替	1
xing mie ji jue	兴灭继绝	1
xing zhu	兴筑	1
xing zhi lin li	兴致淋漓	1
xing zhi suo ran	兴致索然	1
xing guan qun yuan	兴观群怨	1
xing e zao shan	兴讹造讪	1
xing ci gou song	兴词构讼	1
xing qu ang ran	兴趣盎然	1
xing bang	兴邦	1
xing bang li guo	兴邦立国	1
xing ge	兴革	1
xing feng zuo lang	兴风作浪	1
xing gao cai lie	兴高彩烈	1
bing ding	兵丁	1
bing bu yan quan	兵不厌权	1
bing bu yan zha	兵不厌诈	1
bing bu jie ren	兵不接刃	1
bing bu wu ren	兵不污刃	1
bing bu you jiang	兵不由将	1
bing bu xue ren	兵不血刃	1
bing bu xue ren	兵不雪刃	1
bing zu	兵卒	1
bing yuan	兵员	1
bing zai qi jing	兵在其颈	1
bing zai jing er bu zai duo	兵在精而不在多	1
bing duo jiang guang	兵多将广	1
bing jia	兵家	1
bing gong chang	兵工厂	1
bing chai	兵差	1
bing qiang ze mie	兵强则灭	1
bing qiang jiang yong	兵强将勇	1
bing qiang ma zhuang	兵强马壮	1
bing yi zhi du	兵役制度	1
bing wei jiang gua	兵微将寡	1
bing rong xiang jian	兵戎相见	1
bing na huo jie	兵拏祸结	1
bing wu xue ren	兵无血刃	1
bing wei xue ren	兵未血刃	1
bing xing gui dao	兵行诡道	1
bing bai ru shan dao	兵败如山倒	1
bing che	兵车	1
bing che zhi hui	兵车之会	1
bing lian huo jie	兵连祸结	1
qi le bu qiong	其乐不穷	1
qi le wu qiong	其乐无穷	1
qi xian	其先	1
qi nei	其内	1
qi shi xiong xiong	其势汹汹	1
qi wei wu qiong	其味无穷	1
qi ying ru xiang	其应如响	1
qi ying ruo xiang	其应若响	1
qi mao bu yang	其貌不扬	1
qi dao wang yao	其道亡繇	1
qi dao wu you	其道无由	1
ju ti lao dong	具体劳动	1
ju ti er wei	具体而微	1
ju jie	具结	1
dian xing hua	典型化	1
dian qi yu zi	典妻鬻子	1
zi shi ti da	兹事体大	1
yang nv	养女	1
yang jia huo kou	养家活口	1
yang zun chu you	养尊处优	1
yang fu	养父	1
yang fu mu	养父母	1
yang sheng sang si	养生丧死	1
yang chu	养畜	1
yang jing xu rui	养精畜锐	1
yang hu wei huan	养虎为患	1
yang hui cheng she	养虺成蛇	1
yang lu gong	养路工	1
yang yin jiu gao	养音九皋	1
jian bao bing rong	兼包并容	1
jian bao bing chu	兼包并畜	1
jian ting ze ming	兼听则明	1
jian guan zhong fu	兼官重绂	1
jian rong bing bao	兼容并包	1
jian rong bing xu	兼容并蓄	1
jian chai	兼差	1
jian shou bo cai	兼收博采	1
jian shou bing lu	兼收并录	1
jian shou bing chu	兼收并畜	1
jian shou bing xu	兼收并蓄	1
jian shou bing cai	兼收并采	1
jian zhu zhong zi	兼朱重紫	1
jian cheng bing jin	兼程并进	1
jian guan	兼管	1
jian er you zhi	兼而有之	1
shou ju niao san	兽聚鸟散	1
nei zhong	内中	1
nei xiang	内乡	1
nei luan	内乱	1
nei zheng	内争	1
nei qin	内亲	1
nei ren	内人	1
nei zhuan	内传	1
nei zhi	内侄	1
nei zhi nv	内侄女	1
nei shi	内侍	1
nei qin	内侵	1
nei xiu wai rang	内修外攘	1
nei zhai	内债	1
nei qing	内倾	1
nei xiong	内兄	1
nei guan	内关	1
nei chu xue	内出血	1
nei qie yuan	内切圆	1
nei zhu	内助	1
nei zhu zhi xian	内助之贤	1
nei hua	内化	1
nei xiang xing	内向型	1
nei sheng wai wang	内圣外王	1
nei wai jiao kun	内外交困	1
nei wai jia gong	内外夹攻	1
nei jian	内奸	1
nei zi	内子	1
nei zhai	内宅	1
nei shi	内室	1
nei rong ti yao	内容提要	1
nei bin	内宾	1
nei ceng	内层	1
nei wu	内屋	1
nei jun wai he	内峻外和	1
nei ying	内应	1
nei fu	内府	1
nei ting	内庭	1
nei ting	内廷	1
nei di	内弟	1
nei dang jia	内当家	1
nei jing	内径	1
nei xin li	内心里	1
nei you	内忧	1
nei you wai wu	内忧外侮	1
nei you wai huan	内忧外患	1
nei ji	内急	1
nei kui	内愧	1
nei zhang gui	内掌柜	1
nei xie shi	内斜视	1
nei jing	内景	1
nei guo pi	内果皮	1
nei rou wai gang	内柔外刚	1
nei cha wai diao	内查外调	1
nei hai	内海	1
nei lao	内涝	1
nei gang	内港	1
nei re	内热	1
nei yan	内焰	1
nei fan	内犯	1
nei rang	内瓤	1
nei hua	内画	1
nei zhi	内痔	1
nei xing	内省	1
nei xing bu jiu	内省不疚	1
nei juan	内眷	1
nei xiu	内秀	1
nei jin wai song	内紧外松	1
nei hao	内耗	1
nei er	内耳	1
nei ju li	内聚力	1
nei tai	内胎	1
nei chen	内臣	1
nei yun	内蕴	1
nei cang	内藏	1
nei zhuang xiu	内装修	1
nei shi fan ting	内视反听	1
nei xiang	内详	1
nei mao	内贸	1
nei qian	内迁	1
nei tui	内退	1
nei dao	内道	1
nei bu mao dun	内部矛盾	1
nei li	内里	1
nei lu guo	内陆国	1
nei lu he	内陆河	1
nei lu hai	内陆海	1
nei lu hu	内陆湖	1
nei yuan	内院	1
nei xian	内陷	1
nei zhang	内障	1
nei nan	内难	1
nei mian	内面	1
nei gu zhi you	内顾之忧	1
zai bu qi ran	再不其然	1
zai bu ran	再不然	1
zai hui	再会	1
zai zuo feng fu	再作冯妇	1
zai fen	再分	1
zai bie kang qiao	再别康桥	1
zai qu	再娶	1
zai jiao yu	再教育	1
zai zhi	再植	1
zai sheng fu mu	再生父母	1
zai shuai san he	再衰三涸	1
zai shuai san jie	再衰三竭	1
zai ren shi	再认识	1
mao mao shi shi	冒冒失失	1
mao gong	冒功	1
mao hao	冒号	1
mao ming	冒名	1
mao ming jie jiao	冒名接脚	1
mao ming ding ti	冒名顶替	1
mao da bu wei	冒大不韪	1
mao tian xia zhi da bu wei	冒天下之大不韪	1
mao shi gui	冒失鬼	1
mao tou	冒头	1
mao jian	冒尖	1
mao jian hu	冒尖户	1
mao du	冒渎	1
mao huo	冒火	1
mao pai huo	冒牌货	1
mao qi huo miao	冒起火苗	1
mao jin	冒进	1
mao xian jia	冒险家	1
mao ding	冒顶	1
mo du	冒顿	1
mao ling	冒领	1
mao feng xian	冒风险	1
rong yuan	冗员	1
rong fan	冗繁	1
rong ci zhui ju	冗词赘句	1
xie zi tai	写字台	1
xie zi jian	写字间	1
xie jia	写家	1
xie jing	写景	1
jun bu xue ren	军不血刃	1
jun zhong wu xi yan	军中无戏言	1
jun yue	军乐	1
jun yue tuan	军乐团	1
jun yue dui	军乐队	1
jun shi ti yu	军事体育	1
jun dai biao	军代表	1
jun ling	军令	1
jun ling ru shan	军令如山	1
jun ling zhuang	军令状	1
jun bing zhong	军兵种	1
jun shi	军史	1
jun hao	军号	1
jun pin	军品	1
jun di	军地	1
jun da yi	军大衣	1
jun zi	军姿	1
jun shu	军属	1
jun gong chang	军工厂	1
jun tie	军帖	1
jun kong	军控	1
jun ji chu	军机处	1
jun fa cong shi	军法从事	1
jun gang	军港	1
jun huo shang	军火商	1
jun lie shu	军烈属	1
jun zhong	军种	1
jun guan hui	军管会	1
jun ji	军纪	1
jun zhuan min	军转民	1
jun feng	军风	1
nong ye hua	农业化	1
nong ye she	农业社	1
nong hui	农会	1
nong fu ye	农副业	1
nong jia fei	农家肥	1
nong gong shang	农工商	1
nong ji ju	农机具	1
nong ji zhan	农机站	1
nong lin mu fu yu	农林牧副渔	1
nong xiao	农校	1
nong min xie hui	农民协会	1
nong min zhan zheng	农民战争	1
nong huo er	农活儿	1
nong chu	农畜	1
nong she	农舍	1
nong yi shi	农艺师	1
nong zhuan fei	农转非	1
nong qing zhong	农轻重	1
guan shang jia guan	冠上加冠	1
guan shang lv xia	冠上履下	1
guan mian	冠冕	1
guan zi	冠子	1
guan lv dao yi	冠履倒易	1
guan lv dao zhi	冠履倒置	1
guan ju dao shi	冠屦倒施	1
guan shan dai li	冠山戴粒	1
guan zhuang dong mai ying hua	冠状动脉硬化	1
guan zhuang dong mai xue shuan xing cheng	冠状动脉血栓形成	1
guan zhuang dong mai zu se	冠状动脉阻塞	1
guan zhuang jing mai	冠状静脉	1
guan yu	冠玉	1
guan gai	冠盖	1
guan gai yun ji	冠盖云集	1
guan gai ru yun	冠盖如云	1
guan gai xiang zhu	冠盖相属	1
guan gai xiang wang	冠盖相望	1
guan li	冠礼	1
guan jue yi shi	冠绝一时	1
guan pao dai lv	冠袍带履	1
zhong zhong ku gu	冢中枯骨	1
yuan chou	冤仇	1
yuan jia cuo an	冤假错案	1
yuan yuan xiang bao	冤冤相报	1
yuan da tou	冤大头	1
yuan tian qu di	冤天屈地	1
yuan tou	冤头	1
yuan jia dui tou	冤家对头	1
yuan jia lu xia	冤家路狭	1
yuan jia lu zhai	冤家路窄	1
yuan chen hai di	冤沉海底	1
ming si	冥思	1
ming si ku xiang	冥思苦想	1
ming si ku suo	冥思苦索	1
ming zhao meng an	冥昭瞢闇	1
ming mo zhi dou	冥漠之都	1
ming xing zhi zhi	冥行擿埴	1
ming xing mang suo	冥行盲索	1
ming wan bu hua	冥顽不化	1
ming wan bu ling	冥顽不灵	1
dong bu la	冬不拉	1
dong ling	冬令	1
dong ling ying	冬令营	1
dong shan xia lu	冬扇夏炉	1
dong ri ke ai	冬日可爱	1
dong hong tou nao	冬烘头脑	1
dong zhong	冬种	1
dong lian	冬练	1
dong jie	冬节	1
dong cang	冬藏	1
dong qiu xia ge	冬裘夏葛	1
dong zhu	冬贮	1
feng tang tou bai	冯唐头白	1
feng tang yi lao	冯唐已老	1
feng tang yi lao	冯唐易老	1
feng tang bai shou	冯唐白首	1
ping he	冯河	1
feng he bao hu	冯河暴虎	1
feng sheng dan jia	冯生弹铗	1
feng huan dan jia	冯驩弹铗	1
bing shang yun dong	冰上运动	1
bing chang	冰场	1
bing tuo	冰坨	1
bing shan yi dao	冰山易倒	1
bing shan nan kao	冰山难靠	1
bing chuan qi	冰川期	1
bing xin yi pian	冰心一片	1
bing pai	冰排	1
bing san wa jie	冰散瓦解	1
bing dou	冰斗	1
bing qi	冰期	1
bing gun er	冰棍儿	1
bing he qi	冰河期	1
bing xiao yun san	冰消云散	1
bing xiao dong jie	冰消冻解	1
bing xiao wa jie	冰消瓦解	1
bing xiao wu san	冰消雾散	1
bing liu	冰溜	1
bing tan bu tong qi	冰炭不同器	1
bing tan bu tong lu	冰炭不同炉	1
bing tan bu tou	冰炭不投	1
bing pian	冰片	1
bing cha er	冰碴儿	1
bing ji yu gu	冰肌玉骨	1
bing jie yun san	冰解云散	1
bing jie dong shi	冰解冻释	1
bing jie rang fen	冰解壤分	1
bing jie di po	冰解的破	1
bing che	冰车	1
bing dao	冰道	1
bing xiao ye san	冰销叶散	1
bing xiao wu san	冰销雾散	1
bing xue jie	冰雪节	1
chong yun po wu	冲云破雾	1
chong ke	冲克	1
chong guan fa nu	冲冠发怒	1
chong guan nu fa	冲冠怒发	1
chong guan zi lie	冲冠眦裂	1
chong jue	冲决	1
chong li	冲力	1
chong jin er	冲劲儿	1
chong kou	冲口	1
chong kou er chu	冲口而出	1
chong xi	冲喜	1
chong jian hui rui	冲坚毁锐	1
chong ta	冲塌	1
chong tian pao	冲天炮	1
chong zi	冲子	1
chong kong	冲孔	1
chong zhou zhuang fu	冲州撞府	1
chong zhou guo fu	冲州过府	1
chong zhang	冲帐	1
chong chuang	冲床	1
chong kuo	冲扩	1
chong di	冲抵	1
chong san	冲散	1
chong hun tou nao	冲昏头脑	1
chong fu	冲服	1
chong sha	冲杀	1
chong mu	冲模	1
chong hui	冲毁	1
chong shui	冲水	1
chong lang ban	冲浪板	1
chong ji	冲激	1
chong fan	冲犯	1
chong dun er	冲盹儿	1
chong ji	冲积	1
chong mai	冲脉	1
chong teng	冲腾	1
chong yao	冲要	1
chong zhang	冲账	1
chong liang	冲量	1
chong xiao	冲销	1
chong feng hao	冲锋号	1
chong feng dui	冲锋队	1
chong feng xian jian	冲锋陷坚	1
chong feng xian rui	冲锋陷锐	1
chong feng xian zhen	冲锋陷阵	1
chong yang	冲阳	1
chong ding	冲顶	1
chong feng mao yu	冲风冒雨	1
chong feng po lang	冲风破浪	1
jue bu dai shi	决不待时	1
jue bie	决别	1
jue ding lun	决定论	1
jue you kui yong	决疣溃痈	1
jue fei	决非	1
ye ye chang tiao	冶叶倡条	1
leng bu ding	冷不丁	1
leng bu fang	冷不防	1
leng ning qi	冷凝器	1
leng chao	冷嘲	1
leng chao re ma	冷嘲热骂	1
leng chu li	冷处理	1
leng nuan zi zhi	冷暖自知	1
leng shan	冷杉	1
leng gui	冷柜	1
leng shui jiao tou	冷水浇头	1
leng shui jiao bei	冷水浇背	1
leng shui zao	冷水澡	1
leng yan pang guan	冷眼旁观	1
leng yan xiang dai	冷眼相待	1
leng yan jing kan	冷眼静看	1
leng se	冷色	1
leng ruo bing shuang	冷若冰霜	1
leng cang shi	冷藏室	1
leng cang ku	冷藏库	1
leng xue dong wu	冷血动物	1
leng yan leng yu	冷言冷语	1
leng yan re yu	冷言热语	1
leng yu	冷语	1
leng yu bing ren	冷语冰人	1
leng zhan	冷颤	1
leng shi	冷食	1
dong er	冻儿	1
dong lie	冻裂	1
dong jie bing shi	冻解冰释	1
dong yu	冻雨	1
jing chan zhi	净产值	1
jing jia	净价	1
jing yu	净余	1
jing li	净利	1
jing kou	净口	1
jing zeng	净增	1
jing shi	净室	1
jing jin	净尽	1
jing de	净得	1
jing xin	净心	1
jing shou	净手	1
jing shi	净是	1
jing tong	净桶	1
jing kong	净空	1
jing sheng	净胜	1
jing cai	净菜	1
jing zhuan	净赚	1
jing shen	净身	1
jing zhong	净重	1
jing gao	净高	1
qi qie	凄切	1
qi feng leng yu	凄风冷雨	1
qi feng han yu	凄风寒雨	1
qi feng chu yu	凄风楚雨	1
qi feng ku yu	凄风苦雨	1
zhun xin	准信	1
zhun xin er	准信儿	1
zhun jia	准假	1
zhun ga er pen di	准噶尔盆地	1
zhun tou	准头	1
zhun jiang	准将	1
zhun wei	准尉	1
zhun ju	准据	1
zhun shu	准数	1
zhun shi	准是	1
zhun gao su	准高速	1
liang yi liang	凉一凉	1
liang si si	凉丝丝	1
liang le ban jie	凉了半截	1
liang ting	凉亭	1
liang bing bing	凉冰冰	1
liang tai	凉台	1
liang mao	凉帽	1
liang peng	凉棚	1
liang qi	凉气	1
liang bai kai	凉白开	1
liang yao	凉药	1
liang mian	凉面	1
liang sou sou	凉飕飕	1
diao luo	凋落	1
ling shang nve xia	凌上虐下	1
ling yun zhuang zhi	凌云壮志	1
ling ruo bao gua	凌弱暴寡	1
jian kui	减亏	1
jian kui zeng ying	减亏增盈	1
jian jia	减价	1
jian ya fa	减压阀	1
jian zheng	减征	1
jian shou	减收	1
jian shu	减数	1
jian sheng	减省	1
cou hu	凑乎	1
cou fen zi	凑份子	1
cou shu	凑数	1
cou qu	凑趣	1
lin ruo bing shuang	凛若冰霜	1
lin ruo qiu shuang	凛若秋霜	1
ning hua	凝华	1
ning he	凝合	1
ning si	凝思	1
ning zhu bu zhuan	凝瞩不转	1
ning xue mei	凝血酶	1
ji bu yu sheng	几不欲生	1
ji hu bu	几乎不	1
ji he xue	几何学	1
ji er	几儿	1
ji shi nian ru yi ri	几十年如一日	1
ji xi	几希	1
ji wei	几微	1
ji zeng	几曾	1
ji an	几案	1
ji ci san fan	几次三番	1
ji zhi	几至	1
ji qi ji luo	几起几落	1
fan fu	凡夫	1
fan fu su zi	凡夫俗子	1
fan fu rou yan	凡夫肉眼	1
fan er ding	凡尔丁	1
fan cai qian shi	凡才浅识	1
fan tai zhuo ti	凡胎浊体	1
fan tai zhuo gu	凡胎浊骨	1
feng guan	凤冠	1
feng guan xia pei	凤冠霞帔	1
feng xie luan he	凤协鸾和	1
feng zhi luan gu	凤只鸾孤	1
feng tai	凤台	1
feng zi long sun	凤子龙孙	1
feng wei	凤尾	1
feng wei zhu	凤尾竹	1
feng wei cao	凤尾草	1
feng wei yu	凤尾鱼	1
feng xiao tong chao	凤枭同巢	1
feng lou long que	凤楼龙阙	1
feng mao ji mei	凤毛济美	1
feng bo luan piao	凤泊鸾漂	1
feng bo luan piao	凤泊鸾飘	1
feng zhao	凤爪	1
feng cai luan zhang	凤采鸾章	1
feng mi luan e	凤靡鸾吪	1
feng shi luan qi	凤食鸾栖	1
feng gu long zi	凤骨龙姿	1
feng ming zhao yang	凤鸣朝阳	1
fu duan he chang	凫短鹤长	1
fu qu que yue	凫趋雀跃	1
fu he cong fang	凫鹤从方	1
ping yi ji zhi li	凭一己之力	1
ping xin	凭信	1
ping ji zhi zhao	凭几之诏	1
ping ji ju zhang	凭几据杖	1
ping dan	凭单	1
ping kong nie zao	凭空捏造	1
ping jie	凭藉	1
ping shi pang guan	凭轼旁观	1
ping shi jie zhe	凭轼结辙	1
kai xuan men	凯旋门	1
xiong xin	凶信	1
xiong chuan fu han	凶喘肤汗	1
xiong duo ji shao	凶多吉少	1
xiong bao	凶暴	1
xiong an	凶案	1
xiong heng	凶横	1
xiong sha	凶煞	1
xiong xiang	凶相	1
xiong xiang bi lu	凶相毕露	1
xiong shen e sha	凶神恶煞	1
tu ao	凸凹	1
tu ban yin shua	凸版印刷	1
ao du	凹度	1
ao dong	凹洞	1
ao wa	凹洼	1
ao ban	凹版	1
ao ban yin shua	凹版印刷	1
ao tou jing	凹透镜	1
ao jing	凹镜	1
ao mian	凹面	1
ao mian jing	凹面镜	1
chu yi tou di	出一头地	1
chu sang	出丧	1
chu guai nong chou	出乖弄丑	1
chu guai lou chou	出乖露丑	1
chu cheng	出乘	1
chu yun ru ni	出云入泥	1
chu wang	出亡	1
chu fen zi	出份子	1
chu he dian ji	出何典记	1
chu he jing dian	出何经典	1
chu ru jiang xiang	出入将相	1
chu ru wu jian	出入无间	1
chu ru zheng	出入证	1
chu qi bu bei	出其不备	1
chu qi bu yu	出其不虞	1
chu nei zhi lin	出内之吝	1
chu qin lv	出勤率	1
chu kou jia gong qu	出口加工区	1
chu pu	出圃	1
chu quan	出圈	1
chu quan er	出圈儿	1
chu sai	出塞	1
chu chu shu tu	出处殊涂	1
chu chu shu tu	出处殊途	1
chu chu yu mo	出处语默	1
chu chu jin tui	出处进退	1
chu tou zhi ri	出头之日	1
chu tou lou mian	出头露面	1
chu qi bu qiong	出奇不穷	1
chu qi hua ce	出奇划策	1
chu qi zhi sheng	出奇制胜	1
chu qi qu sheng	出奇取胜	1
chu qi wu qiong	出奇无穷	1
chu qi zhi sheng	出奇致胜	1
chu ben	出奔	1
chu jiang ru xiang	出将入相	1
chu chen bu ran	出尘不染	1
chu zhan	出展	1
chu cha zi	出岔子	1
chu cha cuo	出差错	1
chu shi bu li	出师不利	1
chu shi you ming	出师有名	1
chu shou de lu	出手得卢	1
chu zhang	出掌	1
chu tan er	出摊儿	1
chu di bu yi	出敌不意	1
chu you ru wu	出有入无	1
chu lan lv	出栏率	1
chu bang	出榜	1
chu si duan wang	出死断亡	1
chu wu ni er bu ran	出污泥而不染	1
chu mo bu chang	出没不常	1
chu mo wu chang	出没无常	1
chu yang xiang	出洋相	1
chu huo er	出活儿	1
chu qian ru shen	出浅入深	1
chu yu ni er bu ran	出淤泥而不染	1
chu gang	出港	1
chu liu	出溜	1
chu sheng lv	出生率	1
chu la	出落	1
chu yan bu xun	出言不逊	1
chu yan tu qi	出言吐气	1
chu yan tu ci	出言吐词	1
chu yan tu yu	出言吐语	1
chu yan you zhang	出言有章	1
chu ci tu qi	出词吐气	1
chu yu cheng zhang	出语成章	1
chu che	出车	1
chu yuan men	出远门	1
chu men he zhe	出门合辙	1
chu men ying zhe	出门应辙	1
chu feng tou	出风头	1
ji zhong yao hai	击中要害	1
ji qi bu yi	击其不意	1
ji fa	击发	1
ji pai mao mo	击排冒没	1
ji bo wan lie	击搏挽裂	1
ji ji zhong liu	击楫中流	1
ji gu mo jian	击毂摩肩	1
ji dian ben xing	击电奔星	1
ji shi tan si	击石弹丝	1
ji zhu bei ge	击筑悲歌	1
ji jie	击节	1
ji jie tan shang	击节叹赏	1
ji jie cheng shang	击节称赏	1
ji zhong ding shi	击钟鼎食	1
han da	函大	1
han shou da xue	函授大学	1
han shou xue xiao	函授学校	1
han shou ban	函授班	1
han gai qian kun	函盖乾坤	1
han gai chong zhou	函盖充周	1
han shi xiang gong	函矢相攻	1
zao zao ke ju	凿凿可据	1
zao zao you ju	凿凿有据	1
zao pi yi dun	凿坏以遁	1
zao pi er dun	凿坏而遁	1
zao kong zhi lun	凿空之论	1
zao kong qu ban	凿空取办	1
zao kong tou xi	凿空投隙	1
zao yin geng shi	凿饮耕食	1
zao gu dao sui	凿骨捣髓	1
zao gui shu ce	凿龟数策	1
dao guang xue ying	刀光血影	1
dao dao jian xie	刀刀见血	1
dao xiao	刀削	1
dao xiao mian	刀削面	1
dao cha	刀叉	1
dao tou	刀头	1
dao tou jian shou	刀头剑首	1
dao tou yan wei	刀头燕尾	1
dao tou tian mi	刀头舔蜜	1
dao ba	刀把	1
dao ba er	刀把儿	1
dao ba zi	刀把子	1
dao qiang bu ru	刀枪不入	1
dao jia	刀架	1
dao geng huo zhong	刀耕火种	1
dao bei	刀背	1
dao guo zhu jie	刀过竹解	1
diao tian jue di	刁天决地	1
diao dou sen yan	刁斗森严	1
diao heng	刁横	1
diao zuan	刁钻	1
diao zuan cu tao	刁钻促搯	1
diao zuan cu xia	刁钻促狭	1
diao zuan ke bo	刁钻刻薄	1
diao zuan gu guai	刁钻古怪	1
ren ying lv jie	刃迎缕解	1
fen san bie liang	分三别两	1
fen si xi lv	分丝析缕	1
fen ti	分体	1
fen guang	分光	1
fen bing	分兵	1
fen nei	分内	1
fen nei zhi shi	分内之事	1
fen ce	分册	1
fen lie shi	分列式	1
fen li	分利	1
fen bie bu ju	分别部居	1
fen bie men hu	分别门户	1
fen li	分力	1
fen lao fu gong	分劳赴功	1
fen hua wa jie	分化瓦解	1
fen li	分厘	1
fen li hao si	分厘毫丝	1
fen he	分合	1
fen di	分地	1
fen wai yao rao	分外妖娆	1
fen zi li	分子力	1
fen zi he fen mu	分子和分母	1
fen zi shi	分子式	1
fen zi jing ti	分子晶体	1
fen zi jing ti	分子晶體	1
fen zi wu li xue	分子物理学	1
fen zi sheng wu xue	分子生物学	1
fen zi sheng wu xue	分子生物學	1
fen zi shai	分子筛	1
fen zi jie gou	分子結構	1
fen zi jie gou	分子结构	1
fen zi yun dong lun	分子运动论	1
fen zi zhong	分子钟	1
fen shou yao jin	分守要津	1
fen yi	分宜	1
fen xiao da shu	分宵达曙	1
fen jia xi chan	分家析产	1
fen cun zhi mo	分寸之末	1
fen feng	分封	1
fen ju yi cuan	分居异爨	1
fen qi	分岐	1
fen cha	分岔	1
fen beng li xi	分崩离析	1
fen gong he zuo	分工合作	1
fen chuang tong meng	分床同梦	1
fen ting kang li	分庭伉礼	1
fen ting kang li	分庭抗礼	1
fen shi	分式	1
fen dang	分当	1
fen xing gong qi	分形共气	1
fen xing tong qi	分形同气	1
fen xing lian qi	分形连气	1
fen xin gua fu	分心挂腹	1
fen you	分忧	1
fen qing po ai	分情破爱	1
fen wo bei geng	分我杯羹	1
fen fang	分房	1
fen fang jian kou	分房减口	1
fen jian	分拣	1
fen bo	分拨	1
fen san zhu yi	分散主义	1
fen san ran liao	分散染料	1
fen wen	分文	1
fen wen bu zhi	分文不值	1
fen wen bu qu	分文不取	1
fen wen bu ming	分文不名	1
fen wen bu zhi	分文不直	1
fen wen wei qu	分文未取	1
fen jin bo liang	分斤拨两	1
fen jin bai liang	分斤掰两	1
fen xing pi liang	分星劈两	1
fen xing bo liang	分星拨两	1
fen xing bo liang	分星擘两	1
fen xiao	分晓	1
fen peng yin lei	分朋引类	1
fen cha	分杈	1
fen tiao xi li	分条析理	1
fen xi yu	分析语	1
fen zhi	分枝	1
fen dang	分档	1
fen mu	分母	1
fen hao	分毫	1
fen hao bu zhi	分毫不值	1
fen hao bu qu	分毫不取	1
fen hao bu cha	分毫不差	1
fen hao bu shuang	分毫不爽	1
fen hao wu shuang	分毫无爽	1
fen hao xi li	分毫析厘	1
fen shui	分水	1
fen shui xian	分水线	1
fen zhi	分治	1
fen hong	分洪	1
fen run	分润	1
fen yan xi chan	分烟析产	1
fen yan xi sheng	分烟析生	1
fen cuan	分爨	1
fen pian	分片	1
fen li	分理	1
fen gan gong ku	分甘共苦	1
fen gan tong ku	分甘同苦	1
fen gan jue shao	分甘绝少	1
fen jie	分界	1
fen shen	分神	1
fen li qi	分离器	1
fen ke	分科	1
fen miao	分秒	1
fen miao bi zheng	分秒必争	1
fen shui zhi	分税制	1
fen zhang xi ju	分章析句	1
fen mi	分米	1
fen lei xue	分类学	1
fen qun	分群	1
fen er zhi zhi	分而治之	1
fen fei	分肥	1
fen se	分色	1
fen jie	分节	1
fen hua fu liu	分花拂柳	1
fen hua yue liu	分花约柳	1
fen mao lie tu	分茅列土	1
fen mao zuo tu	分茅胙土	1
fen mao lie tu	分茅裂土	1
fen mao ci tu	分茅赐土	1
fen mao xi tu	分茅锡土	1
fen nie	分蘖	1
fen zhuang	分装	1
fen jiao qi	分角器	1
fen jie zhe	分解者	1
fen she	分设	1
fen shuo	分说	1
fen zhang	分账	1
fen pin zhen qiong	分贫振穷	1
fen zang	分赃	1
fen fu	分赴	1
fen lu	分路	1
fen lu yang biao	分路扬镳	1
fen shen jian kou	分身减口	1
fen shen wu shu	分身无术	1
fen shen shu	分身术	1
fen bian	分辩	1
fen jin he ji	分进合击	1
fen song	分送	1
fen dao	分道	1
fen pei lv	分配律	1
fen ye	分野	1
fen jin bai liang	分金掰两	1
fen zhen	分针	1
fen chai pi feng	分钗劈凤	1
fen chai duan dai	分钗断带	1
fen chai po jing	分钗破镜	1
fen xiao dian	分销店	1
fen jing tou	分镜头	1
fen men bie hu	分门别户	1
fen men bie lei	分门别类	1
fen yin	分阴	1
fen ji	分际	1
fen xie po jing	分鞋破镜	1
fen pin	分频	1
fen feng pi liu	分风劈流	1
fen fei	分飞	1
fen can	分餐	1
fen can zhi	分餐制	1
fen liu	分馏	1
fen xiang mai lv	分香卖履	1
qie bu	切不	1
qie zhong	切中	1
qie zhong shi li	切中事理	1
qie zhong shi bi	切中时弊	1
qie zhong shi bing	切中时病	1
qie zhong yao hai	切中要害	1
qie fen	切分	1
qie qie zai xin	切切在心	1
qie qie shi shi	切切实实	1
qie qie ci ling	切切此令	1
qie qie ci bu	切切此布	1
qie qie lao ji	切切牢记	1
qie qie si yu	切切私语	1
qie qie qing qiu	切切请求	1
qie li xiao ying	切力效应	1
qie wu dao zhi	切勿倒置	1
qie wu shou chao	切勿受潮	1
qie wu xi yan	切勿吸烟	1
qie wu kao jin	切勿靠近	1
qie wu dian dao	切勿颠倒	1
qie bian	切变	1
qie he shi ji	切合实际	1
qie zhu	切嘱	1
qie xie	切屑	1
qie ji	切己	1
qie dang	切当	1
qie wang	切望	1
qie mo	切末	1
qie shu dao gen	切树倒根	1
qie ji	切激	1
qie dian	切点	1
qie pian ji	切片机	1
qie li hui xin	切理会心	1
qie li yan xin	切理厌心	1
qie li yan xin	切理餍心	1
qie cuo zhuo mo	切瑳琢磨	1
qie pan	切盼	1
qie cuo zhuo mo	切磋琢磨	1
qie gao	切糕	1
qie jie	切结	1
qie fu zhi tong	切肤之痛	1
qie mai	切脉	1
qie hua	切花	1
qie yao	切要	1
qie zhen	切诊	1
qie jian	切谏	1
qie ze	切责	1
qie tie	切贴	1
qie shen ti hui	切身体会	1
qie shen ti yan	切身体验	1
qie shen li hai	切身利害	1
qie shen da shi	切身大事	1
qie jin	切近	1
qie jin de dang	切近的当	1
qie po	切迫	1
qie mian	切面	1
qie yin	切音	1
qie ti	切题	1
qie gu	切骨	1
qie gu zhi chou	切骨之仇	1
qie gu zhi han	切骨之寒	1
qie gu zhi hen	切骨之恨	1
qie chi	切齿	1
qie chi zhou ma	切齿咒骂	1
qie chi fu xin	切齿拊心	1
qie chi tong xin	切齿痛心	1
qie chi tong hen	切齿痛恨	1
qie chi fu xin	切齿腐心	1
kan tou	刊头	1
kan xin ke gu	刊心刻骨	1
kan xing	刊行	1
chu rao zhi jian	刍荛之见	1
wen jing	刎颈	1
wen jing zhi jiao	刎颈之交	1
wen jing jiao	刎颈交	1
xing shi pan jue	刑事判决	1
xing yu zhi hua	刑于之化	1
xing chang	刑场	1
xing cuo bu yong	刑措不用	1
xing qi	刑期	1
xing qi wu xing	刑期无刑	1
xing zhong	刑种	1
hua yi	划一	1
hua yi bu er	划一不二	1
hua jia	划价	1
hua hua	划划	1
hua di wei lao	划地为牢	1
hua zi	划子	1
hua de lai	划得来	1
hua la	划拉	1
hua quan	划拳	1
hua jiang	划桨	1
hua qing	划清	1
hua jie	划界	1
hua zhou ge ji	划粥割齑	1
hua ting	划艇	1
hua xing	划行	1
wan fang wei yuan	刓方为圆	1
lie gong fu guo	列功覆过	1
lie tu fen mao	列土分茅	1
lie tu feng jiang	列土封疆	1
lie ning zhu yi	列宁主义	1
lie che yuan	列车员	1
lie che zhang	列车长	1
lie feng yin yu	列风淫雨	1
lie ding er shi	列鼎而食	1
liu yi da zhao	刘毅答诏	1
liu hai er	刘海儿	1
liu lang qian du	刘郎前度	1
ze shen	则甚	1
gang zhong rou wai	刚中柔外	1
gang ti	刚体	1
gang jing	刚劲	1
gang rou xiang ji	刚柔相济	1
gang zheng	刚正	1
gang zheng bu e	刚正不阿	1
gang zhi bu e	刚直不阿	1
gang shi	刚石	1
gang chang ji e	刚肠嫉恶	1
chuang ye shi	创业史	1
chuang ye chui tong	创业垂统	1
chuang ye wei jian	创业维艰	1
chuang you	创优	1
chuang zuo fang fa	创作方法	1
chuang kan hao	创刊号	1
chuang kan ci	创刊词	1
chuang li	创利	1
chuang zhi	创制	1
chuang ju tong shen	创剧痛深	1
chuang kou	创口	1
chuang shi	创始	1
chuang ju tong reng	创巨痛仍	1
chuang ju tong shen	创巨痛深	1
chuang yi zao yan	创意造言	1
chuang hui	创汇	1
chuang yan	创演	1
chuang pai zi	创牌子	1
chuang hen	创痕	1
chuang tong	创痛	1
chuang shui	创税	1
chuang bian	创编	1
chuang jian	创见	1
chuang yi	创议	1
chuang zao xing si wei	创造性思维	1
chuang ju tong reng	创钜痛仍	1
chuang ju tong shen	创钜痛深	1
chu qi	初七	1
chu wu	初五	1
chu hui	初会	1
chu ba	初八	1
chu liu	初六	1
chu chuang	初创	1
chu shi	初十	1
chu ye	初叶	1
chu si	初四	1
chu du	初度	1
chu qing	初晴	1
chu sheng zhi du bu ju hu	初生之犊不惧虎	1
chu sheng zhi du bu wei hu	初生之犊不畏虎	1
chu sheng niu du bu pa hu	初生牛犊不怕虎	1
chu deng jiao yu	初等教育	1
chu ji zhong xue	初级中学	1
chu zhan	初绽	1
chu ping	初评	1
chu shi	初识	1
chu lu	初露	1
chu lu tou jiao	初露头角	1
chu lu feng mang	初露锋芒	1
shan xue	删削	1
shan hua jiu su	删华就素	1
shan fan jiu jian	删繁就简	1
shan jie	删节	1
shan jie hao	删节号	1
pan fen	判分	1
pan bie shi	判别式	1
pan ju	判据	1
pan ran bu tong	判然不同	1
pan ruo liang ren	判若两人	1
pan ruo yun ni	判若云泥	1
pan ruo tian yuan	判若天渊	1
pan ruo shui huo	判若水火	1
pan ruo hong gou	判若鸿沟	1
pan du	判读	1
bao bing	刨冰	1
bao dao	刨刀	1
pao xue	刨削	1
bao zi	刨子	1
pao gong	刨工	1
bao ping	刨平	1
bao chuang	刨床	1
bao mu ban	刨木板	1
pao shu sou gen	刨树搜根	1
pao gen er	刨根儿	1
pao gen jiu di	刨根究底	1
pao gen wen di	刨根问底	1
bao hua	刨花	1
bao hua ban	刨花板	1
pao chu	刨除	1
pao shi	刨食	1
li bu kui yi	利不亏义	1
li ling zhi hun	利令志惛	1
li ling zhi hun	利令智昏	1
li kou jie ji	利口捷给	1
li hai de shi	利害得失	1
li hai xiang guan	利害相关	1
li de	利得	1
li xi lv	利息率	1
li yu xun xin	利欲熏心	1
li zai le huo	利灾乐祸	1
li zhua	利爪	1
li chi	利齿	1
li chi neng ya	利齿能牙	1
bie ye	别业	1
bie jia	别价	1
bie zhuan	别传	1
bie ti	别体	1
bie zuo yi yan	别作一眼	1
bie zuo liang tu	别作良图	1
bie ju jiang xin	别具匠心	1
bie ju zhi yan	别具只眼	1
bie ju xin chang	别具心肠	1
bie ju hui yan	别具慧眼	1
bie ju shou yan	别具手眼	1
bie ju fei chang	别具肺肠	1
bie chu shou yan	别出手眼	1
bie chu xin yi	别出新意	1
bie chu xin cai	别出新裁	1
bie chu ji zhu	别出机杼	1
bie chuang yi ge	别创一格	1
bie dong dui	别动队	1
bie shi	别史	1
bie hao	别号	1
bie zui	别嘴	1
bie zi	别字	1
bie ju yi cai	别居异财	1
bie kai yi ge	别开一格	1
bie kai sheng mian	别开生面	1
bie kai xi jing	别开蹊径	1
bie mang	别忙	1
bie qing	别情	1
bie bao pi pa	别抱琵琶	1
bie wu er zhi	别无二致	1
bie wu ta wu	别无他物	1
bie wu chu lu	别无出路	1
bie wu fen dian	别无分店	1
bie wu chang wu	别无长物	1
bie shi	别是	1
bie you ren jian	别有人间	1
bie you tian di	别有天地	1
bie you xin gan	别有心肝	1
bie you xin chang	别有心肠	1
bie you dong tian	别有洞天	1
bie you zi wei	别有滋味	1
bie you fei chang	别有肺肠	1
bie you feng wei	别有风味	1
bie you feng qu	别有风趣	1
bie ben	别本	1
bie lai wu yang	别来无恙	1
bie shu yi zhi	别树一帜	1
bie shu yi qi	别树一旗	1
bie sheng zhi jie	别生枝节	1
bie cheng	别称	1
bie ji yi ju	别籍异居	1
bie ji yi cai	别籍异财	1
bie lei fen men	别类分门	1
bie xu	别绪	1
bie zhi yi hui	别置一喙	1
bie lun	别论	1
bie cai yi ju	别财异居	1
bie qu	别趣	1
bie zhen	别针	1
bie ji	别集	1
bie feng huai yu	别风淮雨	1
bie rao feng zhi	别饶风致	1
bie guan	别馆	1
bie he gu luan	别鹤孤鸾	1
bie he li luan	别鹤离鸾	1
chan e chu jian	刬恶锄奸	1
chan jiu mou xin	刬旧谋新	1
chan cao chu gen	刬草除根	1
gua xiao	刮削	1
gua di pi	刮地皮	1
gua gou mo guang	刮垢磨光	1
gua gou mo hen	刮垢磨痕	1
gua mu xiang dai	刮目相待	1
gua mu xiang jian	刮目相见	1
gua chang xi wei	刮肠洗胃	1
gua ye sao di	刮野扫地	1
gua gu qu du	刮骨去毒	1
gua gu chou jin	刮骨抽筋	1
dao ren	到任	1
dao ci wei zhi	到此为止	1
dao mu qian wei zhi	到目前为止	1
ku jing ou xue	刳精呕血	1
ku zhi ti gao	刳脂剔膏	1
zhi fu ne	制服呢	1
zhi re	制热	1
zhi zhong	制种	1
zhi kong quan	制空权	1
zhi tang chang	制糖厂	1
zhi ge chang	制革厂	1
shua la	刷拉	1
shua mao	刷毛	1
shua xi	刷洗	1
shua bai	刷白	1
sha bu zhu	刹不住	1
sha zhu	刹住	1
sha sha	刹刹	1
sha ba	刹把	1
cha shi	刹时	1
ci shang hua xia	刺上化下	1
ci er	刺儿	1
ci er tou	刺儿头	1
ci ci bu xiu	刺刺不休	1
ci can	刺参	1
ci la	刺啦	1
ci tou	刺头	1
ci zi	刺字	1
ci xin qie gu	刺心切骨	1
ci xin ke gu	刺心刻骨	1
ci xin lie gan	刺心裂肝	1
ci tan	刺探	1
ci bai	刺柏	1
ci tong	刺桐	1
ci mei	刺梅	1
ci huai	刺槐	1
ci liu	刺溜	1
ci ji su	刺激素	1
ci yang	刺痒	1
ci de yi sheng	刺的一声	1
ci mu	刺目	1
ci po	刺破	1
ci wang	刺网	1
ci gu xuan liang	刺股悬梁	1
ci gu du shu	刺股读书	1
ci hu chi yu	刺虎持鹬	1
ci pei	刺配	1
ci zhen	刺针	1
ke bu rong song	刻不容松	1
ke bu dai shi	刻不待时	1
ke hua	刻划	1
ke zhi	刻制	1
ke mu wei li	刻木为吏	1
ke mu wei hu	刻木为鹄	1
ke du	刻毒	1
ke zhang zhuo ju	刻章琢句	1
ke cui cai hong	刻翠裁红	1
ke ji ke gu	刻肌刻骨	1
ke hua	刻花	1
ke bo gua si	刻薄寡思	1
ke wu cai feng	刻雾裁风	1
ke gu	刻骨	1
ke gu chou hen	刻骨仇恨	1
ke gu beng xin	刻骨崩心	1
ke gu xiang si	刻骨相思	1
ke gu lou xin	刻骨镂心	1
kai qie	剀切	1
kai qie zhong li	剀切中理	1
kai qie jiao dao	剀切教导	1
kai qie xiang ming	剀切详明	1
ti guang tou	剃光头	1
ti fa	剃发	1
ti tou dao	剃头刀	1
ti du	剃度	1
xue jia	削价	1
xue xue	削削	1
xue fa	削发	1
xue fa pi zi	削发披缁	1
xue di	削地	1
xue bi	削壁	1
xue jian nao dai	削尖脑袋	1
xue ping	削平	1
xue mu wei li	削木为吏	1
xue zhu jue gen	削株掘根	1
xiao qiu	削球	1
xue shou	削瘦	1
xiao pi	削皮	1
xue zhi	削职	1
xue zhi wei min	削职为民	1
xue jian	削肩	1
xue cao chu gen	削草除根	1
xue zu shi lv	削足适履	1
xue zhi shi ju	削趾适屦	1
xue tie ru ni	削铁如泥	1
xue tie wu sheng	削铁无声	1
xiao qian bi	削铅笔	1
xue chu	削除	1
xiao mian	削面	1
qian pu hou ji	前仆后继	1
qian pu hou bo	前仆后踣	1
qian chou	前仇	1
qian yang hou he	前仰后合	1
qian fu hou yang	前俯后仰	1
qian gong jin fei	前功尽废	1
qian gong jin qi	前功尽弃	1
qian gong jin mie	前功尽灭	1
qian gu wei you	前古未有	1
qian he hou yang	前合后仰	1
qian hou jiao er	前后脚儿	1
qian zou qu	前奏曲	1
qian du liu lang	前度刘郎	1
qian tu dao ge	前徒倒戈	1
qian si hou xiang	前思后想	1
qian chao	前朝	1
qian gun fan	前滚翻	1
qian zhao	前爪	1
qian cheng wan li	前程万里	1
qian bi	前臂	1
qian jie hou xiang	前街后巷	1
qian yan bu da hou yu	前言不搭后语	1
qian yan wang xing	前言往行	1
qian ba hou zhi	前跋后疐	1
qian che	前车	1
qian che ke jian	前车可鉴	1
qian zhe ke jian	前辙可鉴	1
jian tou yi xue	剑头一吷	1
jian wu	剑舞	1
jian shou yi xue	剑首一吷	1
ti chou tu shua	剔抽禿刷	1
ti chou tu chuai	剔抽秃揣	1
ti hong	剔红	1
ti xie liao feng	剔蝎撩蜂	1
pou xin qi xue	剖心泣血	1
pou gan qi xue	剖肝泣血	1
pou fu cang zhu	剖腹藏珠	1
pou bang de zhu	剖蚌得珠	1
pou bang qiu zhu	剖蚌求珠	1
pou jie	剖解	1
chan e chu jian	剗恶锄奸	1
chan jiu mou xin	剗旧谋新	1
chan cao chu gen	剗草除根	1
bo xue zhe	剥削者	1
bo xue jie ji	剥削阶级	1
bao bao	剥剥	1
bao qu	剥取	1
bao ke	剥壳	1
bo chuang ji fu	剥床及肤	1
bo ji ze fu	剥极则复	1
bo ji jiang fu	剥极将复	1
bo ji bi fu	剥极必复	1
bao pi	剥皮	1
bo pi chou jin	剥皮抽筋	1
bo fu zhi tong	剥肤之痛	1
bo fu ji sui	剥肤及髓	1
bo fu chui sui	剥肤椎髓	1
bao tuo	剥脱	1
bao hua sheng	剥花生	1
bao ping guo	剥苹果	1
bo jian chou si	剥茧抽丝	1
bo shi	剥蚀	1
bao chu	剥除	1
ju zhong ren	剧中人	1
ju zuo jia	剧作家	1
ju qu	剧曲	1
ju zhong	剧种	1
sheng fu can gao	剩馥残膏	1
jian fa	剪发	1
jian fa pi zi	剪发披缁	1
jian fa du men	剪发杜门	1
jian fa bei he	剪发被褐	1
jian e chu jian	剪恶除奸	1
jian zhi	剪枝	1
fu chan wu	副产物	1
fu pin	副品	1
fu guan	副官	1
fu biao ti	副标题	1
fu ge	副歌	1
fu you xiang	副油箱	1
fu yan jiu yuan	副研究员	1
fu ke	副科	1
fu shu	副署	1
fu shen	副肾	1
fu hang zhang	副行长	1
fu ci	副词	1
fu shi	副食	1
fu shi pin	副食品	1
fu gao	副高	1
ge qie	割切	1
ge di	割地	1
ge di qiu he	割地求和	1
ge di cheng chen	割地称臣	1
ge wei ba	割尾巴	1
ge xi fen zuo	割席分坐	1
ge ju yi fang	割据一方	1
ge du qian chang	割肚牵肠	1
ge gu liao qin	割股疗亲	1
ge bi zhi meng	割臂之盟	1
ge bi meng gong	割臂盟公	1
ge gu liao qin	割骨疗亲	1
tuan fan jue ju	剸繁决剧	1
tuan fan zhi ju	剸繁治剧	1
jiao fei	剿匪	1
jiao sha	剿杀	1
jiao mie	剿灭	1
chao xi	剿袭	1
chao shuo	剿说	1
jiao chu	剿除	1
pi dao	劈刀	1
pi ci	劈刺	1
pi pi pa pa	劈劈啪啪	1
pi cha	劈叉	1
pi pa	劈啪	1
pi tian gai di	劈天盖地	1
pi tou	劈头	1
pi tou pi nao	劈头劈脑	1
pi tou gai nao	劈头盖脑	1
pi tou gai lian	劈头盖脸	1
pi shan	劈山	1
pi cheng	劈成	1
pi shou	劈手	1
pi mu tou	劈木头	1
pi sha	劈杀	1
pi chai	劈柴	1
pi bo zhan lang	劈波斩浪	1
pi xiong	劈胸	1
pi lian	劈脸	1
pi jing zhan ji	劈荆斩棘	1
pi lie	劈裂	1
pi li pa la	劈里啪啦	1
pi mian	劈面	1
pi feng zhan lang	劈风斩浪	1
zhu yu ru ni	劚玉如泥	1
li bu sheng ren	力不胜任	1
li bu neng ji	力不能及	1
li bu neng zhi	力不能支	1
li bu zi sheng	力不自胜	1
li zheng shang you	力争上游	1
li ke ba shan	力可拔山	1
li chang	力场	1
li da wu bi	力大无比	1
li xue bu juan	力学不倦	1
li xue du xing	力学笃行	1
li xiao ren zhong	力小任重	1
li jin	力尽	1
li jin jin pi	力尽筋疲	1
li suo bu ji	力所不及	1
li pin	力拼	1
li pai zhong yi	力排众议	1
li you wei dai	力有未逮	1
li dian	力点	1
li neng gang ding	力能扛鼎	1
li bi	力臂	1
li xing	力行	1
li tou zhi bei	力透纸背	1
li bi	力避	1
quan ye chang	劝业场	1
quan hua	劝化	1
quan he	劝和	1
quan shan cheng e	劝善惩恶	1
quan shan jie e	劝善戒恶	1
quan shan chu e	劝善黜恶	1
quan jie	劝解	1
quan rang	劝让	1
quan xiang	劝降	1
ban bu dao	办不到	1
ban shi yuan	办事员	1
ban gong hui yi	办公会议	1
ban chai	办差	1
ban de dao	办得到	1
gong kui yi kui	功亏一篑	1
gong ling	功令	1
gong lao bu	功劳簿	1
gong fu pian	功夫片	1
gong fu cha	功夫茶	1
gong de wu liang	功德无量	1
gong cheng bu ju	功成不居	1
gong cheng xing man	功成行满	1
gong cheng gu ku	功成骨枯	1
gong lv fang da qi	功率放大器	1
gong gai tian xia	功盖天下	1
gong ruo qiu shan	功若丘山	1
gong bo chan yi	功薄蝉翼	1
gong guo	功过	1
gong gao bu shang	功高不赏	1
gong gao wang zhong	功高望重	1
gong gao gai shi	功高盖世	1
jia nong pao	加农炮	1
jia jian cheng chu	加减乘除	1
jia xing	加刑	1
jia jin	加劲	1
jia le bi hai	加勒比海	1
jia sai er	加塞儿	1
jia er ge da	加尔各答	1
jia shu	加数	1
jia zhi tian ye	加枝添叶	1
jia xi	加洗	1
jia che	加车	1
wu shi	务使	1
wu qi	务期	1
wu zheng	务正	1
wu yao	务要	1
lie zhong	劣种	1
lie ji zhao zhe	劣迹昭着	1
lie ji zhao zhu	劣迹昭著	1
dong bu shi shi	动不失时	1
dong zhong kuan yao	动中窾要	1
dong yuan ling	动员令	1
dong di jing tian	动地惊天	1
dong ru shen shang	动如参商	1
dong wu xian wei	动物纤维	1
dong hua ying pian	动画影片	1
dong zhen ge de	动真格的	1
dong wo	动窝	1
dong mai gong	动脉弓	1
dong mai zhou yang ying hua	动脉粥样硬化	1
dong dang bu an	动荡不安	1
dong dang bu ding	动荡不定	1
dong jue	动觉	1
dong zhe de jiu	动辄得咎	1
dong liang	动量	1
dong jing you chang	动静有常	1
zhu chan	助产	1
zhu chan shi	助产士	1
zhu ren xia shi	助人下石	1
zhu ren wei le	助人为乐	1
zhu dong ci	助动词	1
zhu ting qi	助听器	1
zhu tian wei nve	助天为虐	1
zhu gong	助工	1
zhu wo zhang mu	助我张目	1
zhu zhan	助战	1
zhu tui qi	助推器	1
zhu jie wei e	助桀为恶	1
zhu jie wei bao	助桀为暴	1
zhu jie wei nve	助桀为虐	1
zhu ran	助燃	1
zhu li gong cheng shi	助理工程师	1
zhu li yan jiu yuan	助理研究员	1
zhu hua fang lve	助画方略	1
zhu yi	助益	1
zhu yan	助研	1
zhu zhou wei nve	助纣为虐	1
zhu geng	助耕	1
zhu ci	助词	1
zhu pao	助跑	1
zhu bian shu cai	助边输财	1
nu jin er	努劲儿	1
nu er ha chi	努尔哈赤	1
nu wa ke xiao te	努瓦克肖特	1
jie fu ji pin	劫富济贫	1
jie shu	劫数	1
jie shu nan tao	劫数难逃	1
jie an	劫案	1
li jing geng shi	励精更始	1
li xing	励行	1
jin jian	劲健	1
jing bing	劲兵	1
jin li	劲力	1
jin sheng	劲升	1
jing chui	劲吹	1
jing she	劲射	1
jing di	劲敌	1
jing song	劲松	1
jin ge	劲歌	1
jing zhi	劲直	1
jing cao	劲草	1
jin dao	劲道	1
jing feng	劲风	1
jing gu feng ji	劲骨丰肌	1
lao shi zi	劳什子	1
lao dong bu	劳动布	1
lao dong qiang du	劳动强度	1
lao dong jiao yang	劳动教养	1
lao dong fu	劳动服	1
lao dong sheng chan lv	劳动生产率	1
lao shi mi xiang	劳师糜饷	1
lao shi xi yuan	劳师袭远	1
lao xin jiao si	劳心焦思	1
lao xin ku si	劳心苦思	1
lao si yi yin	劳思逸淫	1
lao gai fan	劳改犯	1
lao yan fen fei	劳燕分飞	1
lao lu	劳碌	1
lao jin ku gu	劳筋苦骨	1
lao shen jiao si	劳身焦思	1
shi bu liang cun	势不两存	1
shi bu liang li	势不两立	1
shi bu ke dang	势不可当	1
shi bu ke dang	势不可挡	1
shi bu ke e	势不可遏	1
shi qing chao ye	势倾朝野	1
shi he xing li	势合形离	1
shi ru pi zhu	势如劈竹	1
shi gu li bao	势孤力薄	1
shi yan xun tian	势焰熏天	1
shi neng	势能	1
shi ruo tuo tu	势若脱兔	1
shi yao	势要	1
bo xing	勃兴	1
bo bo	勃勃	1
bo fa	勃发	1
bo ran	勃然	1
bo ran bian se	勃然变色	1
bo ran da nu	勃然大怒	1
bo ran fen li	勃然奋励	1
yong guan san jun	勇冠三军	1
yong fu	勇夫	1
yong jiang	勇将	1
yong zhe bu ju	勇者不惧	1
mian wei qi nan	勉为其难	1
mian mian qiang qiang	勉勉强强	1
lei zhu	勒住	1
le pai	勒派	1
lei jin	勒紧	1
le bi	勒逼	1
kan tan dui	勘探队	1
kan jiao	勘校	1
mu hua	募化	1
mu gu	募股	1
qin wu yuan	勤务员	1
qin xue hao wen	勤学好问	1
qin gong zhu xue	勤工助学	1
qin piao	勤朴	1
qin za ren yuan	勤杂人员	1
qin za gong	勤杂工	1
qin wang	勤王	1
qin neng bu zhuo	勤能补拙	1
shao zhuang ruan gu	勺状软骨	1
gou san da si	勾三搭四	1
gou gou da da	勾勾搭搭	1
gou miao	勾描	1
gou lan	勾栏	1
gou xiao	勾消	1
gou liu	勾留	1
gou hui	勾绘	1
gou gu ding li	勾股定理	1
gou lian	勾脸	1
gou qian	勾芡	1
gou jian	勾践	1
gou lian	勾连	1
gou tong	勾通	1
gou xiao	勾销	1
gou chu	勾除	1
gou hun	勾魂	1
gou hun she po	勾魂摄魄	1
wu wei yan zhi bu yu	勿谓言之不预	1
wu wei yan zhi bu yu ye	勿谓言之不预也	1
yun dui	匀兑	1
yun jing	匀净	1
yun he	匀和	1
yun jiang	匀浆	1
yun liu	匀溜	1
yun hong dian cui	匀红点翠	1
yun zhi mo fen	匀脂抹粉	1
bao ju yu nei	包举宇内	1
bao cheng	包乘	1
bao cheng zhi	包乘制	1
bao cheng zu	包乘组	1
bao xiu	包修	1
bao nang	包囊	1
bao wei quan	包围圈	1
bao chang	包场	1
bao gan er	包干儿	1
bao gan zhi	包干制	1
bao za	包扎	1
bao da ting	包打听	1
bao da tian xia	包打天下	1
bao huo er	包活儿	1
bao pian er	包片儿	1
bao piao	包票	1
bao luo	包络	1
bao luo wan you	包罗万有	1
bao luo wan xiang	包罗万象	1
bao yun	包蕴	1
bao cang	包藏	1
bao cang jian xin	包藏奸心	1
bao cang huo xin	包藏祸心	1
bao bei	包被	1
bao zhuang xiang	包装箱	1
bao hun tun	包馄饨	1
pao gua kong xuan	匏瓜空悬	1
bi chang bu jing	匕鬯不惊	1
hua wei wu you	化为乌有	1
hua wei pao ying	化为泡影	1
hua wei hui jin	化为灰烬	1
hua dong	化冻	1
hua fen	化分	1
hua hua	化化	1
hua ji tun yu	化及豚鱼	1
hua he	化合	1
hua jing	化境	1
hua wai	化外	1
hua wai zhi min	化外之民	1
hua xue yuan su	化学元素	1
hua xue fei liao	化学肥料	1
hua gan ge wei yu bo	化干戈为玉帛	1
hua xing qi wei	化性起伪	1
hua di wei you	化敌为友	1
hua zheng wei ling	化整为零	1
hua zhai	化斋	1
hua ri guang tian	化日光天	1
hua xiao wei jiu	化枭为鸠	1
hua min cheng su	化民成俗	1
hua min yi su	化民易俗	1
hua sheng	化生	1
hua yu	化瘀	1
hua fen chi	化粪池	1
hua yuan	化缘	1
hua nong	化脓	1
hua fu wei qi	化腐为奇	1
hua fu cheng qi	化腐成奇	1
hua fu xiu wei shen qi	化腐朽为神奇	1
hua ruo yan cao	化若偃草	1
hua qian	化钱	1
hua tie lu	化铁炉	1
hua xian wei yi	化险为夷	1
hua ling wei zheng	化零为整	1
hua yan yuan	化验员	1
hua yan shi	化验室	1
hua chi wei feng	化鸱为凤	1
bei jing yi ke da xue	北京医科大学	1
bei jing shi fan da xue	北京师范大学	1
bei jing lin ye da xue	北京林业大学	1
bei jing yuan ren	北京猿人	1
bei jing li gong da xue	北京理工大学	1
bei jing ke ji da xue	北京科技大学	1
bei jing hua	北京话	1
bei jing ya	北京鸭	1
bei fa jun	北伐军	1
bei fa zhan zheng	北伐战争	1
bei bing yang	北冰洋	1
bei ban qiu	北半球	1
bei sou shi ma	北叟失马	1
bei zhou	北周	1
bei tou	北头	1
bei gong ying er	北宫婴儿	1
bei han dai	北寒带	1
bei yue	北岳	1
bei fang	北房	1
bei dou qi xing	北斗七星	1
bei dou zhi zun	北斗之尊	1
bei dou xing	北斗星	1
bei fang jiao tong da xue	北方交通大学	1
bei fang fang yan	北方方言	1
bei fang hua	北方话	1
bei qu	北曲	1
bei chao	北朝	1
bei ji guang	北极光	1
bei ji quan	北极圈	1
bei ji xing	北极星	1
bei ji hu	北极狐	1
bei jiang	北江	1
bei yang jun fa	北洋军阀	1
bei hai shi	北海市	1
bei wen dai	北温带	1
bei ai er lan	北爱尔兰	1
bei gua	北瓜	1
bei jiang	北疆	1
bei chuang gao wo	北窗高卧	1
bei yue	北越	1
bei yuan shi chu	北辕适楚	1
bei yuan shi yue	北辕适粤	1
bei zhe nan yuan	北辙南辕	1
bei chen xing gong	北辰星拱	1
bei dao zhu ren	北道主人	1
bei guo xian sheng	北郭先生	1
bei bi zhi sheng	北鄙之声	1
bei bi zhi yin	北鄙之音	1
bei men zhi ji	北门之寄	1
bei men zhi guan	北门之管	1
bei men nan ya	北门南牙	1
bei men guan yue	北门管钥	1
bei men suo yue	北门锁钥	1
bei mian cheng chen	北面称臣	1
bei feng zhi lian	北风之恋	1
bei lu	北麓	1
bei qi	北齐	1
chi zi	匙子	1
za di	匝地	1
jiang shi yun jin	匠石运金	1
kuang luan fan zheng	匡乱反正	1
kuang su ji shi	匡俗济时	1
kuang qi bu dai	匡其不逮	1
kuang zhu	匡助	1
kuang guo ji shi	匡国济时	1
kuang jiu mi feng	匡救弥缝	1
kuang shi ji shi	匡时济世	1
kuang shi ji su	匡时济俗	1
kuang zheng	匡正	1
kuang ji	匡济	1
kuang miu zheng su	匡谬正俗	1
kuang ding jie yi	匡鼎解颐	1
fei yi zhao xi	匪伊朝夕	1
fei huan	匪患	1
fei chao yi xi	匪朝伊夕	1
fei shi zhi xin	匪石之心	1
fei shi fei xi	匪石匪席	1
pi fu	匹夫	1
pi fu zhi yong	匹夫之勇	1
pi fu zhi liang	匹夫之谅	1
pi fu pi fu	匹夫匹妇	1
pi fu xiao liang	匹夫小谅	1
pi fu huai bi	匹夫怀璧	1
pi fu wu zui	匹夫无罪	1
pi fu you ze	匹夫有责	1
pi fu gou du	匹夫沟渎	1
pi fu gou qu	匹妇沟渠	1
pi ma dan qiang	匹马单枪	1
pi ma zhi lun	匹马只轮	1
pi ma dang xian	匹马当先	1
qu gong suo	区公所	1
qu qu zhi zhong	区区之众	1
qu qu xiao shi	区区小事	1
qu qu ci xin	区区此心	1
qu yu wang luo	区域网路	1
qu wai	区外	1
qu hui	区徽	1
qu wen zou jian	区闻陬见	1
yi jia	医家	1
ni ming xin	匿名信	1
ni ying cang xing	匿影藏形	1
ni cang	匿藏	1
ni ji yin xing	匿迹隐形	1
shi yi dian zhong	十一点钟	1
shi wan ba qian li	十万八千里	1
shi wan huo ji	十万火急	1
shi wan huo su	十万火速	1
shi bu dang yi	十不当一	1
shi shi dan chuan	十世单传	1
shi er wan fen	十二万分	1
shi er ge	十二个	1
shi er fen	十二分	1
shi er shu	十二属	1
shi er jing mai	十二经脉	1
shi qin jiu gu	十亲九故	1
shi qin jiu juan	十亲九眷	1
shi ba ceng di yu	十八层地狱	1
shi liu wan zhi	十六烷值	1
shi dong la yue	十冬腊月	1
shi fa shi zhong	十发十中	1
shi bian wu hua	十变五化	1
shi kou xiang chuan	十口相传	1
shi si hang shi	十四行诗	1
shi fu rao zhui	十夫桡椎	1
shi fu rou zhui	十夫楺椎	1
shi zi jie tou	十字街头	1
shi zi lu tou	十字路头	1
shi shi jiu kui	十室九匮	1
shi shi jiu kong	十室九空	1
shi jia	十家	1
shi han yi bao	十寒一暴	1
shi nian jiu bu yu	十年九不遇	1
shi nian nei luan	十年内乱	1
shi nian mo jian	十年磨剑	1
shi nian du shu	十年读书	1
shi e bu she	十恶不赦	1
shi e wu ni	十恶五逆	1
shi zhi you chang duan	十指有长短	1
shi zhuo jiu zhe	十捉九着	1
shi ri bing chu	十日并出	1
shi bu xiang che	十步香车	1
shi si bu wen	十死不问	1
shi jiang wu kui	十浆五馈	1
shi yang jiu mu	十羊九牧	1
shi hang ju xia	十行俱下	1
shi zhuan jiu kong	十转九空	1
shi zai han chuang	十载寒窗	1
shi li pu	十里堡	1
shi li yang chang	十里洋场	1
shi li chang ting	十里长亭	1
shi yu wu feng	十雨五风	1
shi feng wu yu	十风五雨	1
shi mo jiu nan	十魔九难	1
shi shu tong xue	十鼠同穴	1
qian wan mai lin	千万买邻	1
qian cheng wan qi	千乘万骑	1
qian sheng zhi guo	千乘之国	1
qian le wan dang	千了万当	1
qian liao bai liao	千了百了	1
qian liao bai dang	千了百当	1
qian chou wan hen	千仇万恨	1
qian cang wan xiang	千仓万箱	1
qian ren wu zhi	千仞无枝	1
qian yi wan shun	千依万顺	1
qian bing wan ma	千兵万马	1
qian jun wan ma	千军万马	1
qian dao wan duo	千刀万剁	1
qian dao wan gua	千刀万剐	1
qian fen chi	千分尺	1
qian ka	千卡	1
qian bian wan zhuang	千变万状	1
qian bian wan zhen	千变万轸	1
qian gu bu xiu	千古不朽	1
qian gu bu mo	千古不磨	1
qian gu qi wen	千古奇闻	1
qian gu jue diao	千古绝调	1
qian ding wan zhu	千叮万嘱	1
qian hu wan huan	千呼万唤	1
qian hui wan zhuan	千回万转	1
qian hui bai zhe	千回百折	1
qian hui bai zhuan	千回百转	1
qian fu	千夫	1
qian fu suo zhi	千夫所指	1
qian fu zhi	千夫指	1
qian tou wan xu	千头万序	1
qian tou wan xu	千头万绪	1
qian zi wan tai	千姿万态	1
qian ceng di	千层底	1
qian shan wan he	千山万壑	1
qian shan wan shui	千山万水	1
qian yan wan he	千岩万壑	1
qian feng wan he	千峰万壑	1
qian cha wan cuo	千差万错	1
qian nian wan zai	千年万载	1
qian xing wan zhuang	千形万状	1
qian tai wan zhuang	千态万状	1
qian si wan xiang	千思万想	1
qian si wan lv	千思万虑	1
qian en wan xie	千恩万谢	1
qian chou wan hen	千愁万恨	1
qian chou wan xu	千愁万绪	1
qian tui wan zu	千推万阻	1
qian fang wan ji	千方万计	1
qian ri da chai yi ri shao	千日打柴一日烧	1
qian ri hong	千日红	1
qian cun wan luo	千村万落	1
qian tiao wan duan	千条万端	1
qian tiao wan xu	千条万绪	1
qian tiao wan lv	千条万缕	1
qian shui wan shan	千水万山	1
qian hui wan zhuang	千汇万状	1
qian gou wan he	千沟万壑	1
qian zai bai nan	千灾百难	1
qian zhuang wan tai	千状万态	1
qian zhuang wan duan	千状万端	1
qian wa xiao shi	千瓦小时	1
qian wa shi	千瓦时	1
qian sheng wan jie	千生万劫	1
qian sheng wan si	千生万死	1
qian zhen wan que	千真万确	1
qian mo bai she	千磨百折	1
qian qiu wan shi	千秋万世	1
qian qiu wan dai	千秋万代	1
qian qiu wan gu	千秋万古	1
qian qiu wan sui	千秋万岁	1
qian zhang wan ju	千章万句	1
qian duan wan xu	千端万绪	1
qian hong wan zi	千红万紫	1
qian xu wan duan	千绪万端	1
qian lv yi de	千虑一得	1
qian yan wan shuo	千言万说	1
qian yu wan yan	千语万言	1
qian zai yi hui	千载一会	1
qian zai yi he	千载一合	1
qian zai yi sheng	千载一圣	1
qian zai yi dan	千载一弹	1
qian zai yi ri	千载一日	1
qian zai yi shi	千载一时	1
qian zai yi feng	千载一逢	1
qian zai yi yu	千载一遇	1
qian zai qi yu	千载奇遇	1
qian zai nan yu	千载难遇	1
qian li yi qu	千里一曲	1
qian li zhi ren	千里之任	1
qian li tong feng	千里同风	1
qian li jie yan	千里结言	1
qian li jun gu	千里骏骨	1
qian jin zhi jia	千金之家	1
qian jin shi gu	千金市骨	1
qian jun yi fa	千钧一发	1
qian jun zhong fu	千钧重负	1
qian men wan hu	千门万户	1
qian wen bu ru yi jian	千闻不如一见	1
qian nan wan ku	千难万苦	1
qian nan wan xian	千难万险	1
qian nan wan nan	千难万难	1
qian ling wan dai	千龄万代	1
sheng wei	升位	1
sheng ya	升压	1
sheng guan fa cai	升官发财	1
sheng shan cai zhu	升山采珠	1
sheng zhang	升涨	1
sheng jiang ji	升降机	1
sheng jiang duo	升降舵	1
wu jian	午间	1
ban san bu si	半三不四	1
ban shang ban xia	半上半下	1
ban shang luo xia	半上落下	1
ban zhong yao	半中腰	1
ban zhong jian	半中间	1
ban xiu	半休	1
ban di bu gao	半低不高	1
ban xin bu xin	半信不信	1
ban xin ban yi	半信半疑	1
ban nong ban mu qu	半农半牧区	1
ban ban la la	半半拉拉	1
ban tu ban lu	半吐半露	1
ban tun ban tu	半吞半吐	1
ban ye san geng	半夜三更	1
ban da	半大	1
ban da bu xiao	半大不小	1
ban xiu	半宿	1
ban gong ban du	半工半读	1
ban dong bu dong	半懂不懂	1
ban la	半拉	1
ban la zi	半拉子	1
ban wen bu bai	半文不白	1
ban xin bu jiu	半新不旧	1
ban yue xing	半月形	1
ban ji xie hua	半机械化	1
ban si bu huo	半死不活	1
ban zhi min di	半殖民地	1
ban tu er ba	半涂而罢	1
ban dian er	半点儿	1
ban sheng bu shu	半生不熟	1
ban yi ban xin	半疑半信	1
ban chi bu dian	半痴不颠	1
ban zhen ban jia	半真半假	1
ban piao	半票	1
ban kong zhong	半空中	1
ban chou bu na	半筹不纳	1
ban chou mo zhan	半筹莫展	1
ban shuai qi	半衰期	1
ban jie yi zhi	半解一知	1
ban lu xiu xing	半路修行	1
ban lu chu jia	半路出家	1
ban shen bu sui	半身不遂	1
ban zai	半载	1
ban bu lun yu	半部论语	1
ban bu lun yu zhi tian xia	半部论语治天下	1
ban jian bu jie	半间不界	1
ban jian ban jie	半间半界	1
ban mian bu wang	半面不忘	1
hua bu zai yang	华不再扬	1
hua yan	华严	1
hua yan zong	华严宗	1
hua ting he li	华亭鹤唳	1
hua tuo	华佗	1
hua guan li fu	华冠丽服	1
hua bei ping yuan	华北平原	1
hua fa	华发	1
hua rong	华容	1
hua feng san zhu	华封三祝	1
hua er zi	华尔兹	1
hua wu qiu xu	华屋丘墟	1
hua wu shan qiu	华屋山丘	1
hua wu qiu xu	华屋秋墟	1
hua nian	华年	1
hua cai	华彩	1
hua zu	华族	1
hua xing qiu yue	华星秋月	1
hua shi wen du ji	华氏温度计	1
hua chi	华池	1
hua deng	华灯	1
hua gai	华盖	1
hua zhang	华章	1
hua han	华翰	1
hua er bu shi	华而不实	1
hua zhou	华胄	1
hua biao	华表	1
hua dan	华诞	1
hua da ni	华达呢	1
hua li	华里	1
hua yin shi	华阴市	1
xie li tong xin	协力同心	1
xie li qi xin	协力齐心	1
xie xin tong li	协心同力	1
xie cha	协查	1
xie li yuan	协理员	1
xie si wang shang	协私罔上	1
xie yue	协约	1
xie yue guo	协约国	1
bei bu zu dao	卑不足道	1
bei zhi wu shen gao lun	卑之无甚高论	1
bei bei bu zu dao	卑卑不足道	1
bei gong fei shi	卑宫菲食	1
bei chan zu gong	卑谄足恭	1
bei shen qu ti	卑身屈体	1
bei shen jian ti	卑身贱体	1
bei gong qu jie	卑躬屈节	1
bei ci zhong bi	卑辞重币	1
zu ye	卒业	1
zu zi	卒子	1
zu sui	卒岁	1
zu nian	卒年	1
zu ran	卒然	1
zhuo hu bu qun	卓乎不群	1
zhuo er bu qun	卓尔不群	1
zhuo er du xing	卓尔独行	1
zhuo you cheng jiu	卓有成就	1
zhuo ran bu qun	卓然不群	1
zhuo luo bu ji	卓荦不羁	1
zhuo jian	卓见	1
zhuo shi	卓识	1
dan si bu cheng xian	单丝不成线	1
dan si bu xian	单丝不线	1
dan ge er	单个儿	1
dan ren hua	单人滑	1
dan ren du ma	单人独马	1
dan ren wu	单人舞	1
dan chuan	单传	1
dan zuo	单作	1
dan yuan lou	单元楼	1
dan yuan men	单元门	1
dan bing	单兵	1
dan bing gu cheng	单兵孤城	1
dan dao yi ru	单刀宜入	1
dan dao zhi ru	单刀直入	1
dan dao fu hui	单刀赴会	1
dan lie	单列	1
dan li	单利	1
dan fa	单发	1
dan kou	单口	1
dan kou xiang sheng	单口相声	1
dan ju	单句	1
dan ling	单另	1
dan ming	单名	1
shan xing	单姓	1
dan zi ye zhi wu	单子叶植物	1
dan jie du li	单孑独立	1
dan zi	单字	1
dan ji dao	单季稻	1
dan han	单寒	1
dan feng tuo	单峰驼	1
dan bang	单帮	1
dan fu	单幅	1
dan gan hu	单干户	1
dan xian	单弦	1
dan xian er	单弦儿	1
dan ruo	单弱	1
dan you ji cui	单忧极瘁	1
dan da yi	单打一	1
dan bai	单摆	1
dan wen gu zheng	单文孤证	1
dan jing gui	单晶硅	1
dan gang	单杠	1
dan ban ji suan ji	单板计算机	1
dan ji	单极	1
dan qiang pi ma	单枪匹马	1
dan qiang du ma	单枪独马	1
dan yong	单用	1
dan tan	单瘫	1
dan xiang si	单相思	1
dan ke	单科	1
dan pian	单篇	1
dan huang guan	单簧管	1
dan tang	单糖	1
dan chun ci	单纯词	1
dan se guang	单色光	1
dan xing ben	单行本	1
dan xing xian	单行线	1
dan yi	单衣	1
dan bei	单被	1
dan ku	单裤	1
dan jian qian wen	单见浅闻	1
dan shuo	单说	1
dan gui	单轨	1
dan men	单门	1
dan men du hu	单门独户	1
dan yin ci	单音词	1
dan qi	单骑	1
dan hu gua fu	单鹄寡凫	1
mai guai nong qiao	卖乖弄俏	1
mai jia	卖价	1
mai qiao	卖俏	1
mai qiao xing jian	卖俏行奸	1
mai qiao ying jian	卖俏迎奸	1
mai er yu nv	卖儿鬻女	1
mai guan jie	卖关节	1
mai jin	卖劲	1
mai da hao	卖大号	1
mai tou mai jiao	卖头卖脚	1
mai hao	卖好	1
mai qi yu zi	卖妻鬻子	1
mai fu cha pin	卖富差贫	1
mai lv fen xiang	卖履分香	1
mai wen wei sheng	卖文为生	1
mai fang shi chang	卖方市场	1
mai li zuan he	卖李钻核	1
mai gou xuan yang	卖狗悬羊	1
mai gou pi gao yao	卖狗皮膏药	1
mai nan yu nv	卖男鬻女	1
mai xiang	卖相	1
mai kong	卖空	1
mai kong mai kong	卖空买空	1
mai xiao zhui huan	卖笑追欢	1
mai shen qi	卖身契	1
nan zhong	南中	1
nan yue	南乐	1
nan ya ci da lu	南亚次大陆	1
nan jun	南军	1
nan guan chu qiu	南冠楚囚	1
nan liang	南凉	1
nan ban qiu	南半球	1
nan nan he zuo	南南合作	1
nan qu bei lai	南去北来	1
nan lv	南吕	1
nan wei er	南味儿	1
nan tang	南唐	1
nan tian zhu	南天竹	1
nan tian men	南天门	1
nan tou	南头	1
nan shan ke yi	南山可移	1
nan shan tie an	南山铁案	1
nan ling	南岭	1
nan yue	南岳	1
nan chuan	南川	1
nan zhou guan mian	南州冠冕	1
nan xun	南巡	1
nan shi	南式	1
nan zheng bei fa	南征北伐	1
nan zheng bei zhan	南征北战	1
nan zheng bei tao	南征北讨	1
nan xi	南戏	1
nan hu kui lang	南户窥郎	1
nan fang	南房	1
nan quan	南拳	1
nan xing	南星	1
nan lai bei wang	南来北往	1
nan zhi bei zhi	南枝北枝	1
nan ke yi meng	南柯一梦	1
nan ke meng	南柯梦	1
nan zhao bei yuan	南棹北辕	1
nan ju bei zhi	南橘北枳	1
nan ou	南欧	1
nan han	南汉	1
nan jiang	南江	1
nan sha qun dao	南沙群岛	1
nan ni wan	南泥湾	1
nan wen dai	南温带	1
nan yan	南燕	1
nan gua zi	南瓜子	1
nan pi	南皮	1
nan zhu	南竹	1
nan ji bei dou	南箕北斗	1
nan yue	南粤	1
nan wei	南纬	1
nan hu	南胡	1
nan qiang bei diao	南腔北调	1
nan yi bei jia	南舣北驾	1
nan hang bei qi	南航北骑	1
nan chuan bei che	南船北车	1
nan man	南蛮	1
nan man jue she	南蛮鴂舌	1
nan man jue she	南蛮鴃舌	1
nan zhao	南诏	1
nan huo	南货	1
nan fan bei gu	南贩北贾	1
nan yue	南越	1
nan yuan bei zhe	南辕北辙	1
nan qian	南迁	1
nan zheng	南郑	1
nan guo xian sheng	南郭先生	1
nan guo chu shi	南郭处士	1
nan jin dong jian	南金东箭	1
nan ruan bei ruan	南阮北阮	1
nan yang shi	南阳市	1
nan ling	南陵	1
nan mian bai cheng	南面百城	1
nan mian cheng gu	南面称孤	1
nan yin	南音	1
nan feng bu jing	南风不竞	1
nan yao bei ying	南鹞北鹰	1
nan lu	南麓	1
nan qi	南齐	1
bo shi dian	博士点	1
bo wen yue li	博文约礼	1
bo shi ji zhong	博施济众	1
bo wu xue jia	博物学家	1
bo shuo fei tu	博硕肥腯	1
bo er bu jing	博而不精	1
bo er gua yao	博而寡要	1
bo ci wa na	博茨瓦纳	1
bo lan wu che	博览五车	1
bo shi	博识	1
bo shi duo tong	博识多通	1
bo shi qia wen	博识洽闻	1
bo cai	博采	1
bo cai zhong yi	博采众议	1
bo cai zhong chang	博采众长	1
bo wen duo shi	博闻多识	1
bo wen qiang zhi	博闻强志	1
bo wen qiang ji	博闻强记	1
bo wen qiang zhi	博闻强识	1
bu gua	卜卦	1
bu ye bu zhou	卜夜卜昼	1
bu ju	卜居	1
bu zhou bu ye	卜昼卜夜	1
bu shi	卜筮	1
bu ci	卜辞	1
bu gu	卜骨	1
zhan shang feng	占上风	1
zhan you shi	占优势	1
zhan xian	占先	1
zhan gua	占卦	1
zhan ya	占压	1
zhan duo shu	占多数	1
zhan ju	占居	1
zhan shan wei wang	占山为王	1
zhan xing shu	占星术	1
zhan you quan	占有权	1
zhan meng	占梦	1
zhan li	占理	1
zhan zhe mao keng bu la shi	占着茅坑不拉屎	1
zhan shi	占筮	1
zhan ke	占课	1
zhan ling jun	占领军	1
zhan feng shi fan	占风使帆	1
zhan feng wang qi	占风望气	1
ka jie miao	卡介苗	1
ka qi	卡其	1
qia ju	卡具	1
ka kou	卡口	1
qia ke	卡壳	1
qia zi	卡子	1
ka bin qiang	卡宾枪	1
ka chi	卡尺	1
ka dai	卡带	1
ka zuo	卡座	1
ka la qi	卡拉奇	1
ka zhi	卡纸	1
qia bo zi	卡脖子	1
ka gui	卡规	1
ka nuo	卡诺	1
ka qian	卡钳	1
lu hua	卤化	1
lu mang mie lie	卤莽灭裂	1
lu ji	卤鸡	1
wo bu an xi	卧不安席	1
wo dao	卧倒	1
wo she	卧射	1
wo chuang bu qi	卧床不起	1
wo che	卧车	1
wei shu qu	卫戍区	1
wei xing zhan	卫星站	1
wei xing tong xin	卫星通信	1
wei sheng yuan	卫生员	1
wei sheng kuai	卫生筷	1
wei sheng xiang	卫生香	1
ang tou kuo bu	卬头阔步	1
ang shou shen mei	卬首信眉	1
yin jian	印件	1
yin xin	印信	1
yin er	印儿	1
yin shua ye	印刷业	1
yin shua ti	印刷体	1
yin shua suo	印刷所	1
yin ke	印刻	1
yin tai	印台	1
yin du ni xi ya	印度尼西亚	1
yin du jiao	印度教	1
yin ba	印把	1
yin ba zi	印把子	1
yin ni	印泥	1
yin xiang zhi	印相纸	1
yin lei shou ruo	印累绶若	1
yin wen	印纹	1
yin hua bu	印花布	1
yin xing	印行	1
wei yu lei luan	危于累卵	1
wei wang	危亡	1
wei zuo	危坐	1
wei cheng	危城	1
wei ru zhao lu	危如朝露	1
wei ru lei luan	危如累卵	1
wei ji cun wang	危急存亡	1
wei ji cun wang zhi qiu	危急存亡之秋	1
wei qing	危情	1
wei ji si fu	危机四伏	1
wei ji chong chong	危机重重	1
wei er bu chi	危而不持	1
wei ruo zhao lu	危若朝露	1
wei yan	危言	1
wei yan wei xing	危言危行	1
wei yan he lun	危言核论	1
wei yan zheng se	危言正色	1
wei yan song lun	危言竦论	1
wei yan he lun	危言覈论	1
wei yan gao lun	危言高论	1
wei po li you	危迫利诱	1
wei zhong	危重	1
ji ling	即令	1
ji xing zhi zuo	即兴之作	1
ji xiao jian da	即小见大	1
ji jing	即景	1
ji jing sheng qing	即景生情	1
ji qi	即期	1
ji ruo	即若	1
ji xing	即行	1
que zhi bu gong	却之不恭	1
que lao huan tong	却老还童	1
que xing qiu qian	却行求前	1
luan yu shi dou	卵与石斗	1
luan ke	卵壳	1
luan shi	卵石	1
luan shi bu di	卵石不敌	1
luan lie	卵裂	1
juan yun	卷云	1
juan juan	卷卷	1
juan di pi	卷地皮	1
juan zi ben	卷子本	1
juan zong	卷宗	1
juan chi	卷尺	1
juan ceng yun	卷层云	1
juan lian	卷帘	1
juan zhi	卷帙	1
juan zhi hao fan	卷帙浩繁	1
juan xi er ju	卷席而居	1
juan xi er zang	卷席而葬	1
juan xin cai	卷心菜	1
juan yang	卷扬	1
juan yang ji	卷扬机	1
juan qi xi gu	卷旗息鼓	1
juan bai	卷柏	1
juan jia bei dao	卷甲倍道	1
juan jia shu bing	卷甲束兵	1
juan jia xian mei	卷甲衔枚	1
juan jia tao ge	卷甲韬戈	1
juan ji yun	卷积云	1
juan bi dao	卷笔刀	1
juan tong zhi	卷筒纸	1
juan suo	卷缩	1
juan she	卷舌	1
juan she yuan yin	卷舌元音	1
juan she yin	卷舌音	1
juan tao	卷逃	1
juan pu gai	卷铺盖	1
juan mian	卷面	1
juan xu	卷须	1
xie bao fu	卸包袱	1
xie mo sha lv	卸磨杀驴	1
xie che	卸车	1
qing da fu	卿大夫	1
chang xiu	厂休	1
chang shi	厂史	1
chang kuang	厂矿	1
chang ji	厂纪	1
chang gui	厂规	1
e nan	厄难	1
li shi mo dun	历世摩钝	1
li shi mo dun	历世磨钝	1
li jiu mi jian	历久弥坚	1
li li ke shu	历历可数	1
li li ke kao	历历可考	1
li li ke jian	历历可见	1
li li ke bian	历历可辨	1
li li luo luo	历历落落	1
li shi xiao shuo	历史小说	1
li shu	历数	1
li chao	历朝	1
li jing wei zhi	历精为治	1
li jing geng shi	历精更始	1
li shi mo dun	厉世摩钝	1
li jing geng shi	厉精更始	1
li xing	厉行	1
li xing jie yue	厉行节约	1
ya chan	压产	1
ya cang	压仓	1
ya dao yuan bai	压倒元白	1
ya dao duo shu	压倒多数	1
ya guang	压光	1
ya li guo	压力锅	1
ya juan	压卷	1
ya juan zhi zuo	压卷之作	1
ya ya	压压	1
ya tai	压台	1
ya tai xi	压台戏	1
ya chang	压场	1
ya jing	压境	1
ya tou	压头	1
ya zhai fu ren	压寨夫人	1
ya ping	压平	1
ya ku	压库	1
ya yan	压延	1
ya qiang	压强	1
ya jing	压惊	1
ya dan zi	压担子	1
ya fu	压服	1
ya tiao	压条	1
ya ban	压板	1
ya gen er	压根儿	1
ya qi	压气	1
ya gang	压港	1
ya tong	压痛	1
ya cheng	压秤	1
ya ji	压级	1
ya suo kong qi	压缩空气	1
ya suo bing gan	压缩饼干	1
ya jian die bei	压肩叠背	1
ya jian die bei	压肩迭背	1
ya tui	压腿	1
ya chuan	压船	1
ya liang wei jian	压良为贱	1
ya wan	压蔓	1
ya huo	压货	1
ya lu ji	压路机	1
ya che	压车	1
ya zhou xi	压轴戏	1
ya dui	压队	1
ya zhen	压阵	1
ya xue qiu you	压雪求油	1
ya ding	压顶	1
yan xue	厌学	1
yan nan zhe chong	厌难折冲	1
ce zu qi jian	厕足其间	1
ce shen qi jian	厕身其间	1
li zheng	厘正	1
hou jin bo gu	厚今薄古	1
hou gu bo jin	厚古薄今	1
hou wei xi du	厚味腊毒	1
hou wang bao lai	厚往薄来	1
hou dai	厚待	1
hou de zai wu	厚德载物	1
hou de zai fu	厚德载福	1
hou po	厚朴	1
hou ci bo bi	厚此薄彼	1
hou pian	厚片	1
hou ji bo fa	厚积薄发	1
hou bo	厚薄	1
cuo huo liao yuan	厝火燎原	1
yuan ren	原任	1
yuan zhi	原值	1
yuan pan	原判	1
yuan yuan wei wei	原原委委	1
yuan chu	原处	1
yuan shi she hui	原始社会	1
yuan shi ji lei	原始积累	1
yuan shi yao zhong	原始要终	1
yuan shi jian zhong	原始见终	1
yuan zi fan ying dui	原子反应堆	1
yuan zi he	原子核	1
yuan feng bu dong	原封不动	1
yuan xing bi lu	原形毕露	1
yuan xing bai lu	原形败露	1
yuan tang	原汤	1
yuan jiang	原浆	1
yuan zhong	原种	1
yuan xian quan	原线圈	1
si da	厮打	1
si hun	厮混	1
si mo	厮磨	1
qu zhu liang nan	去住两难	1
qu tian chi wu	去天尺五	1
qu tai qu shen	去太去甚	1
qu jiu zhi fen	去就之分	1
qu ben qu mo	去本趋末	1
qu tai qu shen	去泰去甚	1
qu shen qu tai	去甚去泰	1
qu bing	去病	1
qu tong pian	去痛片	1
qu xie gui zheng	去邪归正	1
qu shi cun xin	去食存信	1
xian fen	县份	1
xian xian	县县	1
xian tai ye	县太爷	1
xian wei	县尉	1
xian zhi	县志	1
xian zhi	县治	1
xian zhi shi	县知事	1
xian li	县立	1
can shi	参事	1
can wu cuo zong	参伍错纵	1
cen wu cuo zong	参伍错综	1
can qian yi heng	参前倚衡	1
can he	参劾	1
can ban	参半	1
shen shang	参商	1
shen shang zhi yu	参商之虞	1
shen hui dou zhuan	参回斗转	1
can tian	参天	1
can tian liang di	参天两地	1
can tian er di	参天贰地	1
cen ci bu yi	参差不一	1
cen ci cuo luo	参差错落	1
can jian	参建	1
can wu	参悟	1
can pai	参拍	1
can zheng dang	参政党	1
can za	参杂	1
can jiao	参校	1
can jian	参检	1
shen heng dou zhuan	参横斗转	1
can zhao wu	参照物	1
can zhao xi	参照系	1
can chan	参禅	1
shen rong	参茸	1
can guan tuan	参观团	1
can yi	参议	1
can yi hui	参议会	1
can fang	参访	1
can shi	参试	1
can mou bu	参谋部	1
can ye	参谒	1
can du	参赌	1
can zan	参赞	1
shen chen mao you	参辰卯酉	1
shen chen ri yue	参辰日月	1
can tou	参透	1
can tou ji guan	参透机关	1
can zhuo	参酌	1
can liang	参量	1
cen cuo	参错	1
can yu	参预	1
you zuo bie lun	又作别论	1
you tu you xie	又吐又泻	1
you ruo yi ge	又弱一个	1
you dang bie lun	又当别论	1
you hong you zhuan	又红又专	1
you xi you chang	又细又长	1
cha er	叉儿	1
cha kai	叉开	1
cha kai shuang tui	叉开双腿	1
cha shou	叉手	1
cha yao	叉腰	1
cha lu	叉路	1
ji bin you yu	及宾有鱼	1
ji shi xing le	及时行乐	1
ji shi yu	及时雨	1
ji ni hu chuan	及溺呼船	1
ji ji nian hua	及笄年华	1
you lin	友邻	1
you feng zi yu	友风子雨	1
shuang guan yu	双关语	1
shuang xiang xuan ze	双向选择	1
shuang bin yu	双宾语	1
shuang su shuang fei	双宿双飞	1
shuang qiang	双抢	1
shuang yong	双拥	1
shuang gua hao	双挂号	1
shuang qu xian	双曲线	1
shuang gang	双杠	1
shuang gan dou jiu	双柑斗酒	1
shuang qi	双栖	1
shuang qi shuang su	双栖双宿	1
shuang guan qi xia	双管齐下	1
shuang jian tiao	双肩挑	1
shuang zu chong jian	双足重茧	1
shuang lun	双轮	1
shuang chong ren ge	双重人格	1
shuang chong guo ji	双重国籍	1
fan ce	反侧	1
fan qi dao er xing zhi	反其道而行之	1
fan chong	反冲	1
fan chong li	反冲力	1
fan ji zhan	反击战	1
fan qie	反切	1
fan dong fen zi	反动分子	1
fan lao wei yi	反劳为逸	1
fan you pai dou zheng	反右派斗争	1
fan ting nei shi	反听内视	1
fan chun xiang ji	反唇相稽	1
fan chun xiang ji	反唇相讥	1
fan tan ke pao	反坦克炮	1
fan ke wei zhu	反客为主	1
fan dui piao	反对票	1
fan she ding lv	反射定律	1
fan she jiao	反射角	1
fan ying liang ji	反应两极	1
fan ying shi	反应式	1
fan ying guo du	反应过度	1
fan ying guo du	反应过渡	1
fan ge xiang xiang	反戈相向	1
fan zhan fen zi	反战分子	1
fan shou ke de	反手可得	1
fan pa	反扒	1
fan ba	反把	1
fan gong dao suan	反攻倒算	1
fan ying lun	反映论	1
fan pu gui zhen	反朴归真	1
fan pu huan chun	反朴还淳	1
fan zheng bo luan	反正拨乱	1
fan zheng huan chun	反正还淳	1
fan qi xuan	反气旋	1
fan shui bu shou	反水不收	1
fan zhi qi shen	反治其身	1
fan mu cheng chou	反目成仇	1
fan yan bu shi	反眼不识	1
fan jing he yi	反经合义	1
fan jing he dao	反经合道	1
fan jing xing quan	反经行权	1
fan lao huan tong	反老还童	1
fan jie	反诘	1
fan yu	反语	1
fan diao	反调	1
fan bai wei sheng	反败为胜	1
fan gong zi xing	反躬自省	1
fan zhuan pian	反转片	1
fan jian	反间	1
fan jian zhi ji	反间之计	1
fan jian ji	反间计	1
fan jian die	反间谍	1
fan mian jiao yuan	反面教员	1
fan feng mie huo	反风灭火	1
fan gu	反骨	1
fa shang chong guan	发上冲冠	1
fa shang zhi guan	发上指冠	1
fa sang	发丧	1
fa ru	发乳	1
fa ren shen si	发人深思	1
fa ren shen xing	发人深省	1
fa fu	发付	1
fa ling	发令	1
fa ling qiang	发令枪	1
fa sha	发傻	1
fa jiang	发僵	1
fa bing	发兵	1
fa leng	发冷	1
fa fan	发凡	1
fa fan qi li	发凡起例	1
fa han	发函	1
fa kan ci	发刊词	1
fa shua	发刷	1
fa bao ren	发包人	1
fa dan	发单	1
fa qia	发卡	1
fa hao shi ling	发号施令	1
fa ya	发哑	1
fa chuan	发喘	1
fa dia	发嗲	1
fa kun	发困	1
fa huai	发坏	1
fa da shui	发大水	1
fa fen tu qiang	发奋图强	1
fa jiang	发奖	1
fa tao	发套	1
fa jian ti fu	发奸擿伏	1
fa qi	发妻	1
fa xian bu ling	发宪布令	1
fa jia zhi fu	发家致富	1
fa she tai	发射台	1
fa she ta	发射塔	1
fa wu	发屋	1
fa wu qiu li	发屋求狸	1
fa zhan zhong guo jia	发展中国家	1
fa zhan xin li xue	发展心理学	1
fa shi	发市	1
fa shi	发式	1
fa yin	发引	1
fa yin qian jun	发引千钧	1
fa nu chong guan	发怒冲冠	1
fa nu chuan guan	发怒穿冠	1
fa zheng	发怔	1
fa ji	发急	1
fa chu	发怵	1
fa leng	发愣	1
fa fen	发愤	1
fa fen tu qiang	发愤图强	1
fa fen wang shi	发愤忘食	1
fa yuan	发愿	1
fa huang	发慌	1
fa chu	发憷	1
fa lan	发懒	1
fa meng	发懵	1
fa yang chuo li	发扬踔厉	1
fa yang dao li	发扬蹈厉	1
fa bao	发报	1
fa bao ji	发报机	1
fa zhi	发指	1
fa zhi zi lie	发指眦裂	1
fa pai	发排	1
fa zheng shi ren	发政施仁	1
fa ming jia	发明家	1
fa ming quan	发明权	1
fa hun	发昏	1
fa hun zhang di shi yi	发昏章第十一	1
fa yun	发晕	1
fa mu	发木	1
fa biao	发标	1
fa gen	发根	1
fa an	发案	1
fa tang zhi qing	发棠之请	1
fa zhi chuan guan	发植穿冠	1
fa leng	发楞	1
fa bang	发榜	1
fa heng	发横	1
fa heng cai	发横财	1
fa qi	发气	1
fa shui	发水	1
fa han	发汗	1
fa you	发油	1
fa yang cai	发洋财	1
fa se	发涩	1
fa yuan	发源	1
fa pai	发牌	1
fa wu	发物	1
fa hen	发狠	1
fa sheng lu mei qi	发生炉煤气	1
fa yao zi	发疟子	1
fa teng	发疼	1
fa sha	发痧	1
fa chi	发痴	1
fa xuan	发癣	1
fa duan xin chang	发短心长	1
fa xing xin shi	发硎新试	1
fa ying	发硬	1
fa shen jing	发神经	1
fa xiang	发祥	1
fa xiang di	发祥地	1
fa tu chi huo	发秃齿豁	1
fa ke da hun	发科打诨	1
fa jiong	发窘	1
fa duan	发端	1
fa duan ci	发端词	1
fa ce jue ke	发策决科	1
fa gu	发箍	1
fa fen	发粉	1
fa gao	发糕	1
fa jin	发紧	1
fa zong zhi shi	发纵指使	1
fa zong zhi shi	发纵指示	1
fa zong zhi shi	发综指示	1
fa lv	发绿	1
fa wang	发网	1
fa long zhen kui	发聋振聩	1
fa zhang	发胀	1
fa jiao	发胶	1
fa ni	发腻	1
fa zi fei fu	发自肺腑	1
fa hua	发花	1
fa ya lv	发芽率	1
fa ku	发苦	1
fa cai	发菜	1
fa luo	发落	1
fa meng	发蒙	1
fa meng zhen kui	发蒙振聩	1
fa meng zhen luo	发蒙振落	1
fa meng jie huo	发蒙解惑	1
fa meng jie fu	发蒙解缚	1
fa nian	发蔫	1
fa xin	发薪	1
fa xu	发虚	1
fa la	发蜡	1
fa yan ying ting	发言盈庭	1
fa yu ci	发语词	1
fa cai zhi fu	发财致富	1
fa huo piao	发货票	1
fa yong chong guan	发踊冲冠	1
fa zong zhi shi	发踪指使	1
fa zong zhi shi	发踪指示	1
fa zao	发躁	1
fa ren	发轫	1
fa bian	发辫	1
fa huan	发还	1
fa ji	发迹	1
fa jiu feng	发酒疯	1
fa jiao fen	发酵粉	1
fa suan	发酸	1
fa men	发闷	1
fa ji	发际	1
fa yin ti fu	发隐擿伏	1
fa lu	发露	1
fa qing	发青	1
fa mian	发面	1
fa yin qi guan	发音器官	1
fa chan	发颤	1
fa piao	发飘	1
fa xiang	发饷	1
fa gao shao	发高烧	1
fa ji	发髻	1
fa bin	发鬓	1
shu bo	叔伯	1
shu bo xiong di	叔伯兄弟	1
shu sao	叔嫂	1
shu du bei hu	叔度陂湖	1
shu fu	叔父	1
qu zhi bu jin	取之不尽	1
qu le	取乐	1
qu luan wu wang	取乱侮亡	1
qu luan cun wang	取乱存亡	1
qu yu you jie	取予有节	1
qu xin	取信	1
qu xin yu ren	取信于人	1
qu xin yu min	取信于民	1
qu qiao tu bian	取巧图便	1
qu nuan qi	取暖器	1
qu huo	取火	1
qu ji	取给	1
qu zhu gong zhong	取诸宫中	1
qu chang qi duan	取长弃短	1
qu chang bu duan	取长补短	1
qu qing fei bai	取青妃白	1
qu qi	取齐	1
shou yuan	受冤	1
shou liang	受凉	1
shou yuan	受援	1
shou jiao	受教	1
shou han	受旱	1
shou jian	受检	1
shou zhi	受治	1
shou xi	受洗	1
shou kan	受看	1
shou yue	受阅	1
shou xiang	受降	1
bian jia	变价	1
bian ti	变体	1
bian su yi jiao	变俗易教	1
bian fen fa	变分法	1
bian dong bu ju	变动不居	1
bian hua bu ce	变化不测	1
bian hua bu qiong	变化不穷	1
bian hua duo duan	变化多端	1
bian hua ru shen	变化如神	1
bian hua wu chang	变化无常	1
bian hua wu qiong	变化无穷	1
bian hua mo ce	变化莫测	1
bian wei wei an	变危为安	1
bian ya	变压	1
bian gu luan chang	变古乱常	1
bian wei er	变味儿	1
bian xing	变型	1
bian zou qu	变奏曲	1
bian huan bu ce	变幻不测	1
bian huan mo ce	变幻莫测	1
bian tai fan ying	变态反应	1
bian xi fa	变戏法	1
bian sheng bu ce	变生不测	1
bian dian qi	变电器	1
bian jie	变节	1
bian diao	变调	1
bian tan li bo	变贪厉薄	1
bian feng gai su	变风改俗	1
bian feng yi su	变风易俗	1
xu bie	叙别	1
xu jia chang	叙家常	1
xu shuo	叙说	1
die he	叠合	1
die fang	叠放	1
die ju chong gui	叠矩重规	1
kou bu er jia	口不二价	1
kou bu ying xin	口不应心	1
kou bu ze yan	口不择言	1
kou zhong zao shi	口中蚤虱	1
kou zhong ci huang	口中雌黄	1
kou chuan	口传	1
kou chuan xin shou	口传心授	1
kou si xuan he	口似悬河	1
kou xin	口信	1
kou chu bu xun	口出不逊	1
kou chu da yan	口出大言	1
kou bei	口北	1
kou kou xiang chuan	口口相传	1
kou tu zhu ji	口吐珠玑	1
kou yong ruo chuan	口壅若川	1
kou duo shi gua	口多食寡	1
kou tou wen xue	口头文学	1
kou tou yu	口头语	1
kou shang ru xiu	口尚乳臭	1
kou gan she jiao	口干舌焦	1
kou gan she zao	口干舌燥	1
kou hui er shi bu zhi	口惠而实不至	1
kou wu ze yan	口无择言	1
kou fu xin fu	口服心服	1
kou tiao	口条	1
kou bei	口杯	1
kou zao chun gan	口燥唇干	1
kou bei zai dao	口碑载道	1
kou cheng	口称	1
kou er bing zhong	口耳并重	1
kou er xiang chuan	口耳相传	1
kou er xiang cheng	口耳相承	1
kou fu zhi lei	口腹之累	1
kou ruo xuan he	口若悬河	1
kou xue wei gan	口血未干	1
kou jue	口觉	1
kou jiao chun feng	口角春风	1
kou jue yan	口角炎	1
kou jiao sheng feng	口角生风	1
kou jiao feng qing	口角风情	1
kou yu ti	口语体	1
kou shuo wu ping	口说无凭	1
kou xie ci gei	口谐辞给	1
kou qing she bo	口轻舌薄	1
kou zhong	口重	1
kou feng	口风	1
gu wei jin yong	古为今用	1
gu jing bu bo	古井不波	1
gu ti	古体	1
gu ti shi	古体诗	1
gu cha	古刹	1
gu bei kou	古北口	1
gu di li xue	古地理学	1
gu ao	古奥	1
gu er bang jie	古尔邦节	1
gu yi you zhi	古已有之	1
gu jian	古建	1
gu wen xian	古文献	1
gu mu can tian	古木参天	1
gu piao	古朴	1
gu han yu	古汉语	1
gu yuan	古猿	1
gu xi jun yu	古细菌域	1
gu xi jun jie	古细菌界	1
gu teng	古藤	1
gu zhuang xi	古装戏	1
gu yu	古语	1
gu diao bu tan	古调不弹	1
gu diao dan tan	古调单弹	1
gu yuan	古远	1
gu dao re chang	古道热肠	1
ju zi cheng fen	句子成分	1
ju zhen zi zhuo	句斟字酌	1
ju zhi zi bi	句栉字比	1
ju bi zi zhi	句比字栉	1
ju fa	句法	1
ju dian	句点	1
ju dou	句读	1
ling you dong tian	另有洞天	1
ling yan xiang dai	另眼相待	1
ling yan xiang kan	另眼相看	1
ling yan kan dai	另眼看待	1
ling yan kan xi	另眼看戏	1
ling pi xi jing	另辟蹊径	1
tao guang	叨光	1
dao gu	叨咕	1
dao lao	叨唠	1
tao zai zhi ji	叨在知己	1
dao nian	叨念	1
tao rao	叨扰	1
tao long	叨拢	1
tao pei	叨陪	1
tao pei mo zuo	叨陪末座	1
kou tou	叩头	1
kou xin qi xue	叩心泣血	1
kou da	叩打	1
kou yuan tui wei	叩源推委	1
kou shi ken rang	叩石垦壤	1
kou jian	叩见	1
zhi zheng dan xi	只争旦夕	1
zhi zheng zhao xi	只争朝夕	1
zhi zi	只字	1
zhi zi bu ti	只字不提	1
zhi qian dong feng	只欠东风	1
zhi ci	只此	1
zhi xiao	只消	1
zhi yan pian yu	只言片语	1
zhi du cun chu qi	只读存储器	1
zhi shen yi ren	只身一人	1
zhi shen gu ying	只身孤影	1
zhi lun bu fan	只轮不反	1
zhi lun bu fan	只轮不返	1
zhi lun wu fan	只轮无反	1
zhi zhong yi shan bu zhong ren	只重衣衫不重人	1
zhi qi bu fan	只骑不反	1
zhi ji dou jiu	只鸡斗酒	1
zhi ji zun jiu	只鸡樽酒	1
zhi ji xu jiu	只鸡絮酒	1
jiao jia	叫价	1
jiao jin	叫劲	1
jiao hua	叫化	1
jiao hao	叫号	1
jiao zuo er	叫座儿	1
jiao ku bu die	叫苦不迭	1
zhao zhi ji lai	召之即来	1
zhao mu	召募	1
zhao huo	召祸	1
ding ding dang dang	叮叮当当	1
ke bu shi	可不是	1
ke cheng	可乘	1
ke cheng zhi ji	可乘之机	1
ke cheng zhi xi	可乘之隙	1
ke yi shuo	可以说	1
ke lan jing	可兰经	1
ke ka yin	可卡因	1
ke fa yi jue	可发一噱	1
ke ke dou	可可豆	1
ke tan	可叹	1
ke ting	可听	1
ke jia	可嘉	1
ke qiao	可巧	1
ke xin	可心	1
ke xin ru yi	可心如意	1
ke bu	可怖	1
ke lian ba ba	可怜巴巴	1
ke lian xiang	可怜相	1
ke lian chong	可怜虫	1
ke nao	可恼	1
ke yi	可意	1
ke zeng	可憎	1
ke cao zuo quan	可操左券	1
ke zeng	可曾	1
ke wang bu ke ji	可望不可即	1
ke wang er bu ke ji	可望而不可即	1
ke wang er bu ke ji	可望而不可及	1
ke qi	可欺	1
ke ge ke qi	可歌可泣	1
ke han	可汗	1
ke qi ke ge	可泣可歌	1
ke di song	可的松	1
ke zhe	可着	1
ke geng di	可耕地	1
ke jian guang	可见光	1
ke jian du	可见度	1
ke shi xing	可视性	1
ke zi	可资	1
ke bi	可鄙	1
ke jian	可鉴	1
tai zhong	台中	1
tai nan shi	台南市	1
tai li	台历	1
tai di	台地	1
tai ji	台基	1
tai an	台安	1
tai shu	台属	1
tai bu	台布	1
tai zuo	台座	1
tai shan	台扇	1
tai zhu zi	台柱子	1
tai xie	台榭	1
tai bu	台步	1
tai wan hua	台湾话	1
tai fu	台甫	1
tai pan	台盘	1
tai cheng	台秤	1
tai guan	台观	1
tai jian	台鉴	1
tai zhong	台钟	1
tai ge	台阁	1
tai ge sheng feng	台阁生风	1
tai jia	台驾	1
chi ling	叱令	1
chi zha	叱咤	1
chi zha feng yun	叱咤风云	1
chi he	叱喝	1
chi jie feng yun	叱嗟风云	1
shi bu jue shu	史不绝书	1
shi sheng	史乘	1
shi jia	史家	1
shi lve	史略	1
shi lun	史论	1
you chuan zhi ba zhang	右传之八章	1
you shi lang	右侍郎	1
you le	右肋	1
you xing	右行	1
ye gong hao long	叶公好龙	1
ye ye	叶叶	1
ye zi yan	叶子烟	1
ye xu	叶序	1
ye ban bing	叶斑病	1
ye zhi	叶枝	1
ye bing	叶柄	1
ye hou	叶猴	1
ye tian cai	叶甜菜	1
ye shou hua can	叶瘦花残	1
ye hong su	叶红素	1
ye lv su	叶绿素	1
ye rou	叶肉	1
ye mai	叶脉	1
ye ye	叶腋	1
ye ya	叶芽	1
ye luo gui gen	叶落归根	1
ye luo zhi qiu	叶落知秋	1
ye feng	叶蜂	1
ye lun	叶轮	1
ye mian	叶面	1
ye qiao	叶鞘	1
xie yun	叶韵	1
ye huang su	叶黄素	1
hao sang	号丧	1
hao ling ru shan	号令如山	1
hao bing	号兵	1
hao jiao	号叫	1
hao tao da ku	号咷大哭	1
hao ku	号哭	1
hao tao	号啕	1
hao tao da ku	号啕大哭	1
hao xing	号型	1
hao wai	号外	1
hao tian kou di	号天扣地	1
hao tou	号头	1
hao han ti ji	号寒啼饥	1
hao zhi deng	号志灯	1
hao fang	号房	1
hao shou	号手	1
hao shu	号数	1
hao deng	号灯	1
hao pao	号炮	1
hao ma ji	号码机	1
hao tong	号筒	1
hao mai	号脉	1
hao yi	号衣	1
si cheng ren yuan	司乘人员	1
si nong yang wu	司农仰屋	1
si wu zhang	司务长	1
si nan	司南	1
si hao yuan	司号员	1
si kong	司空	1
si ma zhao zhi xin	司马昭之心	1
si ma cheng hao	司马称好	1
tan fu	叹服	1
tan guan zhi yi	叹观止矣	1
ji ji ga ga	叽叽嘎嘎	1
ji li gu lu	叽哩咕噜	1
ji li gua la	叽里呱啦	1
ji li wa la	叽里哇啦	1
xu xu	吁吁	1
xu fu du yu	吁咈都俞	1
yu tian hu di	吁天呼地	1
yu qiu	吁求	1
yu qing	吁请	1
chi bu shang	吃不上	1
chi bu liao dou zhe zou	吃不了兜着走	1
chi bu zhu	吃不住	1
chi bu zhun	吃不准	1
chi bu kai	吃不开	1
chi bu fu	吃不服	1
chi bu lai	吃不来	1
chi bu tou	吃不透	1
chi ren bu tu gu tou	吃人不吐骨头	1
chi pian shi	吃偏食	1
chi pian fan	吃偏饭	1
chi er	吃儿	1
chi li bu tao hao	吃力不讨好	1
chi jin	吃劲	1
chi chi he he	吃吃喝喝	1
chi ya ba kui	吃哑巴亏	1
chi shang pin liang	吃商品粮	1
chi he feng	吃喝风	1
chi da hu	吃大户	1
chi da guo fan	吃大锅饭	1
chi ke	吃客	1
chi gan fan	吃干饭	1
chi kai kou fan	吃开口饭	1
chi de xia	吃得下	1
chi de zhu	吃得住	1
chi de kai	吃得开	1
chi de lai	吃得来	1
chi de xiao	吃得消	1
chi pai fan	吃派饭	1
chi du shi	吃独食	1
chi xian cheng	吃现成	1
chi bai shi	吃白食	1
chi xiang	吃相	1
chi yan qian kui	吃眼前亏	1
chi zhuo bu jin	吃着不尽	1
chi zhe wan li qiao zhe guo li	吃着碗里瞧着锅里	1
chi ying bu chi ruan	吃硬不吃软	1
chi kong e	吃空额	1
chi chuan yong du	吃穿用度	1
chi liang bu guan shi	吃粮不管事	1
chi zui bu qi	吃罪不起	1
chi ku shou lei	吃苦受累	1
chi hun	吃荤	1
chi bai zhang	吃败仗	1
chi ruan bu chi ying	吃软不吃硬	1
chi li pa wai	吃里扒外	1
chi zhong	吃重	1
chi ling zui	吃零嘴	1
chi shi	吃食	1
chi shi tang	吃食堂	1
ge bu xiang rang	各不相让	1
ge bu xiang mou	各不相谋	1
ge ge ji po	各个击破	1
ge wei qi zhu	各为其主	1
ge ren zi sao men qian xue	各人自扫门前雪	1
ge cong qi zhi	各从其志	1
ge bie	各别	1
ge ban	各半	1
ge qu suo chang	各取所长	1
ge qu suo xu	各取所需	1
ge si qi shi	各司其事	1
ge si qi zhi	各司其职	1
ge ben qian cheng	各奔前程	1
ge an sheng ye	各安生业	1
ge jia ge hu	各家各户	1
ge jiu ge wei	各就各位	1
ge jin qi zhi	各尽其职	1
ge jin suo neng	各尽所能	1
ge de qi yi	各得其宜	1
ge de qi suo	各得其所	1
ge zhi yi ci	各执一词	1
ge zhi ji jian	各执己见	1
ge shu ji jian	各抒己见	1
ge shu suo jian	各抒所见	1
ge chi ji jian	各持己见	1
ge you suo hao	各有所好	1
ge you suo duan	各有所短	1
ge you suo zhi	各有所职	1
ge you suo chang	各有所长	1
ge zi wei zhan	各自为战	1
ge zi wei zheng	各自为政	1
ge se ren deng	各色人等	1
ge se ge yang	各色各样	1
ge se ming yang	各色名样	1
ge xing qi shi	各行其事	1
ge xing qi zhi	各行其志	1
ge xing qi shi	各行其是	1
ge xing qi dao	各行其道	1
ge fu qi ze	各负其责	1
ge ling feng sao	各领风骚	1
yao wu he liu	吆五喝六	1
he bu lai	合不来	1
he liang wei yi	合两为一	1
he er er yi	合二而一	1
he yu	合于	1
he zong lian heng	合从连衡	1
he zuo hua	合作化	1
he gong	合共	1
he ji	合击	1
he kan	合刊	1
he li	合利	1
he ban	合办	1
he shi	合十	1
he kou	合口	1
he ye	合叶	1
he tong shu	合同书	1
he tong zhi	合同制	1
he tong gong	合同工	1
he wei	合围	1
he sheng	合声	1
he zou	合奏	1
he zi	合子	1
he yi	合宜	1
he jia	合家	1
he jia huan	合家欢	1
he bing zheng	合并症	1
he du	合度	1
he shi	合式	1
he dang	合当	1
he de lai	合得来	1
he xin	合心	1
he qing	合情	1
he cheng xiang jiao	合成橡胶	1
he cheng xian wei	合成纤维	1
he cheng ci	合成词	1
he cheng ge	合成革	1
he shou	合手	1
he bao	合抱	1
he long	合拢	1
he zhang	合掌	1
he shu	合数	1
he shi	合时	1
he liu	合流	1
he pu	合浦	1
he pu zhu huan	合浦珠还	1
he pu huan zhu	合浦还珠	1
he yan	合演	1
he bi	合璧	1
he pan tuo chu	合盘托出	1
he yan	合眼	1
he yan mo xiang	合眼摸象	1
he zhe	合着	1
he lian	合练	1
he bian	合编	1
he feng	合缝	1
he shu	合署	1
he qun	合群	1
he er wei yi	合而为一	1
he gu	合股	1
he dan tong xin	合胆同心	1
he jiao	合脚	1
he ying	合营	1
he zhu	合著	1
he zang	合葬	1
he zhong gong ji	合衷共济	1
he ding ben	合订本	1
he yi	合议	1
he yi zhi	合议制	1
he gai	合该	1
he zhe	合辙	1
he jin gang	合金钢	1
he zha	合闸	1
he ye	合页	1
he long	合龙	1
ji ren tian xiang	吉人天相	1
ji ren zi you tian xiang	吉人自有天相	1
ji guang pian yu	吉光片羽	1
ji guang pian qiu	吉光片裘	1
ji xiong wei bu	吉凶未卜	1
ji bu sai	吉卜赛	1
ji qi	吉期	1
diao sang	吊丧	1
diao er lang dang	吊儿郎当	1
diao juan	吊卷	1
diao er lang dang	吊尔郎当	1
diao shan	吊扇	1
diao da	吊打	1
diao gan	吊杆	1
diao ji	吊祭	1
diao dan ti xin	吊胆提心	1
diao pu	吊铺	1
tong yi lv	同一律	1
tong yi xing	同一性	1
tong ye xiang chou	同业相仇	1
tong yi	同义	1
tong yi zi	同义字	1
tong le hui	同乐会	1
tong xiang hui	同乡会	1
tong chou di kai	同仇敌忾	1
tong chou di kai	同仇敌慨	1
tong xiu gong qi	同休共戚	1
tong xiu deng qi	同休等戚	1
tong wei	同位	1
tong ti	同体	1
tong chai	同侪	1
tong liao	同僚	1
tong dang	同党	1
tong chu yi zhe	同出一辙	1
tong li xiang si	同利相死	1
tong qian	同前	1
tong li xie qi	同力协契	1
tong gong yi ti	同功一体	1
tong hua zuo yong	同化作用	1
tong hua zheng ce	同化政策	1
tong hu xi	同呼吸	1
tong ming	同命	1
tong chui bu xiu	同垂不朽	1
tong tang	同堂	1
tong tang xiong di	同堂兄弟	1
tong sheng	同声	1
tong sheng yi ci	同声一辞	1
tong sheng gong qi	同声共气	1
tong sheng tong qi	同声同气	1
tong sheng xiang ying	同声相应	1
tong sheng xiang qiu	同声相求	1
tong sheng fan yi	同声翻译	1
tong xing	同姓	1
tong zong	同宗	1
tong shi	同室	1
tong shi cao ge	同室操戈	1
tong chen he wu	同尘合污	1
tong sui	同岁	1
tong gong tong chou	同工同酬	1
tong gong yi qu	同工异曲	1
tong nian er xiao	同年而校	1
tong nian er yu	同年而语	1
tong qing	同庆	1
tong chuang gong zhen	同床共枕	1
tong chuang ge meng	同床各梦	1
tong chuang yi meng	同床异梦	1
tong geng	同庚	1
tong gui	同归	1
tong gui shu tu	同归殊涂	1
tong gui shu tu	同归殊途	1
tong xing	同形	1
tong de	同德	1
tong de yi xin	同德一心	1
tong de xie li	同德协力	1
tong de tong xin	同德同心	1
tong xin yi li	同心一力	1
tong xin yi de	同心一德	1
tong xin yi yi	同心一意	1
tong xin lu li	同心僇力	1
tong xin gong ji	同心共济	1
tong xin gong dan	同心共胆	1
tong xin xie li	同心协力	1
tong xin xie de	同心协德	1
tong xin xie ji	同心协济	1
tong xin ye li	同心叶力	1
tong xin he li	同心合力	1
tong xin he de	同心合德	1
tong xin he yi	同心合意	1
tong xin he dan	同心合胆	1
tong xin tong de	同心同德	1
tong xin yuan	同心圆	1
tong xin bing li	同心并力	1
tong xin lu li	同心戮力	1
tong xin di kai	同心敌忾	1
tong xin duan jin	同心断金	1
tong xin bi li	同心毕力	1
tong xin jie li	同心竭力	1
tong you xiang jiu	同忧相救	1
tong e gong ji	同恶共济	1
tong e xiang dang	同恶相党	1
tong wu xiang zhu	同恶相助	1
tong wu xiang xu	同恶相恤	1
tong e xiang qiu	同恶相求	1
tong e xiang ji	同恶相济	1
tong bi xiang ji	同敝相济	1
tong wen gong gui	同文共规	1
tong wen gong gui	同文共轨	1
tong zu	同族	1
tong ri er yan	同日而言	1
tong ri er lun	同日而论	1
tong ri er yu	同日而语	1
tong ri er dao	同日而道	1
tong ming xiang zhao	同明相照	1
tong tiao gong guan	同条共贯	1
tong an	同案	1
tong an fan	同案犯	1
tong huan	同欢	1
tong qi	同气	1
tong qi xiang qiu	同气相求	1
tong qi lian zhi	同气连枝	1
tong zhi	同治	1
tong liu he wu	同流合污	1
tong yu ji luo	同浴讥裸	1
tong wen ceng	同温层	1
tong yuan gong liu	同源共流	1
tong yuan yi pai	同源异派	1
tong yuan yi liu	同源异流	1
tong ran yi ci	同然一辞	1
tong fan	同犯	1
tong gan gong ku	同甘共苦	1
tong sheng gong si	同生共死	1
tong pan er shi	同盘而食	1
tong meng jun	同盟军	1
tong meng guo	同盟国	1
tong meng zhe	同盟者	1
tong ke	同科	1
tong fu he qi	同符合契	1
tong deng xue li	同等学力	1
tong deng xue li	同等学历	1
tong lei xiang cong	同类相从	1
tong lei xiang du	同类相妒	1
tong lei xiang qiu	同类相求	1
tong mei xiang du	同美相妒	1
tong bao gong qi	同胞共气	1
tong zhou gong ming	同舟共命	1
tong zhou gong ji	同舟共济	1
tong zhou di guo	同舟敌国	1
tong zhou yu feng	同舟遇风	1
tong chuan he ming	同船合命	1
tong pao	同袍	1
tong pao tong ze	同袍同泽	1
tong diao	同调	1
tong mou	同谋	1
tong zhi	同质	1
tong he	同贺	1
tong lu	同路	1
tong lu ren	同路人	1
tong bei	同辈	1
tong liang	同量	1
tong men yi hu	同门异户	1
tong dui	同队	1
tong yin	同音	1
tong yin gong lv	同音共律	1
tong yin ci	同音词	1
ming bu fu shi	名不副实	1
ming bu fu shi	名不符实	1
ming bu xu chuan	名不虚传	1
ming bu xu de	名不虚得	1
ming bu xu li	名不虚立	1
ming bu jian jing zhuan	名不见经传	1
ming ren xiao ying	名人效应	1
ming cong zhu ren	名从主人	1
ming you chan pin	名优产品	1
ming li chang	名利场	1
ming cha	名刹	1
ming chu	名厨	1
ming tong shi yi	名同实异	1
ming chui wan gu	名垂万古	1
ming shi feng liu	名士风流	1
ming sheng ji shen	名声籍甚	1
ming sheng guo shi	名声过实	1
ming yuan	名媛	1
ming cun shi wang	名存实亡	1
ming shi xiang fu	名实相副	1
ming shi xiang fu	名实相符	1
ming shi nan fu	名实难副	1
ming su	名宿	1
ming shan da chuan	名山大川	1
ming tie	名帖	1
ming de zhong wang	名德重望	1
ming wo gu dang	名我固当	1
ming jiao	名教	1
ming shu	名数	1
ming dan	名旦	1
ming zheng li shun	名正理顺	1
ming te you xin	名特优新	1
ming mu fan duo	名目繁多	1
ming fu qi shi	名符其实	1
ming bu	名簿	1
ming jie	名节	1
ming cha	名茶	1
ming luo sun shan	名落孙山	1
ming jue	名角	1
ming guo qi shi	名过其实	1
ming zhong yi shi	名重一时	1
ming gao nan fu	名高难副	1
hou bu ba dian	后不巴店	1
hou ren	后任	1
hou hui wu qi	后会无期	1
hou hui you qi	后会有期	1
hou chuan	后传	1
hou liang	后凉	1
hou fa zhi ren	后发制人	1
hou tai lao ban	后台老板	1
hou bei yi	后备役	1
hou fei	后妃	1
hou qi	后妻	1
hou wei er	后尾儿	1
hou hui bu ji	后悔不及	1
hou hui yao	后悔药	1
hou shou bu jie	后手不接	1
hou jing	后景	1
hou lai ju shang	后来居上	1
hou lai zhe ju shang	后来者居上	1
hou yan	后燕	1
hou zhua	后爪	1
hou fu	后父	1
hou sheng ke wei	后生可畏	1
hou fu wu liang	后福无量	1
hou ji you ren	后继有人	1
hou nao shao er	后脑勺儿	1
hou tun jian	后臀尖	1
hou cang	后舱	1
hou che zhi jie	后车之戒	1
tu si zi fu	吐丝自缚	1
tu gang ru rou	吐刚茹柔	1
tu kou	吐口	1
tu kou shui	吐口水	1
tu bu zhuo fa	吐哺捉发	1
tu bu wo fa	吐哺握发	1
tu bu chuo xi	吐哺辍洗	1
tu zi	吐字	1
tu shu	吐属	1
tu qi	吐弃	1
tu xin tu dan	吐心吐胆	1
tu gu na xin	吐故纳新	1
tu qi	吐气	1
tu qi yang mei	吐气扬眉	1
tu mo	吐沫	1
tu xie	吐泻	1
tu sui	吐穗	1
tu xu	吐絮	1
tu shou ji	吐绶鸡	1
tu gan lu dan	吐肝露胆	1
tu dan qing xin	吐胆倾心	1
tu yan	吐艳	1
tu bo	吐蕃	1
tu yu hun	吐谷浑	1
tu lu zhen qing	吐露真情	1
tu shi wo fa	吐食握发	1
xiang shang yi zong	向上一纵	1
xiang shang yi lu	向上一路	1
xiang shang pa	向上爬	1
xiang sheng bei shi	向声背实	1
xiang bei	向背	1
xiang ruo er tan	向若而叹	1
xiang qian kan	向钱看	1
xiang feng mu yi	向风慕义	1
xia yi da tiao	吓一大跳	1
lv duan da shi bu hu tu	吕端大事不糊涂	1
a ding	吖啶	1
ma fei	吗啡	1
ma wan yi er	吗玩意儿	1
jun zi hao qiu	君子好逑	1
tun yun tu wu	吞云吐雾	1
tun dao tu huo	吞刀吐火	1
tun bo	吞剥	1
tun fu	吞服	1
tun fu xi jing	吞符翕景	1
tun yan yan li	吞言咽理	1
tun feng yin yu	吞风饮雨	1
yin e	吟哦	1
yin feng yong yue	吟风咏月	1
yin feng nong yue	吟风弄月	1
fei fei qi zhu	吠非其主	1
bi ge	吡咯	1
bi ding	吡啶	1
fou jue quan	否决权	1
pi qu tai lai	否去泰来	1
pi wang tai lai	否往泰来	1
pi ji tai hui	否极泰回	1
pi ji tai lai	否极泰来	1
pi ji yang hui	否极阳回	1
pi zhong ze tai	否终则泰	1
pi zhong fu tai	否终复泰	1
ba da	吧嗒	1
ba nv	吧女	1
ba de yi sheng	吧的一声	1
han yuan mo bai	含冤莫白	1
han han hu hu	含含糊糊	1
han shang ju zheng	含商咀征	1
han shang ju zheng	含商咀徵	1
han gou cang xia	含垢藏瑕	1
han gou cang ji	含垢藏疾	1
han gong ju zheng	含宫咀征	1
han gong ju zheng	含宫咀徵	1
han qing mo mo	含情脉脉	1
han ming yin ji	含明隐迹	1
han sha	含沙	1
han sha she ying	含沙射影	1
han hun	含混	1
han hun bu qing	含混不清	1
han ya dai jiao	含牙带角	1
han ya dai jiao	含牙戴角	1
han zhe gu tou lu zhe rou	含着骨头露着肉	1
han xiao ru di	含笑入地	1
han hu bu ming	含糊不明	1
han hu bu qing	含糊不清	1
han hu qi ci	含糊其词	1
han hu qi ci	含糊其辞	1
han er bu lu	含而不露	1
han bao dai fang	含苞待放	1
han ying ju hua	含英咀华	1
han jing ju hua	含菁咀华	1
han liao wen ji	含蓼问疾	1
han xue	含血	1
han xue pen ren	含血喷人	1
han xue xun ren	含血噀人	1
han xue xun ren	含血潠人	1
han yi nong sun	含饴弄孙	1
han chi dai fa	含齿戴发	1
ting bu qing	听不清	1
ting zhi ren zhi	听之任之	1
ting ren	听任	1
ting hui	听会	1
ting bian	听便	1
ting qi zi liu	听其自流	1
ting qi zi ran	听其自然	1
ting qi yan er guan qi xing	听其言而观其行	1
ting chai	听差	1
ting de dao	听得到	1
ting de dong	听得懂	1
ting de jian	听得见	1
ting xi	听戏	1
ting er bu wen	听而不闻	1
ting jian feng jiu shi yu	听见风就是雨	1
ting feng ting shui	听风听水	1
keng chi	吭哧	1
keng qi	吭气	1
qi gui zhen long	启瞶振聋	1
qi xing	启行	1
zhi zhi zha zha	吱吱喳喳	1
zhi zhi ga ga	吱吱嘎嘎	1
zhi li wa la	吱哩哇啦	1
zi niu	吱扭	1
yin duo	吲哚	1
wu xia a meng	吴下阿蒙	1
wu zhong	吴中	1
wu bu	吴堡	1
wu tou chu wei	吴头楚尾	1
wu dai dang feng	吴带当风	1
wu yu	吴语	1
wu yue tong zhou	吴越同舟	1
chao ren	吵人	1
chao chao nao nao	吵吵闹闹	1
chao zui	吵嘴	1
chao rang	吵嚷	1
chao rao	吵扰	1
chao fan	吵翻	1
chao ma	吵骂	1
xi xin tu gu	吸新吐故	1
xi shui xing	吸水性	1
xi zhuo	吸着	1
xi tie shi	吸铁石	1
xi feng yin lu	吸风饮露	1
chui leng feng	吹冷风	1
chui tai	吹台	1
chui ye jiao rui	吹叶嚼蕊	1
chui chui da da	吹吹打打	1
chui tan	吹弹	1
chui tan de po	吹弹得破	1
chui tan ge wu	吹弹歌舞	1
chui da	吹打	1
chui la tan chang	吹拉弹唱	1
chui san	吹散	1
chui mao shu jie	吹毛数睫	1
chui mao xi gou	吹毛洗垢	1
chui sha	吹沙	1
chui zhu tan si	吹竹弹丝	1
chui xiao qi shi	吹箫乞食	1
chui chi qi shi	吹篪乞食	1
chui kang jian mi	吹糠见米	1
chui hua jiao rui	吹花嚼蕊	1
chui jiao lian ying	吹角连营	1
chui feng hui	吹风会	1
wen bie	吻别	1
wu ren	吾人	1
wu chai	吾侪	1
wu zi	吾子	1
wu jia qian li ju	吾家千里驹	1
wu xi ru tie	吾膝如铁	1
wu zi you chu	吾自有处	1
wu shui yu gui	吾谁与归	1
wu bei	吾辈	1
dai si mu ji	呆似木鸡	1
dai tou	呆头	1
dai tou dai nao	呆头呆脑	1
dai ruo mu ji	呆若木鸡	1
dai li sa jian	呆里撒奸	1
cheng shang	呈上	1
cheng zheng	呈正	1
cheng lu	呈露	1
gao bian	告便	1
gao dao	告倒	1
gao jia	告假	1
gao fa	告发	1
gao wang zhi lai	告往知来	1
gu shuo xi yang	告朔饩羊	1
gao po	告破	1
gao que	告缺	1
gao lao zai jia	告老在家	1
gao lao huan xiang	告老还乡	1
gao lao huan jia	告老还家	1
gao yu	告语	1
na han zhu wei	呐喊助威	1
wu bu	呒不	1
wu sha	呒啥	1
wu mei	呒没	1
wu tao cheng	呒淘成	1
wu xia mi shu ru fa	呒虾米输入法	1
yi yu	呓语	1
ou ya	呕哑	1
ou xin	呕心	1
ou xin chou chang	呕心抽肠	1
ou xin li xue	呕心沥血	1
ou xin di xue	呕心滴血	1
ou xin lou gu	呕心镂骨	1
ou qi	呕气	1
ou xue	呕血	1
bai chang	呗唱	1
yuan si	员司	1
yuan jing	员警	1
yuan e	员额	1
qiang ren	呛人	1
qiang dao	呛到	1
qiang yan	呛眼	1
qiang bi	呛鼻	1
wu jiao	呜叫	1
wu wu ye ye	呜呜咽咽	1
wu ye	呜咽	1
wu lu wu lu	呜噜呜噜	1
ni nan xi yu	呢喃细语	1
ni zi	呢子	1
ne liao	呢料	1
ni rong	呢绒	1
zhou hui	周会	1
zhou gong tu bu	周公吐哺	1
zhou qing kong si	周情孔思	1
zhou zhi	周知	1
zhou qiong xu kui	周穷恤匮	1
zhou er bu bi	周而不比	1
zhou gui zhe ju	周规折矩	1
zhou xiang	周详	1
zhou zhuan fang	周转房	1
zhou lang gu qu	周郎顾曲	1
gu gu	呱呱	1
gua gua jiao	呱呱叫	1
gu gu zhui di	呱呱坠地	1
gu gu duo di	呱呱堕地	1
gu gu luo di	呱呱落地	1
gua ji	呱唧	1
gua da	呱嗒	1
gua da ban er	呱嗒板儿	1
zi ya	呲牙	1
wei tong jiao la	味同嚼蜡	1
wei ru jiao la	味如嚼蜡	1
wei ru ji lei	味如鸡肋	1
xu shi ru mo	呴湿濡沫	1
he fo ma zu	呵佛骂祖	1
he chi	呵叱	1
ke le	呵叻	1
he he	呵喝	1
he bi wen tian	呵壁问天	1
he qian	呵欠	1
he qian lian tian	呵欠连天	1
he yang	呵痒	1
he ze	呵责	1
xia cu jie shuai	呷醋节帅	1
hu bu ji xi	呼不给吸	1
hu lu he zhi	呼卢喝雉	1
hu hao	呼号	1
hu yu shu	呼吁书	1
hu xi zhi jian	呼吸之间	1
hu xi xiang tong	呼吸相通	1
hu xi xi tong	呼吸系统	1
hu la	呼啦	1
hu la la	呼啦啦	1
hu he	呼喝	1
hu tian kou di	呼天叩地	1
hu tian jiao di	呼天叫地	1
hu tian hao di	呼天号地	1
hu tian yu di	呼天吁地	1
hu tian huan di	呼天唤地	1
hu tian qiang di	呼天抢地	1
hu tian yao di	呼天钥地	1
hu yao he liu	呼幺喝六	1
hu shan	呼扇	1
hu lai he qu	呼来喝去	1
hu qun jie dang	呼群结党	1
hu yu	呼语	1
ming ling zhu yi	命令主义	1
ming ling ju	命令句	1
ming da	命大	1
ming shu	命数	1
ming xiang	命相	1
ming ruo xuan si	命若悬丝	1
ming bo	命薄	1
ming bao yuan qian	命薄缘悭	1
ju jue ying hua	咀嚼英华	1
za zui nong chun	咂嘴弄唇	1
za zui nong she	咂嘴弄舌	1
za she	咂舌	1
duo duo shu kong	咄咄书空	1
duo jie zhi jian	咄嗟之间	1
duo jie bian ban	咄嗟便办	1
zha hu	咋呼	1
ze she	咋舌	1
he le	和乐	1
hu le	和了	1
he shi lao	和事佬	1
he shi lao	和事老	1
he qin	和亲	1
he hui	和会	1
he guang tong chen	和光同尘	1
he xie	和协	1
he he	和合	1
he ru qin se	和如琴瑟	1
he wan	和婉	1
he rong yue se	和容悦色	1
he shang tou	和尚头	1
he ju	和局	1
he ping gong chu	和平共处	1
he ping gong chu wu xiang yuan ze	和平共处五项原则	1
he ping ge	和平鸽	1
huo nong	和弄	1
he yue	和悦	1
he shu	和数	1
he wen	和文	1
he yi	和易	1
he nuan	和暖	1
he qi	和棋	1
he shi bi	和氏璧	1
he qi sheng cai	和气生财	1
he qi zhi xiang	和气致祥	1
huo ni	和泥	1
he qia	和洽	1
he xu	和煦	1
he bi sui zhu	和璧隋珠	1
he chang	和畅	1
he pan tuo chu	和盘托出	1
he mu xiang chu	和睦相处	1
he shuo	和硕	1
huo xi ni	和稀泥	1
he yue	和约	1
he huan	和缓	1
he mei	和美	1
he er bu tong	和而不同	1
he er bu chang	和而不唱	1
huo yao	和药	1
he ai ke qin	和蔼可亲	1
he ai jin ren	和蔼近人	1
he yi	和衣	1
he yi er wo	和衣而卧	1
he zhong	和衷	1
he zhong gong ji	和衷共济	1
he yi	和议	1
he tan	和谈	1
he jing	和静	1
huo mian	和面	1
he shun	和顺	1
he yan yue se	和颜悦色	1
he yan yue se	和颜说色	1
he feng	和风	1
he feng li ri	和风丽日	1
he feng xi yu	和风细雨	1
he ming	和鸣	1
jiu you ying de	咎有应得	1
yong tan diao	咏叹调	1
yong chao feng yue	咏嘲风月	1
yong yue chao hua	咏月嘲花	1
yong yue chao feng	咏月嘲风	1
zhou tian ma di	咒天骂地	1
ka da	咔嗒	1
guang dang	咣当	1
lie lie	咧咧	1
lie zhe zui xiao	咧着嘴笑	1
zhi chi wan li	咫尺万里	1
zhi chi zhi shu	咫尺之书	1
zhi chi zhi gong	咫尺之功	1
zhi chi qian li	咫尺千里	1
zhi chi tian ya	咫尺天涯	1
zhi chi tian yan	咫尺天颜	1
zhi chi wei yan	咫尺威颜	1
zhi jiao can ju	咫角骖驹	1
yao ren gou er bu lou chi	咬人狗儿不露齿	1
yao he	咬合	1
yao de cai gen	咬得菜根	1
yao wen jiao zi	咬文嚼字	1
yao xue wei meng	咬血为盟	1
yao ding jiao tie	咬钉嚼铁	1
ge zhi	咯吱	1
ge deng	咯噔	1
ka xie	咯血	1
za jia	咱家	1
hai hai	咳咳	1
ke tuo cheng zhu	咳唾成珠	1
ke chuan	咳喘	1
hai sheng tan qi	咳声叹气	1
ke zhu tuo yu	咳珠唾玉	1
ke xie	咳血	1
xian yu wei xin	咸与惟新	1
xian yu wei xin	咸与维新	1
xian feng dan yu	咸风蛋雨	1
yan xia qu	咽下去	1
yan kou shui	咽口水	1
yan hou yan	咽喉炎	1
yan tou	咽头	1
yan xia yan	咽峡炎	1
yan qi	咽气	1
yan yan	咽炎	1
yan ku tu gan	咽苦吐甘	1
yan ku tun gan	咽苦吞甘	1
ai le	哀乐	1
ai hao	哀号	1
ai gao bin fu	哀告宾服	1
ai ai fu mu	哀哀父母	1
ai tian jiao di	哀天叫地	1
ai jia	哀家	1
ai si	哀思	1
ai si ru chao	哀思如潮	1
ai gan zhong nian	哀感中年	1
ai gan tian di	哀感天地	1
ai li zheng shi	哀梨蒸食	1
ai hui gu li	哀毁骨立	1
ai di mei dun shu	哀的美敦书	1
ai jin	哀矜	1
ai er bu shang	哀而不伤	1
ai mo da yu xin si	哀莫大于心死	1
ai hong bian di	哀鸿遍地	1
pin tou lun zu	品头论足	1
pin tou ping zu	品头评足	1
pin tou ti zu	品头题足	1
pin zhu tan si	品竹弹丝	1
pin zhu tiao si	品竹调丝	1
pin zhu diao xian	品竹调弦	1
pin xi	品系	1
pin hong	品红	1
pin lv	品绿	1
pin jie	品节	1
pin shang	品赏	1
hong ren	哄人	1
hong chuan	哄传	1
hong quan	哄劝	1
hong dong	哄动	1
hong dong yi shi	哄动一时	1
hong chang	哄场	1
hong tang	哄堂	1
hong tang da xiao	哄堂大笑	1
hong hai zi	哄孩子	1
hong xiao hai	哄小孩	1
hong nong	哄弄	1
hong qiang	哄抢	1
hong tai	哄抬	1
hong ran	哄然	1
hong xiao	哄笑	1
hong you	哄诱	1
hong dou	哄逗	1
hong nao	哄闹	1
hong pian	哄骗	1
duo duo suo suo	哆哆嗦嗦	1
wa la	哇啦	1
ha shi ma	哈什蚂	1
ha ha jing	哈哈镜	1
ha la	哈喇	1
ha la zi	哈喇子	1
ha ni zu	哈尼族	1
ha ba gou	哈巴狗	1
ha qi	哈气	1
ha yao	哈腰	1
ha sa ke si tan	哈萨克斯坦	1
ha sa ke zu	哈萨克族	1
ha lei hui xing	哈雷彗星	1
xiang he jing cong	响和景从	1
xiang tou	响头	1
xiang wei she	响尾蛇	1
xiang du	响度	1
xiang da ying sui	响答影随	1
xiang e xing yun	响遏行云	1
xiang luo	响锣	1
ya ju	哑剧	1
ya kou	哑口	1
ya kou wu sheng	哑口无声	1
ya kou wu yan	哑口无言	1
ya ya	哑哑	1
ya sang	哑嗓	1
ya chang	哑场	1
ya zi	哑子	1
ya zi zuo meng	哑子做梦	1
ya zi chi huang lian	哑子吃黄连	1
ya zi xun meng	哑子寻梦	1
ya zi tuo meng	哑子托梦	1
ya ba kui	哑巴亏	1
ya ba chi huang lian	哑巴吃黄连	1
ya huo	哑火	1
ya pao	哑炮	1
ya ran	哑然	1
ya ran shi xiao	哑然失笑	1
ya yu	哑语	1
ya mi	哑谜	1
xiao xiao bu xiu	哓哓不休	1
hua shi dong su	哗世动俗	1
hua shi qu ming	哗世取名	1
hua shi qu chong	哗世取宠	1
hua zhong	哗众	1
hua bian	哗变	1
hua la	哗啦	1
hua xiao	哗笑	1
ji ji cao cao	哜哜嘈嘈	1
yo he	哟嗬	1
ge er men	哥儿们	1
ge er lia	哥儿俩	1
ge lao hui	哥老会	1
chi chi de xiao	哧哧地笑	1
chi liu	哧溜	1
chi de yi sheng	哧的一声	1
shao qia	哨卡	1
li li la la	哩哩啦啦	1
li li luo luo	哩哩罗罗	1
nei hui er	哪会儿	1
na li dou	哪里都	1
na men zi	哪门子	1
ku sang	哭丧	1
ku sang bang	哭丧棒	1
ku sang zhe lian	哭丧着脸	1
ku jiao	哭叫	1
ku tian han di	哭天喊地	1
ku tian qiang di	哭天抢地	1
ku tian mo lei	哭天抹泪	1
zhe ren qi wei	哲人其萎	1
zhe si	哲思	1
bu ru jia	哺乳假	1
bu zao chuo li	哺糟啜醨	1
heng ha er jiang	哼哈二将	1
geng se	哽塞	1
chun bu li sai	唇不离腮	1
chun wang chi han	唇亡齿寒	1
chun gan kou zao	唇干口燥	1
chun jie chi han	唇揭齿寒	1
chun hong chi bai	唇红齿白	1
chun xian	唇线	1
chun fu chi luo	唇腐齿落	1
chun lie	唇裂	1
chun fu xiang lian	唇辅相连	1
chun chi xiang yi	唇齿相依	1
chun chi xiang xu	唇齿相须	1
ai sheng tan qi	唉声叹气	1
tang lin jin tie	唐临晋帖	1
tang gu la shan	唐古拉山	1
tang song ba da jia	唐宋八大家	1
wu shi	唔使	1
wu duo	唔哚	1
wu li	唔哩	1
wu du	唔笃	1
ma tou	唛头	1
lao lao	唠唠	1
lao lao dao dao	唠唠叨叨	1
lao ke	唠嗑	1
lao che	唠扯	1
suo na	唢呐	1
huan tou	唤头	1
ji ji zha zha	唧唧喳喳	1
shou hui	售汇	1
wei qi ru ci	唯其如此	1
wei wu du zun	唯吾独尊	1
wei ming shi cong	唯命是从	1
wei wei fou fou	唯唯否否	1
wei miao wei xiao	唯妙唯肖	1
wei kong tian xia bu luan	唯恐天下不乱	1
wei suo yu wei	唯所欲为	1
wei wu shi guan	唯物史观	1
wei wu lun	唯物论	1
wei li lun	唯理论	1
wei lin shi bu	唯邻是卜	1
chang zhu jue	唱主角	1
chang fan diao	唱反调	1
chang he	唱和	1
chang tou	唱头	1
chang dui tai xi	唱对台戏	1
chang sha zuo mi	唱沙作米	1
chang pian er	唱片儿	1
chang du jiao xi	唱独角戏	1
chang chou liang sha	唱筹量沙	1
chang gao diao	唱高调	1
an ma ne ba mi hong	唵嘛呢叭咪吽	1
tuo di cheng wen	唾地成文	1
tuo shou ke qu	唾手可取	1
tuo shou ke de	唾手可得	1
tuo mian zi gan	唾面自干	1
zhou jiu	啁啾	1
ken shu ben	啃书本	1
shang ye jie	商业界	1
shang dui	商兑	1
shang wu ban shi chu	商务办事处	1
shang fa	商法	1
shang hai	商海	1
shang gang	商港	1
shang she	商社	1
shang yue	商约	1
shang qing	商请	1
shang diao	商调	1
shang gu	商贾	1
dan yi zhong li	啖以重利	1
cui cui cha cha	啛啛喳喳	1
chuo qi	啜泣	1
chuo ying ju hua	啜英咀华	1
chuo shu yin shui	啜菽饮水	1
chuo shi tu bu	啜食吐哺	1
ze ze cheng xian	啧啧称羡	1
ze ze cheng zan	啧啧称赞	1
ze you fan yan	啧有烦言	1
pa da	啪嗒	1
nie he	啮合	1
nie bi zhi hao	啮臂之好	1
nie xue wei meng	啮血为盟	1
nie xue qin gu	啮血沁骨	1
xiao ao feng yue	啸傲风月	1
xiao zha feng yun	啸吒风云	1
xiao zha feng yun	啸咤风云	1
ti tian ku di	啼天哭地	1
ti xue	啼血	1
ti ji hao han	啼饥号寒	1
ka ba	喀吧	1
nan nan xi yu	喃喃细语	1
shan yu ren jiao	善与人交	1
shan wei shi zhe bu wu	善为士者不武	1
shan wei shuo ci	善为说辞	1
shan yu ying dui	善于应对	1
shan dao er cang	善刀而藏	1
shan shan cong chang	善善从长	1
shan shan wu e	善善恶恶	1
shan chu	善处	1
shan shi ling zhong	善始令终	1
shan wen neng wu	善文能武	1
shan you shan bao	善有善报	1
shan you zhe ni	善游者溺	1
shan nan xin nv	善男信女	1
shan ba gan xiu	善罢干休	1
shan ba gan xiu	善罢甘休	1
shan zi wei mou	善自为谋	1
shan xing	善行	1
shan cai nan she	善财难舍	1
shan gu er gu	善贾而沽	1
shan men nan kai	善门难开	1
shan qi zhe duo	善骑者堕	1
la ba kou	喇叭口	1
la ma jiao	喇嘛教	1
hou tou	喉头	1
hou guan	喉管	1
hou jie	喉结	1
hou jie	喉节	1
hou chang qi duan	喉长气短	1
han dao hao er	喊倒好儿	1
han kou hao	喊口号	1
han ya sang zi	喊哑嗓子	1
han sha	喊杀	1
han xing	喊醒	1
die die	喋喋	1
die xue	喋血	1
nuo nuo lian sheng	喏喏连声	1
o yo	喔唷	1
chuan xu xu	喘吁吁	1
chuan xu xu	喘嘘嘘	1
chuan xi zhi jian	喘息之间	1
hui chang san chi	喙长三尺	1
xi shang mei shao	喜上眉梢	1
xi bu zi sheng	喜不自胜	1
xi sang	喜丧	1
xi cong tian jiang	喜从天降	1
xi xin	喜信	1
xi xing	喜兴	1
xi chong chong	喜冲冲	1
xi tie	喜帖	1
xi yi mei shao	喜溢眉梢	1
xi ying men	喜盈门	1
xi jie liang yuan	喜结良缘	1
xi lian	喜联	1
xi xing yu se	喜行于色	1
xi jian yu se	喜见于色	1
xi yu	喜雨	1
he ling	喝令	1
he dao cai	喝倒彩	1
he mo shui	喝墨水	1
he chi	喝斥	1
he zhi	喝止	1
he xi bei feng	喝西北风	1
he zui jiu	喝醉酒	1
he cai	喝采	1
he wen	喝问	1
kui tan	喟叹	1
kui ran	喟然	1
kui ran chang tan	喟然长叹	1
xuan rang	喧嚷	1
pen yun tu wu	喷云吐雾	1
pen yun xie wu	喷云泄雾	1
pen fa	喷发	1
pen kou	喷口	1
pen tu	喷吐	1
pen hu	喷壶	1
pen she qi	喷射器	1
pen sa	喷撒	1
pen qiang	喷枪	1
pen qi	喷气	1
pen qi fa dong ji	喷气发动机	1
pen qi shi fei ji	喷气式飞机	1
pen shui chi	喷水池	1
pen xie	喷泻	1
pen jiang	喷浆	1
pen yong	喷涌	1
pen jian	喷溅	1
pen guan	喷灌	1
pen huo qi	喷火器	1
pen deng	喷灯	1
pen guan	喷管	1
pen fen	喷粪	1
pen bo	喷薄	1
pen bo yu chu	喷薄欲出	1
pen xue zi wu	喷血自污	1
pen yu xu yun	喷雨嘘云	1
pen wu qi	喷雾器	1
pen fan	喷饭	1
pen xiang	喷香	1
pen bi xi	喷鼻息	1
kui lin	喹啉	1
yu yi	喻义	1
yu shi	喻示	1
lou luo	喽啰	1
lou luo	喽罗	1
xiu jue sang shi	嗅觉丧失	1
xiu jue jian tui	嗅觉减退	1
xiu jue chi dun	嗅觉迟钝	1
su nang	嗉囊	1
ke ya liao zui	嗑牙料嘴	1
ta sang	嗒丧	1
da da	嗒嗒	1
ta ran	嗒然	1
ta ran ruo sang	嗒然若丧	1
sang men er	嗓门儿	1
chen quan bu da xiao mian	嗔拳不打笑面	1
chen mu qie chi	嗔目切齿	1
chen zhe	嗔着	1
shi jiu	嗜酒	1
ge er	嗝儿	1
jie lai zhi shi	嗟来之食	1
si zi	嗣子	1
hai ya	嗨呀	1
hai yo	嗨哟	1
ai sheng tan qi	嗳声叹气	1
ai qi	嗳气	1
ai suan	嗳酸	1
ao ao dai bu	嗷嗷待哺	1
sou shi	嗾使	1
di da	嘀嗒	1
qi li ka cha	嘁哩喀喳	1
qi qi zha zha	嘁嘁喳喳	1
cao cao qie qie	嘈嘈切切	1
jia mian	嘉勉	1
jia ying	嘉应	1
jia yan shan xing	嘉言善行	1
jia yan yi xing	嘉言懿行	1
jia xu	嘉许	1
piao ling	嘌呤	1
ga zhi	嘎吱	1
ga la	嘎啦	1
ga beng cui	嘎嘣脆	1
ga deng	嘎噔	1
ga zi	嘎子	1
ga ba	嘎巴	1
ga zha er	嘎渣儿	1
ga ran	嘎然	1
xu xi	嘘唏	1
xu han wen nuan	嘘寒问暖	1
xu ku chui sheng	嘘枯吹生	1
du lu	嘟噜	1
ying ying	嘤嘤	1
zhao zha	嘲哳	1
chao xue	嘲谑	1
chao feng yong yue	嘲风咏月	1
chao feng nong yue	嘲风弄月	1
chao ma	嘲骂	1
zui er	嘴儿	1
zui tou	嘴头	1
zui jian she tou kuai	嘴尖舌头快	1
zui kuai she chang	嘴快舌长	1
zui sui	嘴碎	1
zui ben	嘴笨	1
zui jin	嘴紧	1
liao wang	嘹望	1
xi xiao	嘻笑	1
xi nao	嘻闹	1
xun yu pen zhu	噀玉喷珠	1
pu chi yi sheng	噗哧一声	1
qin lei	噙泪	1
qin chi dai fa	噙齿戴发	1
lu su	噜苏	1
jin kou juan she	噤口卷舌	1
jin kou juan she	噤口捲舌	1
jin ruo han chan	噤若寒蝉	1
qi er bu kui	器二不匮	1
qi yu bu fan	器宇不凡	1
qi du	器度	1
qi man jiang fu	器满将覆	1
qi man yi de	器满意得	1
qi yong	器用	1
qi shi	器识	1
qi liang	器量	1
shi qi he ji	噬脐何及	1
shi qi mo ji	噬脐莫及	1
shi jun ti	噬菌体	1
ga xia	噶厦	1
ru dong	嚅动	1
hao tao da ku	嚎啕大哭	1
hao tian dong di	嚎天动地	1
hao tian han di	嚎天喊地	1
ti pen	嚏喷	1
rang jiao	嚷叫	1
jue mo pen zhi	嚼墨喷纸	1
jiao zi	嚼子	1
jiao chuan yin xue	嚼穿龈血	1
jiao e chui chuang	嚼腭搥床	1
jiao she	嚼舌	1
jiao she tou	嚼舌头	1
jiao she gen	嚼舌根	1
jiao tie ju jin	嚼铁咀金	1
jiao chi chuan yin	嚼齿穿龈	1
nang zhong wu	囊中物	1
nang xia ru xi	囊匣如洗	1
nang lou chu zhong	囊漏储中	1
nang lou zhu zhong	囊漏贮中	1
nang ying ying xue	囊萤映雪	1
nang ying zhao shu	囊萤照书	1
nang ying zhao du	囊萤照读	1
nang chong	囊虫	1
nang li sheng zhui	囊里盛锥	1
nang zhui lu ying	囊锥露颖	1
qiu tu	囚徒	1
qiu fu	囚服	1
qiu long	囚笼	1
qiu che	囚车	1
qiu shou sang mian	囚首丧面	1
si bu xiang	四不像	1
si bu niu liu	四不拗六	1
si ting ba dang	四亭八当	1
si hui	四会	1
si ti	四体	1
si ti bu qin	四体不勤	1
si ti bai hai	四体百骸	1
si ting ba dang	四停八当	1
si liu	四六	1
si liu wen	四六文	1
si chong ba da	四冲八达	1
si chong liu da	四冲六达	1
si fen wu pou	四分五剖	1
si fen wu luo	四分五落	1
si fen wu lie	四分五裂	1
si ze yun suan	四则运算	1
si hua	四化	1
si he fang	四合房	1
si he yuan er	四合院儿	1
si da jia zu	四大家族	1
si da jie kong	四大皆空	1
si zhan zhi di	四战之地	1
si pang	四旁	1
si shi ba jie	四时八节	1
si hai yi jia	四海一家	1
si hai wei jia	四海为家	1
si hai zhi nei jie xiong di	四海之内皆兄弟	1
si hai cheng feng	四海承风	1
si hai jie xiong di	四海皆兄弟	1
si qing liu huo	四清六活	1
si jian	四溅	1
si fen wu luo	四纷五落	1
si zhi bai ti	四肢百体	1
si jiao chao tian	四脚朝天	1
si jiao she	四脚蛇	1
si she wu ru	四舍五入	1
si jiao ju quan	四角俱全	1
si chong chang	四重唱	1
si ma cuan ti	四马攒蹄	1
hui yong	回佣	1
hui dan	回单	1
hui tian	回填	1
hui tian fa shu	回天乏术	1
hui tian dao ri	回天倒日	1
hui tian zhuan di	回天转地	1
hui tian yun dou	回天运斗	1
hui tou shi an	回头是岸	1
hui tou lv	回头率	1
hui tou jian	回头见	1
hui tou lu	回头路	1
hui jia xin qie	回家心切	1
hui shan dao hai	回山倒海	1
hui shan zhuan hai	回山转海	1
hui gan jiu shi	回干就湿	1
hui tan	回弹	1
hui xin zhuan yi	回心转意	1
hui che	回撤	1
hui jiao tu	回教徒	1
hui wen zhi jin	回文织锦	1
hui xuan qu	回旋曲	1
hui chun zhi shu	回春之术	1
hui tiao	回条	1
hui zhang	回涨	1
hui kong	回空	1
hui cuan	回窜	1
hui chou zhuan ce	回筹转策	1
hui he	回纥	1
hui chang jiu zhuan	回肠九转	1
hui chang bai zhuan	回肠百转	1
hui chuan zhuan duo	回船转舵	1
hui qian	回迁	1
hui huan	回还	1
hui xie ru zheng	回邪入正	1
hui cai	回采	1
hui feng	回风	1
hui huang zhuan lv	回黄转绿	1
yin ren shou guan	因任授官	1
yin gong jia si	因公假私	1
yin gong xing si	因公行私	1
yin li cheng bian	因利乘便	1
yin ye fei shi	因噎废食	1
yin xiao shi da	因小失大	1
yin ying	因应	1
yin xun gou qie	因循苟且	1
yin di wei zi	因敌为资	1
yin shu	因数	1
yin cai shi jiao	因材施教	1
yin guo bao ying	因果报应	1
yin shu wei wu	因树为屋	1
yin huo wei fu	因祸为福	1
yin huo de fu	因祸得福	1
yin yuan wei shi	因缘为市	1
yin nan jian qiao	因难见巧	1
yin feng chui huo	因风吹火	1
tuan ding	团丁	1
tuan dai hui	团代会	1
tuan ti cao	团体操	1
tuan ti sai	团体赛	1
tuan yuan jie	团圆节	1
tuan yuan fan	团圆饭	1
tuan tou ju mian	团头聚面	1
tuan nong	团弄	1
tuan shan	团扇	1
tuan ri	团日	1
tuan ge	团歌	1
tuan zhang	团章	1
tuan ji	团籍	1
tuan fei	团费	1
tun ji ju qi	囤积居奇	1
tun ju	囤聚	1
hu lun ban pian	囫囵半片	1
yuan yi shi	园艺师	1
kun shou you dou	困兽犹斗	1
kun chu	困处	1
kun xin heng lv	困心横虑	1
kun zhi mian xing	困知勉行	1
kun er bu xue	困而不学	1
kun jiao	困觉	1
wei chang	围场	1
wei cheng da yuan	围城打援	1
wei ping	围屏	1
wei dian da yuan	围点打援	1
wei bo er	围脖儿	1
wei zhui du jie	围追堵截	1
gu ti chao	固体潮	1
gu ti ran liao	固体燃料	1
gu ding jia ge	固定价格	1
gu ding hui lv	固定汇率	1
gu zhi bu bian	固执不变	1
gu zhi ji jian	固执己见	1
gu zhi cheng jian	固执成见	1
gu you pin lv	固有频率	1
gu sha lin	固沙林	1
gu zhuo	固着	1
gu jie	固结	1
gu ruo jin tang	固若金汤	1
guo sang	国丧	1
guo zhi gan cheng	国之干城	1
guo yue	国乐	1
guo chan pian	国产片	1
guo chou	国仇	1
guo chou jia hen	国仇家恨	1
guo you	国优	1
guo ti	国体	1
guo bie	国别	1
guo hao	国号	1
guo jing xian	国境线	1
guo zi jian	国子监	1
guo jia suo you zhi	国家所有制	1
guo jia ji qi	国家机器	1
guo jia dong liang	国家栋梁	1
guo jia zi ben zhu yi	国家资本主义	1
guo jia pei chang	国家赔偿	1
guo fu bing qiang	国富兵强	1
guo fu min qiang	国富民强	1
guo jiang bu guo	国将不国	1
guo er wang jia	国尔忘家	1
guo tang	国帑	1
guo ku quan	国库券	1
guo jiao	国教	1
guo wu ning ri	国无宁日	1
guo you hua	国有化	1
guo shu	国术	1
guo bu jian nan	国步艰难	1
guo min dai yu	国民待遇	1
guo po jia wang	国破家亡	1
guo tong qu	国统区	1
guo er wang jia	国而忘家	1
guo er wang jia	国耳忘家	1
guo mai	国脉	1
guo yao	国药	1
guo ying jing ji	国营经济	1
guo du	国都	1
guo fang lv	国防绿	1
guo ji hu lian wang	国际互联网	1
guo ji er tong jie	国际儿童节	1
guo ji lao dong jie	国际劳动节	1
guo ji dan wei zhi	国际单位制	1
guo ji fu xing kai fa yin hang	国际复兴开发银行	1
guo ji fu nv jie	国际妇女节	1
guo nan	国难	1
guo nan dang tou	国难当头	1
guo feng	国风	1
tu zuo bu gui	图作不轨	1
tu juan	图卷	1
tu qiong bi xian	图穷匕见	1
tu qiong bi shou xian	图穷匕首见	1
tu shuo	图说	1
tu mou bu gui	图谋不轨	1
tu ding	图钉	1
you yu	囿于	1
you yu cheng jian	囿于成见	1
yuan deng	圆凳	1
yuan hao	圆号	1
yuan zhou lv	圆周率	1
yuan chang	圆场	1
yuan xing	圆型	1
yuan kuo hao	圆括号	1
yuan zhu ti	圆柱体	1
yuan zhuo hui yi	圆桌会议	1
yuan liu liu	圆溜溜	1
yuan long	圆笼	1
yuan lian	圆脸	1
yuan wu qu	圆舞曲	1
yuan gang	圆钢	1
yuan ling shan	圆领衫	1
quan er	圈儿	1
quan yi	圈椅	1
juan lao yang wu	圈牢养物	1
quan yue	圈阅	1
tu zhuan jia	土专家	1
tu ou meng jin	土偶蒙金	1
tu ming	土名	1
tu di miao	土地庙	1
tu di gai ge	土地改革	1
tu di ye	土地爷	1
tu di shui	土地税	1
tu di gui hua	土地规划	1
tu di zheng	土地证	1
tu di ge ming	土地革命	1
tu ke la	土坷垃	1
tu pu	土堡	1
tu dun	土墩	1
tu rang jiao ti	土壤胶体	1
tu tou tu nao	土头土脑	1
tu beng wa jie	土崩瓦解	1
tu xi	土戏	1
tu gun	土棍	1
tu yang bing ju	土洋并举	1
tu yang jie he	土洋结合	1
tu ge da	土疙瘩	1
tu shi fang	土石方	1
tu zhong	土种	1
tu kuang	土筐	1
tu xi	土系	1
tu lao mao er	土老帽儿	1
tu er qi ren	土耳其人	1
tu yu	土语	1
tu feng	土风	1
tu ji wa quan	土鸡瓦犬	1
tu ji wa gou	土鸡瓦狗	1
sheng shang	圣上	1
sheng ren bu wei er cheng	圣人不为而成	1
sheng jun xian xiang	圣君贤相	1
sheng di ming wang	圣帝明王	1
sheng jing xian zhuan	圣经贤传	1
zai ren	在任	1
zai ce	在册	1
zai jie nan tao	在劫难逃	1
zai jia chu jia	在家出家	1
zai suo bu xi	在所不惜	1
zai suo bu ci	在所不辞	1
zai ya fan	在押犯	1
zai jiao	在教	1
zai chao	在朝	1
zai ci qi jian	在此期间	1
zai li hui	在理会	1
zai pin	在聘	1
zai tao fan	在逃犯	1
xu chang	圩场	1
wei yuan	圩垸	1
wei di	圩堤	1
wei zi	圩子	1
gui jiao	圭角	1
gui jiao bu lu	圭角不露	1
gui jiao an ran	圭角岸然	1
di ding	地丁	1
di shang tian guan	地上天官	1
di shang tian gong	地上天宫	1
di shang jing	地上茎	1
di xia xiu wen	地下修文	1
di xia dang	地下党	1
di xia gong chang	地下工厂	1
di xia shui ku	地下水库	1
di xia he	地下河	1
di xia jing	地下茎	1
di xia jie	地下街	1
di xia tie dao	地下铁道	1
di chou li di	地丑力敌	1
di chou de qi	地丑德齐	1
di zhong hai qi hou	地中海气候	1
di zhu zhi yi	地主之仪	1
di zhu zhi yi	地主之谊	1
di zhu jie ji	地主阶级	1
di jiu tian chang	地久天长	1
di mu	地亩	1
di jia shui	地价税	1
di bao	地保	1
di li	地利	1
di li ren he	地利人和	1
di li	地力	1
di dong	地动	1
di dong yi	地动仪	1
di dong shan yao	地动山摇	1
di dong shan cui	地动山摧	1
di qin	地勤	1
di bei tian nan	地北天南	1
di qu cha jia	地区差价	1
di tu ce	地图册	1
di tu xue	地图学	1
di kuai er	地块儿	1
di ping	地坪	1
di che tian beng	地坼天崩	1
di long	地垄	1
di lei	地垒	1
di geng	地埂	1
di bao	地堡	1
di ta tian huang	地塌天荒	1
di sai mi song	地塞米松	1
di qiao yun dong	地壳运动	1
di da wu bo	地大物博	1
di tou she	地头蛇	1
di qi	地契	1
di wei	地委	1
di xue	地学	1
di gong	地宫	1
di ceng xue	地层学	1
di xia	地峡	1
di beng shan cui	地崩山摧	1
di dai xing	地带性	1
di man	地幔	1
di ping	地平	1
di ping tian cheng	地平天成	1
di guang ren xi	地广人希	1
di guang ren xi	地广人稀	1
di xing tu	地形图	1
di xin	地心	1
di xin yin li	地心引力	1
di xin shuo	地心说	1
di zhi	地志	1
di tan er	地摊儿	1
di zhi	地支	1
di zheng	地政	1
di fang zhu yi	地方主义	1
di fang guan	地方官	1
di fang zhi	地方志	1
di fang xi	地方戏	1
di fang shi	地方时	1
di fang min zu zhu yi	地方民族主义	1
di fang bing	地方病	1
di fang shui	地方税	1
di fang hua	地方话	1
di kuang ren xi	地旷人稀	1
di pu shi han	地暴十寒	1
di ji	地机	1
di quan	地权	1
di ban ge	地板革	1
di ji	地极	1
di li	地栗	1
di he	地核	1
di li	地梨	1
di ji tian jing	地棘天荆	1
di yu	地榆	1
di zhan	地毡	1
di qi	地气	1
di gou	地沟	1
di li qing	地沥青	1
di bo	地波	1
di dong	地洞	1
di wen	地温	1
di gun qiu	地滚球	1
di ling ren jie	地灵人杰	1
di kang	地炕	1
di lao	地牢	1
di wu	地物	1
di yu bian xiang	地狱变相	1
di qiu yi	地球仪	1
di qiu hua xue	地球化学	1
di qiu wu li xue	地球物理学	1
di qiu zi yuan wei xing	地球资源卫星	1
di li xin xi	地理信息	1
di li xin xi xi tong	地理信息系统	1
di li xue	地理学	1
di li shu ju ku	地理数据库	1
di dian	地电	1
di jie	地界	1
di pi	地痞	1
di ji min pin	地瘠民贫	1
di kuang	地矿	1
di ci	地磁	1
di bang	地磅	1
di zu	地租	1
di cheng	地秤	1
di ji	地积	1
di kong dao dan	地空导弹	1
di jiao	地窖	1
di ku	地窟	1
di yin zi	地窨子	1
di xian	地线	1
di wang tian luo	地网天罗	1
di lao tian hun	地老天昏	1
di lao tian huang	地老天荒	1
di lao hu	地老虎	1
di mai	地脉	1
di jiao	地脚	1
di mo	地膜	1
di zang	地藏	1
di zang si	地藏寺	1
di yi	地衣	1
di biao shui	地表水	1
di fu tian fan	地覆天翻	1
di jiao	地角	1
di jiao tian ya	地角天涯	1
di mao xue	地貌学	1
di fu hai han	地负海涵	1
di zhi li xue	地质力学	1
di zhi xue	地质学	1
di zhi nian dai	地质年代	1
di zhou	地轴	1
di bian	地边	1
di dao zhan	地道战	1
di lin	地邻	1
di xian	地陷	1
di lei zhan	地雷战	1
di zhen yi	地震仪	1
di zhen xue	地震学	1
di zhen dai	地震带	1
di zhen peng	地震棚	1
di zhen bo	地震波	1
di zhen lie du	地震烈度	1
di zhen zhen ji	地震震级	1
di zhen yu bao	地震预报	1
di mian shui	地面水	1
di mian chen jiang	地面沉降	1
di mian guan gai	地面灌溉	1
di mian zhan	地面站	1
di gu pi	地骨皮	1
di huang	地黄	1
di long	地龙	1
chang wu	场屋	1
chang ji	场记	1
chang yuan	场院	1
chang mian shang	场面上	1
chang mian ren	场面人	1
jun fen	均分	1
jun cha	均差	1
fang xiang	坊巷	1
fang ben	坊本	1
tan tai	坍台	1
kan ke bu ping	坎坷不平	1
kan pa la	坎帕拉	1
kan zhi liu xing	坎止流行	1
huai dong xi	坏东西	1
huai ren xin shu	坏人心术	1
huai zhao tou	坏兆头	1
huai fen zi	坏分子	1
huai xin yan er	坏心眼儿	1
huai zhi san qun	坏植散群	1
huai shui	坏水	1
huai fa luan ji	坏法乱纪	1
huai dian zi	坏点子	1
huai zhong	坏种	1
huai pi qi	坏脾气	1
huai xue bing	坏血病	1
huai shang wei ku	坏裳为裤	1
zuo shang qin xin	坐上琴心	1
zuo bu chui tang	坐不垂堂	1
zuo bu an xi	坐不安席	1
zuo bu kui tang	坐不窥堂	1
zuo bu chong xi	坐不重席	1
zuo jing guan tian	坐井观天	1
zuo xiang qi gong	坐享其功	1
zuo xiang qi cheng	坐享其成	1
zuo yi dai dan	坐以待旦	1
zuo yi dai bi	坐以待毙	1
zuo hua	坐化	1
zuo wo bu ning	坐卧不宁	1
zuo wo bu an	坐卧不安	1
zuo wo bu li	坐卧不离	1
zuo tai zi	坐台子	1
zuo chi shan kong	坐吃山空	1
zuo di fen zang	坐地分赃	1
zuo di zi hua	坐地自划	1
zuo da	坐大	1
zuo shan guan hu dou	坐山观虎斗	1
zuo dai	坐待	1
zuo huai bu luan	坐怀不乱	1
zuo yue zi	坐月子	1
zuo ji guan	坐机关	1
zuo biao zhou	坐标轴	1
zuo shu bu yan	坐树不言	1
zuo jian	坐监	1
zuo jin bi	坐禁闭	1
zuo chan	坐禅	1
zuo li bu an	坐立不安	1
zuo er dai bi	坐而待弊	1
zuo er dai dan	坐而待旦	1
zuo er dai bi	坐而待毙	1
zuo er lun dao	坐而论道	1
zuo guan cheng bai	坐观成败	1
zuo shi bu jiu	坐视不救	1
zuo yan qi xing	坐言起行	1
zuo qi lai	坐起来	1
zuo shi shan kong	坐食山空	1
zuo gu	坐骨	1
zuo gu shen jing	坐骨神经	1
keng jia bai ye	坑家败业	1
keng beng guai pian	坑绷拐骗	1
keng meng	坑蒙	1
keng meng guai pian	坑蒙拐骗	1
kuai ti	块体	1
kuai tou	块头	1
jian bu ke cui	坚不可摧	1
jian ru pan shi	坚如盘石	1
jian ru pan shi	坚如磐石	1
jian shou bu yu	坚守不渝	1
jian qiang bu qu	坚强不屈	1
jian ren bu ba	坚忍不拔	1
jian zhi bu cong	坚执不从	1
jian chi bu yu	坚持不渝	1
jian zhen bu qu	坚贞不屈	1
jian zhen bu yu	坚贞不渝	1
jian ren bu ba	坚韧不拔	1
tan chang	坛场	1
tan tan guan guan	坛坛罐罐	1
ba di	坝地	1
ba zhi	坝址	1
ba shen	坝身	1
fen di	坟地	1
fen chang	坟场	1
fen tou	坟头	1
zhui di	坠地	1
zhui yin luo hun	坠茵落溷	1
po di	坡地	1
po gen	坡跟	1
kun bao	坤包	1
kun jue er	坤角儿	1
tan ke che	坦克车	1
tan ran zi ruo	坦然自若	1
tan bai cong kuan	坦白从宽	1
tan cheng xiang dai	坦诚相待	1
tan lu	坦露	1
pi zi	坯子	1
ke la	坷垃	1
che lie	坼裂	1
chui ti	垂体	1
chui diao	垂吊	1
chui tou	垂头	1
chui tou ta chi	垂头塌翅	1
chui tou sai er	垂头塞耳	1
chui tou ta yi	垂头搨翼	1
chui tou sha yu	垂头铩羽	1
chui shou ke de	垂手可得	1
chui shou er de	垂手而得	1
chui si zheng zha	垂死挣扎	1
chui xian san chi	垂涎三尺	1
chui zhi di dai xing	垂直地带性	1
chui zhi ping fen xian	垂直平分线	1
chui zhi lv hua	垂直绿化	1
chui luo	垂落	1
chui shou sang qi	垂首丧气	1
chui shou tie er	垂首帖耳	1
xing gang	型钢	1
lei qiang	垒墙	1
duo kou	垛口	1
duo zi	垛子	1
gou ni	垢泥	1
gou mian peng tou	垢面蓬头	1
ken qu	垦区	1
ken zhi	垦殖	1
ken zhong	垦种	1
dian shang yun dong	垫上运动	1
dian er	垫儿	1
dian juan	垫圈	1
dian di er	垫底儿	1
dian ban	垫板	1
dian pian	垫片	1
dian bei	垫背	1
dian jiao shi	垫脚石	1
dian bei	垫被	1
yuan zi	垸子	1
ai sai e bi ya	埃塞俄比亚	1
ai fei er tie ta	埃菲尔铁塔	1
man san yuan si	埋三怨四	1
mai ming	埋名	1
mai sheng hui ji	埋声晦迹	1
man tian yuan di	埋天怨地	1
mai tou ku gan	埋头苦干	1
mai tou gu ying	埋头顾影	1
mai tai	埋汰	1
mai she	埋设	1
mai lun po zhu	埋轮破柱	1
mai shou	埋首	1
cheng bei xu gong	城北徐公	1
cheng duo	城垛	1
cheng tou	城头	1
cheng shi she hui xue	城市社会学	1
cheng que	城阙	1
lie cai jue miao	埒才角妙	1
lie cai jiao miao	埒材角妙	1
xun chi xiang he	埙篪相和	1
yu nei	域内	1
bu tou	埠头	1
kan jing zhi wa	埳井之蛙	1
ji wei xia	基围虾	1
ji se	基色	1
tang hui	堂会	1
tang xiong di	堂兄弟	1
tang shu	堂叔	1
tang ao	堂奥	1
tang jie mei	堂姐妹	1
tang huang guan mian	堂皇冠冕	1
tang huang fu li	堂皇富丽	1
tang huang zheng da	堂皇正大	1
dui an ying ji	堆案盈几	1
jin cai	堇菜	1
qian shan yin gu	堑山堙谷	1
duo yun wu zhong	堕云雾中	1
duo di	堕地	1
duo hun piao yin	堕溷飘茵	1
duo zeng bu gu	堕甑不顾	1
duo ma	堕马	1
yin mo	堙没	1
yin gu qian shan	堙谷堑山	1
bu zi	堡子	1
bao zhai	堡寨	1
di kui yi kong	堤溃蚁孔	1
di kui yi xue	堤溃蚁穴	1
kan pei la	堪培拉	1
kan dang	堪当	1
yan se hu	堰塞湖	1
ta tai	塌台	1
ta luo	塌落	1
ta bi zi	塌鼻子	1
su liao bu	塑料布	1
su liao zha dan	塑料炸弹	1
su liao bao mo	塑料薄膜	1
ta shi gan	塔什干	1
ta tai	塔台	1
ta fu chou	塔夫绸	1
ta jian shang gong de	塔尖上功德	1
ta song	塔松	1
ta li mu pen di	塔里木盆地	1
ta ding	塔顶	1
tang ni	塘泥	1
sai shang	塞上	1
sai shang jiang nan	塞上江南	1
sai jing yi zao	塞井夷灶	1
sai jing fen she	塞井焚舍	1
sai nei jia er	塞内加尔	1
sai bei	塞北	1
sai bei jiang nan	塞北江南	1
sai zi	塞子	1
se ca yin	塞擦音	1
sai na he	塞纳河	1
sai weng zhi ma	塞翁之马	1
sai weng shi ma	塞翁失马	1
sai weng de ma	塞翁得马	1
sai er tou ling	塞耳偷铃	1
sai er dao zhong	塞耳盗钟	1
sai gui	塞规	1
se ze	塞责	1
sai men	塞门	1
se yin	塞音	1
tian fa	填发	1
tian keng man gu	填坑满谷	1
tian du	填堵	1
tian se	填塞	1
tian tian	填填	1
tian ping	填平	1
tian fang	填房	1
tian fang	填方	1
tian jie sai xiang	填街塞巷	1
tian ya	填鸭	1
tian ya shi	填鸭式	1
mu zhong	墓冢	1
mu jie	墓碣	1
mu ji	墓祭	1
qiang dao zhong ren tui	墙倒众人推	1
qiang wei	墙围	1
qiang duo	墙垛	1
qiang tou cao	墙头草	1
qiang tou ma shang	墙头马上	1
qiang you er	墙有耳	1
qiang feng	墙缝	1
zeng xiu	增修	1
zeng guang tian cai	增光添彩	1
zeng rong	增容	1
zeng guang	增广	1
zeng jian	增建	1
zeng bo	增拨	1
zeng zhi	增支	1
zeng shou jie zhi	增收节支	1
zeng pai	增派	1
zeng wen	增温	1
zeng zhuan tian wa	增砖添瓦	1
zeng bian	增编	1
zeng diao	增调	1
zeng xuan	增选	1
zeng zhong	增重	1
mo nang	墨囊	1
mo jia	墨家	1
mo dou	墨斗	1
mo dou yu	墨斗鱼	1
mo yun	墨晕	1
mo zhi wei gan	墨汁未干	1
mo tu bu qian	墨突不黔	1
mo lv	墨绿	1
mo ji wei gan	墨迹未干	1
bi shang guan	壁上观	1
bi gua shi	壁挂式	1
bi gui	壁柜	1
bi jian she ying	壁间蛇影	1
yong se	壅塞	1
hao qian	壕堑	1
shi wei zhi ji zhe si	士为知己者死	1
shi zu	士卒	1
shi ke sha bu ke ru	士可杀不可辱	1
shi nv	士女	1
shi si zhi ji	士死知己	1
zhuang ding	壮丁	1
zhuang xiang	壮乡	1
zhuang lao li	壮劳力	1
zhuang fa chong guan	壮发冲冠	1
zhuang shi jie wan	壮士解腕	1
zhuang xin bu yi	壮心不已	1
zhuang shuo	壮硕	1
zhuang yu	壮语	1
zhuang men mian	壮门面	1
sheng jia	声价	1
sheng jia shi bei	声价十倍	1
sheng ya	声压	1
sheng ming da zao	声名大噪	1
sheng ming lang ji	声名狼藉	1
sheng wei da zhen	声威大震	1
sheng ying qi qiu	声应气求	1
sheng qing bing mao	声情并茂	1
sheng zhen wu wa	声振屋瓦	1
sheng pang	声旁	1
sheng qi xiang tou	声气相投	1
sheng qi xiang qiu	声气相求	1
sheng qi xiang tong	声气相通	1
sheng qiu qi ying	声求气应	1
sheng wen guo qing	声闻过情	1
sheng pin	声频	1
ke lang zhu	壳郎猪	1
hu zhong tian di	壶中天地	1
hu zhong ri yue	壶中日月	1
hu jiang sai dao	壶浆塞道	1
hu li qian kun	壶里乾坤	1
yi chang san tan	壹倡三叹	1
yi bai tu di	壹败涂地	1
chu zhi tai ran	处之泰然	1
chu yu hun shui zhuang tai	处于昏睡状态	1
chu yu hun mi zhuang tai	处于昏迷状态	1
chu xing	处刑	1
chu zai ping jing	处在瓶颈	1
chu tang yan que	处堂燕雀	1
chu tang yan que	处堂燕鹊	1
chu shi	处士	1
chu nv di	处女地	1
chu shi xiao gong	处实效功	1
chu zun ju xian	处尊居显	1
chu xin ji lv	处心积虑	1
chu suo	处所	1
chu shu	处暑	1
chu zhi	处治	1
chu li pin	处理品	1
chu li shi dang	处理失当	1
chu li de dang	处理得当	1
chu shen	处身	1
chu gao lin shen	处高临深	1
bei bu zhu	备不住	1
bei wei chong shu	备位充数	1
bei yuan	备员	1
bei duo li fen	备多力分	1
bei cha	备查	1
bei er bu yong	备而不用	1
bei fan	备饭	1
fu hui	复会	1
fu xin	复信	1
fu han	复函	1
fu ju	复句	1
fu ye	复叶	1
fu he yuan yin	复合元音	1
fu he wu	复合物	1
fu he fei liao	复合肥料	1
fu he ci	复合词	1
fu he liang ci	复合量词	1
fu ming shu	复名数	1
fu yuan	复员	1
fu ken	复垦	1
fu jian	复建	1
fu pai	复排	1
fu jian	复检	1
fu yan	复演	1
fu dian	复电	1
fu zhong	复种	1
fu zhong zhi shu	复种指数	1
fu hang	复航	1
fu ping	复评	1
fu song	复诵	1
fu du ji	复读机	1
fu zhuan	复转	1
fu yan	复验	1
xia ling	夏令	1
xia ling shi	夏令时	1
xia chu	夏初	1
xia ri ke wei	夏日可畏	1
xia lu dong shan	夏炉冬扇	1
xia zhong	夏种	1
xia chong bu ke yi yu bing	夏虫不可以语冰	1
xia chong zhao jun	夏虫朝菌	1
xia chong yi bing	夏虫疑冰	1
xia chong yu bing	夏虫语冰	1
xia yu yu ren	夏雨雨人	1
xi mei xiao xing	夕寐宵兴	1
xi ti zhao qian	夕惕朝乾	1
xi ti ruo li	夕惕若厉	1
xi yang hong	夕阳红	1
wai jiao ci ling	外交辞令	1
wai qin	外亲	1
wai qin nei shu	外亲内疏	1
wai chu xue	外出血	1
wai fen mi	外分泌	1
wai qie	外切	1
wai hua	外化	1
wai chang	外厂	1
wai li nei ren	外厉内荏	1
wai xian	外县	1
wai he li cha	外合里差	1
wai he li ying	外合里应	1
wai yuan nei fang	外圆内方	1
wai chang	外场	1
wai xing ren	外姓人	1
wai cun	外存	1
wai sun nv	外孙女	1
wai sun zi	外孙子	1
wai jia	外家	1
wai kuan nei ji	外宽内忌	1
wai kuan nei ming	外宽内明	1
wai kuan nei shen	外宽内深	1
wai qiao nei ji	外巧内嫉	1
wai cha	外差	1
wai qiang	外强	1
wai qiang zhong gan	外强中干	1
wai qiang zhong ji	外强中瘠	1
wai gan nei shang	外感内伤	1
wai fang nei yuan	外方内员	1
wai fang nei yuan	外方内圆	1
wai lai yu	外来语	1
wai yan	外沿	1
wai huo er	外活儿	1
wai gang	外港	1
wai zu fu	外祖父	1
wai jian nei ming	外简内明	1
wai pin	外聘	1
wai hang ren	外行人	1
wai hang hua	外行话	1
wai jiao	外角	1
wai diao	外调	1
wai zhuan	外转	1
wai lun	外轮	1
wai jian	外间	1
wai mian er guang	外面儿光	1
su shi yuan jia	夙世冤家	1
su chou	夙仇	1
su xing ye chu	夙兴夜处	1
su xing ye mei	夙兴夜寐	1
su xing mei dan	夙兴昧旦	1
su ye bu jie	夙夜不解	1
su ye fei jie	夙夜匪解	1
duo yi shi bu ru shao yi shi	多一事不如少一事	1
duo yi shi bu ru sheng yi shi	多一事不如省一事	1
duo hui er	多会儿	1
duo bei ti	多倍体	1
duo yuan lun	多元论	1
duo xiong shao ji	多凶少吉	1
duo dong zheng	多动症	1
duo lao duo de	多劳多得	1
duo fa xing	多发性	1
duo fa bing	多发病	1
duo kou xiang sheng	多口相声	1
duo kou a shi	多口阿师	1
duo chi duo zhan	多吃多占	1
duo xiang	多向	1
duo za	多咱	1
duo zui xian qian	多嘴献浅	1
duo dan tou	多弹头	1
duo kuai hao sheng	多快好省	1
duo shou bing chu	多收并畜	1
duo wen wei fu	多文为富	1
duo wen qiang ji	多文强记	1
duo pu le xiao ying	多普勒效应	1
duo jing ti	多晶体	1
duo ji	多极	1
duo leng jing	多棱镜	1
duo qi wang yang	多歧亡羊	1
duo min zu guo jia	多民族国家	1
duo zai duo nan	多灾多难	1
duo shen jiao	多神教	1
duo zhong jing ying	多种经营	1
duo duan gua yao	多端寡要	1
duo mi ni jia gong he guo	多米尼加共和国	1
duo neng	多能	1
duo neng duo yi	多能多艺	1
duo cang hou wang	多藏厚亡	1
duo xing bu yi bi zi bi	多行不义必自毙	1
duo jian guang shi	多见广识	1
duo jiao xing	多角形	1
duo yan duo yu	多言多语	1
duo yan huo zhong	多言或中	1
duo yan shuo qiong	多言数穷	1
duo yan fan cheng	多言繁称	1
duo xu shao yu	多许少与	1
duo cai shan gu	多财善贾	1
duo qian shan gu	多钱善贾	1
duo wen qiang ji	多闻强记	1
duo wen que yi	多闻阙疑	1
duo nan xing bang	多难兴邦	1
duo mian ti	多面体	1
duo mian jiao	多面角	1
ye bu cheng mei	夜不成寐	1
ye bu bi hu	夜不闭户	1
ye fen	夜分	1
ye chang	夜场	1
ye da	夜大	1
ye da xue	夜大学	1
ye ru he ji	夜如何其	1
ye su	夜宿	1
ye niao zheng	夜尿症	1
ye xiao	夜校	1
ye mang zheng	夜盲症	1
ye li fu	夜礼服	1
ye jin	夜禁	1
ye e	夜蛾	1
ye xing jun	夜行军	1
ye xing bei xiu	夜行被绣	1
ye che	夜车	1
ye lang zi da	夜郎自大	1
ye chang meng duo	夜长梦多	1
ye chang meng duan	夜长梦短	1
ye yu dui chuang	夜雨对床	1
ye jing geng shen	夜静更深	1
ye jing geng lan	夜静更阑	1
gou jin er	够劲儿	1
gou shou de	够受的	1
gou yi si	够意思	1
gou qiang	够戗	1
da yi tong	大一统	1
da bu jing	大不敬	1
da zhuan sheng	大专生	1
da zhong zhi zheng	大中至正	1
da zhu jiao	大主教	1
da li hua	大丽花	1
da yi lin ran	大义凛然	1
da yi mie qin	大义灭亲	1
da shu	大书	1
da shu te shu	大书特书	1
da shi bu miao	大事不妙	1
da shi bu hu tu	大事不糊涂	1
da shi hua xiao	大事化小	1
da shi qu yi	大事去矣	1
da shi pu zhang	大事铺张	1
da wu jin	大五金	1
da ren xian sheng	大人先生	1
da ren da yi	大仁大义	1
da ren	大任	1
da zhong chuan bo	大众传播	1
da bai zi	大伯子	1
da yu	大余	1
da zuo wen zhang	大做文章	1
da ru	大儒	1
da gong bao	大公报	1
da gong wu si	大公无私	1
da xing tu mu	大兴土木	1
da xing an ling	大兴安岭	1
da bing tuan	大兵团	1
da nei	大内	1
da nong ye	大农业	1
da ye	大冶	1
da fen	大分	1
da xing	大刑	1
da bie shan	大别山	1
da qian tian	大前天	1
da qian nian	大前年	1
da qian ti	大前提	1
da fu	大副	1
da li shi	大力士	1
da gong	大功	1
da gong bi cheng	大功毕成	1
da dong gong guan	大动公惯	1
da dong gan ge	大动干戈	1
da dong gan huo	大动肝火	1
da dong mai	大动脉	1
da shi yi qu	大势已去	1
da yong ruo qie	大勇若怯	1
da bao da lan	大包大揽	1
da bao gan	大包干	1
da bao gan er	大包干儿	1
da bei	大北	1
da jiang yun jin	大匠运斤	1
da yin	大印	1
da xie ba kuai	大卸八块	1
da li	大历	1
da sha jiang qing	大厦将倾	1
da sha jiang dian	大厦将颠	1
da sha dong liang	大厦栋梁	1
da fa ci bei	大发慈悲	1
da fa yi lun	大发议论	1
da fa miu lun	大发谬论	1
da fa lei ting	大发雷霆	1
da ye yang	大叶杨	1
da si ma	大司马	1
da chi da he	大吃大喝	1
da yao xiao he	大吆小喝	1
da he chang	大合唱	1
da ji da li	大吉大利	1
da tong shi	大同市	1
da tong jiang	大同江	1
da ming nan ju	大名难居	1
da hou tian	大后天	1
da hou nian	大后年	1
da hou fang	大后方	1
da li	大吏	1
da lv	大吕	1
da jun	大君	1
da han xi ru	大含细入	1
da chao da nao	大吵大闹	1
da chui da da	大吹大打	1
da chui da lei	大吹大擂	1
da chui fa luo	大吹法螺	1
da yuan	大员	1
da hu xiao jiao	大呼小叫	1
da hu xiao he	大呼小喝	1
da hu long	大呼隆	1
da han da jiao	大喊大叫	1
da xi ruo kuang	大喜若狂	1
da xi guo wang	大喜过望	1
da qi	大器	1
da qi wan cheng	大器晚成	1
da jue	大嚼	1
da tuan yuan	大团圆	1
da tuan jie	大团结	1
da yuan	大圆	1
da di hui chun	大地回春	1
da di chun hui	大地春回	1
da di ce liang	大地测量	1
da kuai tou	大块头	1
da kuai wen zhang	大块文章	1
da cheng	大城	1
da bu	大埔	1
da pu jiao	大堡礁	1
da qiang	大墙	1
da zhuang	大壮	1
da sheng ji hu	大声疾呼	1
da chu	大处	1
da chu zhuo mo	大处着墨	1
da chu zhuo yan	大处着眼	1
da chu luo mo	大处落墨	1
da da luo luo	大大落落	1
da tian bai ri	大天白日	1
da shi ren wang	大失人望	1
da shi suo wang	大失所望	1
da tou xiao wei	大头小尾	1
da tou cai	大头菜	1
da tou zhen	大头针	1
da tou yu	大头鱼	1
da hao he shan	大好河山	1
da mei zi	大妹子	1
da gu	大姑	1
da gu zi	大姑子	1
da xing	大姓	1
da yi zi	大姨子	1
da shen er	大婶儿	1
da mei	大媒	1
da sao zi	大嫂子	1
da zi	大子	1
da xue shi	大学士	1
da ning	大宁	1
da an	大安	1
da shi hua	大实话	1
da jia huo	大家伙	1
da jia huo er	大家伙儿	1
da jia gui xiu	大家闺秀	1
da jia feng fan	大家风范	1
da han	大寒	1
da han suo qiu	大寒索裘	1
da wei	大尉	1
da shao ye	大少爷	1
da wu ding	大屋顶	1
da zhan hong tu	大展宏图	1
da zhan jing lun	大展经纶	1
da gong	大工	1
da gong gao cheng	大工告成	1
da qiao ruo zhuo	大巧若拙	1
da shuai	大帅	1
da shi fu	大师傅	1
da mao zi	大帽子	1
da nian	大年	1
da nian san shi	大年三十	1
da nian chu yi	大年初一	1
da nian ye	大年夜	1
da xing	大幸	1
da qing shi	大庆市	1
da qing you tian	大庆油田	1
da du bao rong	大度包容	1
da ting guang zhong	大廷广众	1
da kai da he	大开大合	1
da kai fang bian zhi men	大开方便之门	1
da zhang qi ci	大张其词	1
da zhang sheng shi	大张声势	1
da zhang ta fa	大张挞伐	1
da che da wu	大彻大悟	1
da de ren xin	大得人心	1
da xun huan	大循环	1
da kuai ren xin	大快人心	1
da zong tong	大总统	1
da en da de	大恩大德	1
da wu	大悟	1
da jing shi se	大惊失色	1
da huo bu jie	大惑不解	1
da ci da bei	大慈大悲	1
da wo	大我	1
da shou da jiao	大手大脚	1
da shou shu	大手术	1
da cai cui pan	大才榱槃	1
da cai cui pan	大才榱盘	1
da cai pan pan	大才槃槃	1
da cai pan pan	大才盘盘	1
da bao	大报	1
da mu ge	大拇哥	1
da na	大拿	1
da zhi	大指	1
da huan xie	大换血	1
da jie	大捷	1
da pai hang	大排行	1
da yao da bai	大摇大摆	1
da sa ba	大撒把	1
da cao da ban	大操大办	1
da fang jue ci	大放厥词	1
da fang jue ci	大放厥辞	1
da fang bei sheng	大放悲声	1
da zheng	大政	1
da zheng fang zhen	大政方针	1
da gu	大故	1
da di	大敌	1
da di dang qian	大敌当前	1
da shu	大数	1
da liao	大料	1
da fang zhi jia	大方之家	1
da zu	大族	1
da wu wei	大无畏	1
da zao	大早	1
da han wang yun	大旱望云	1
da han wang yun ni	大旱望云霓	1
da ming fa du	大明法度	1
da zhao si	大昭寺	1
da shi da fei	大是大非	1
da xian shen tong	大显神通	1
da xian shen shou	大显身手	1
da qing tian	大晴天	1
da zhi	大智	1
da zhi da yong	大智大勇	1
da zhi ru yu	大智如愚	1
da zhi ruo yu	大智若愚	1
da shu	大暑	1
da qu	大曲	1
da yue	大月	1
da you zuo wei	大有作为	1
da you ke guan	大有可观	1
da you xi wang	大有希望	1
da you jing ting	大有径庭	1
da you wen zhang	大有文章	1
da you bi yi	大有裨益	1
da you jian di	大有见地	1
da you qi se	大有起色	1
da you jing ting	大有迳庭	1
da ben da zong	大本大宗	1
da sha feng jing	大杀风景	1
da za yuan	大杂院	1
da quan zai wo	大权在握	1
da quan pang luo	大权旁落	1
da quan du lan	大权独揽	1
da cai xiao yong	大材小用	1
da zhang ze zou	大杖则走	1
da bei	大杯	1
da ban che	大板车	1
da ran gang	大染缸	1
da shu jiang jun	大树将军	1
da yang	大样	1
da meng chu xing	大梦初醒	1
da meng fang xing	大梦方醒	1
da kai	大楷	1
da gai qi	大概其	1
da mu da yang	大模大样	1
da yan mao	大檐帽	1
da bu liu xing	大步流星	1
da lian	大殓	1
da mao	大毛	1
da chang	大氅	1
da qi ya	大气压	1
da qi quan	大气圈	1
da qi pang bo	大气磅礴	1
da han zu zhu yi	大汉族主义	1
da jiang dong qu	大江东去	1
da you	大油	1
da zhi	大治	1
da fa xiao lian	大法小廉	1
da yang zhou	大洋洲	1
da zhou	大洲	1
da lang tao sha	大浪淘沙	1
da hai lao zhen	大海捞针	1
da jian mi liu	大渐弥留	1
da du he	大渡河	1
da liu	大溜	1
da che da wu	大澈大悟	1
da zao	大灶	1
da yan	大烟	1
da yan gui	大烟鬼	1
da sha feng jing	大煞风景	1
da sha feng qu	大煞风趣	1
da xiong zuo	大熊座	1
da lao	大牢	1
da sheng chu	大牲畜	1
da du cai zhe	大独裁者	1
da shuai	大率	1
da li si	大理寺	1
da li shi	大理市	1
tai pu bu wan	大璞不完	1
da tian zuo wu	大田作物	1
da nan da nv	大男大女	1
da lve	大略	1
da bai hua	大白话	1
da bai shu	大白鼠	1
da yan	大盐	1
da zhi ruo qu	大直若屈	1
da zhi ruo qu	大直若诎	1
da xiang jing ting	大相迳庭	1
da yan wang xiao yan	大眼望小眼	1
da yan deng xiao yan	大眼瞪小眼	1
da wan er cha	大碗儿茶	1
da wan cha	大碗茶	1
da li tang	大礼堂	1
da li bai	大礼拜	1
da li fu	大礼服	1
da piao	大票	1
da yu zhi shui	大禹治水	1
da qiu	大秋	1
da qiu zuo wu	大秋作物	1
da li gui	大立柜	1
da zhan	大站	1
da duan	大端	1
da bi ru chuan	大笔如椽	1
da zhuan	大篆	1
da fen	大粪	1
da xi	大系	1
da hong da lv	大红大绿	1
da yue mo	大约摸	1
da jing da fa	大经大法	1
da tong	大统	1
da miu bu ran	大缪不然	1
da lao	大老	1
da lao po	大老婆	1
da lao ye men er	大老爷们儿	1
da lao cu	大老粗	1
da kao	大考	1
da er quan	大而全	1
da er hua zhi	大而化之	1
da er wu dang	大而无当	1
da si jue ci	大肆厥辞	1
da si xuan chuan	大肆宣传	1
da si hui huo	大肆挥霍	1
da rou	大肉	1
da du han	大肚汉	1
da dan bao shen	大胆包身	1
da nao yan	大脑炎	1
da nao pi ceng	大脑皮层	1
da nao pi zhi	大脑皮质	1
da bo zi bing	大脖子病	1
da fu pian pian	大腹便便	1
da jiu zi	大舅子	1
da she tou	大舌头	1
da jie	大节	1
da jie bu duo	大节不夺	1
da hua lian	大花脸	1
da hui xiang	大茴香	1
da li	大荔	1
da mo yu jing	大莫与京	1
da huo quan sheng	大获全胜	1
da cai	大菜	1
da ji	大蓟	1
da zang	大藏	1
da zang jing	大藏经	1
da chong	大虫	1
da hang da shi	大行大市	1
da xing xing	大行星	1
da gua	大褂	1
da jin	大襟	1
da xi bei	大西北	1
da xi nan	大西南	1
da yao	大要	1
da jiao	大角	1
da jie	大解	1
da ji xiao yong	大计小用	1
da qing da shou	大请大受	1
da ke	大课	1
da diao	大调	1
da mou bu mou	大谋不谋	1
da miu bu ran	大谬不然	1
da bai kui lun	大败亏轮	1
da bai kui shu	大败亏输	1
da she	大赦	1
da she ling	大赦令	1
da zu	大足	1
da lu zhui lun	大路椎轮	1
da lu huo	大路活	1
da lu cai	大路菜	1
da lu huo	大路货	1
da ta bu	大踏步	1
da shen	大身	1
da che yi zai	大车以载	1
da hong da weng	大轰大嗡	1
da zhou zi	大轴子	1
da jiao che	大轿车	1
da lu zhui lun	大辂椎轮	1
da bian bu yan	大辩不言	1
da bian ruo ne	大辩若讷	1
da guo	大过	1
da yun he	大运河	1
da lian li gong da xue	大连理工大学	1
da ni	大逆	1
da ni bu dao	大逆不道	1
da ni wu dao	大逆无道	1
da yi	大邑	1
da bu tou	大部头	1
da du hui	大都会	1
da chun xiao ci	大醇小疵	1
da chao	大钞	1
da zhong	大钟	1
da guo fan	大锅饭	1
da cuo te cuo	大错特错	1
da luo	大锣	1
da lu po	大陆坡	1
da lu xing qi hou	大陆性气候	1
da lu jia	大陆架	1
da ling	大陵	1
da nan	大难	1
da nan bu si	大难不死	1
da nan lin tou	大难临头	1
da xiong bao dian	大雄宝殿	1
da ya	大雅	1
da ya zhi tang	大雅之堂	1
da ya jun zi	大雅君子	1
da ji ti	大集体	1
da yu qing pen	大雨倾盆	1
da yu ru zhu	大雨如注	1
da yu pang tuo	大雨滂沱	1
da xue shan	大雪山	1
da qing	大青	1
da mian	大面	1
da mian er	大面儿	1
da yin xi sheng	大音希声	1
da xiang	大项	1
da shun	大顺	1
da jia shu	大颊鼠	1
da ti xiao zuo	大题小作	1
da ti xiao zuo	大题小做	1
da feng da lang	大风大浪	1
da feng ge	大风歌	1
da ma ha yu	大马哈鱼	1
da ma shi ge	大马士革	1
da ma jin dao	大马金刀	1
da jia	大驾	1
da gu jie bing	大骨节病	1
da yu chi xiao yu	大鱼吃小鱼	1
da ni	大鲵	1
da ma ha yu	大麻哈鱼	1
dai huang yu	大黄鱼	1
da gu	大鼓	1
tian shang shi lin	天上石麟	1
tian shang qi lin	天上麒麟	1
tian xia yi jia	天下一家	1
tian xia wei gong	天下为公	1
tian xia wei jia	天下为家	1
tian xia wei long	天下为笼	1
tian xia da luan	天下大乱	1
tian xia mo di	天下莫敌	1
tian bu zuo mei	天不作美	1
tian bu jia nian	天不假年	1
tian bu jue ren	天不绝人	1
tian yu ren gui	天与人归	1
tian ren gong jian	天人共鉴	1
tian cong ren yuan	天从人原	1
tian cong ren yuan	天从人愿	1
tian lun zhi le	天伦之乐	1
tian zuo zhi he	天作之合	1
tian jia zhi nian	天假之年	1
tian jia qi nian	天假其年	1
tian jia yin yuan	天假因缘	1
tian jia liang yuan	天假良缘	1
tian gong di dao	天公地道	1
tian bing tian jiang	天兵天将	1
tian guan di ju	天冠地屦	1
tian chong	天冲	1
tian ning di bi	天凝地闭	1
tian hua luan zhui	天华乱坠	1
tian nan hai bei	天南海北	1
tian tai lu mi	天台路迷	1
tian ge yi fang	天各一方	1
tian ya	天呀	1
tian ming you gui	天命有归	1
tian he	天和	1
tian di bu rong	天地不容	1
tian di hui	天地会	1
tian di pou pan	天地剖判	1
tian di jing wei	天地经纬	1
tian di liang xin	天地良心	1
tian di zhu lu	天地诛戮	1
tian di zhu mie	天地诛灭	1
tian di chang jiu	天地长久	1
tian tang di yu	天堂地狱	1
tian qian	天堑	1
tian ta di xian	天塌地陷	1
tian rang wang lang	天壤王郎	1
tian wai you tian	天外有天	1
tian da di da	天大地大	1
tian tou	天头	1
tian duo qi po	天夺其魄	1
tian nv	天女	1
tian nv san hua	天女散花	1
tian mu shan	天姥山	1
tian zi di yi hao	天字第一号	1
tian an men guang chang	天安门广场	1
tian bao dang nian	天宝当年	1
tian han di dong	天寒地冻	1
tian beng di tan	天崩地坍	1
tian beng di che	天崩地坼	1
tian beng di ta	天崩地塌	1
tian beng di lie	天崩地裂	1
tian beng di jie	天崩地解	1
tian beng di xian	天崩地陷	1
tian cha di yuan	天差地远	1
tian gan	天干	1
tian ping di cheng	天平地成	1
tian nian bu ce	天年不测	1
tian nian bu sui	天年不遂	1
tian nian bu qi	天年不齐	1
tian di	天底	1
tian kai di pi	天开地辟	1
tian xuan di ge	天悬地隔	1
tian jing shi po	天惊石破	1
tian chou di can	天愁地惨	1
tian cheng di ping	天成地平	1
tian cai lun	天才论	1
tian da lei pi	天打雷劈	1
tian ze	天择	1
tian shou di she	天授地设	1
tian yao di dong	天摇地动	1
tian cui di ta	天摧地塌	1
tian wen dan wei	天文单位	1
tian wen di li	天文地理	1
tian wen wang yuan jing	天文望远镜	1
tian xuan di zhuan	天旋地转	1
tian shi di li ren he	天时地利人和	1
tian hun di an	天昏地暗	1
tian hun di hei	天昏地黑	1
tian xiao de	天晓得	1
tian you bu ce feng yun	天有不测风云	1
tian mo liang feng	天末凉风	1
tian tiao	天条	1
tian ya zhi chi	天涯咫尺	1
tian ya di jiao	天涯地角	1
tian ya ruo bi lin	天涯若比邻	1
tian yuan zhi bie	天渊之别	1
tian huang gui zhou	天潢贵胄	1
tian ling gai	天灵盖	1
tian zai di bian	天灾地变	1
tian zai di yao	天灾地妖	1
tian ran lin	天然林	1
tian fu	天父	1
tian wang xing	天王星	1
tian wang lao zi	天王老子	1
tian li bu rong	天理不容	1
tian li jiao	天理教	1
tian li nan rong	天理难容	1
tian sheng yi dui	天生一对	1
tian sheng di she	天生地设	1
tian sheng tian hua	天生天化	1
tian zhen wu xie	天真无邪	1
tian zhi di zhi	天知地知	1
tian kong hai kuo	天空海阔	1
tian su ma jiao	天粟马角	1
tian jing di wei	天经地纬	1
tian yuan cou he	天缘凑合	1
tian luo di wang	天罗地网	1
tian lao di huang	天老地荒	1
tian jing di ji	天荆地棘	1
tian huang di lao	天荒地老	1
tian e	天蛾	1
tian xing shi qi	天行时气	1
tian fu di zai	天覆地载	1
tian zhu di mie	天诛地灭	1
tian you qi zhong	天诱其衷	1
tian qu	天趣	1
tian che	天车	1
tian zao di she	天造地设	1
tian dao hao huan	天道好还	1
tian dao ning lun	天道宁论	1
tian dao wu qin	天道无亲	1
tian chang di lao	天长地老	1
tian chang ri jiu	天长日久	1
tian que	天阙	1
tian zhen di hai	天震地骇	1
tian gao di xia	天高地下	1
tian gao di hou	天高地厚	1
tian gao di jiong	天高地迥	1
tian gao ri yuan	天高日远	1
tian gao huang di yuan	天高皇帝远	1
tai shang wang qing	太上忘情	1
tai shang huang	太上皇	1
tai shang lao jun	太上老君	1
tai qiu dao guang	太丘道广	1
tai chong	太冲	1
tai he	太和	1
tai he dian	太和殿	1
tai fu ren	太夫人	1
tai zi shen	太子参	1
tai zi gang	太子港	1
tai wei	太尉	1
tai shan bei dou	太山北斗	1
tai sui tou shang dong tu	太岁头上动土	1
tai shi yi	太师椅	1
tai ping sheng shi	太平盛世	1
tai ping jian	太平间	1
tai ping long tou	太平龙头	1
tai hu shi	太湖石	1
tai shen	太甚	1
tai kong la ji	太空垃圾	1
tai kong mian	太空棉	1
tai guo fen	太过分	1
tai yang di er	太阳地儿	1
tai yang zao	太阳灶	1
tai e	太阿	1
tai e dao chi	太阿倒持	1
tai e zai wo	太阿在握	1
fu ren qun dai	夫人裙带	1
fu chang fu sui	夫倡妇随	1
fu chang fu sui	夫唱妇随	1
fu qi fan mu	夫妻反目	1
fu qi dian	夫妻店	1
fu xu	夫婿	1
fu zi miao	夫子庙	1
fu zi zi dao	夫子自道	1
fu quan	夫权	1
fu rong qi xian	夫荣妻显	1
fu rong qi gui	夫荣妻贵	1
fu fu qi dai	夫负妻戴	1
fu gui qi rong	夫贵妻荣	1
yao wang	夭亡	1
yao jiao	夭矫	1
hang ge	夯歌	1
shi zhi jiao bi	失之交臂	1
shi ti	失体	1
shi dan	失单	1
shi he	失和	1
shi xue lv	失学率	1
shi zhang mao shi	失张冒势	1
shi zhang shi zhi	失张失志	1
shi zhang shi zhi	失张失致	1
shi dang	失当	1
shi jing dao guai	失惊倒怪	1
shi jing da guai	失惊打怪	1
shi ju	失据	1
shi shi luo shi	失时落势	1
shi zhao	失着	1
shi jin	失禁	1
shi jing luo cai	失精落彩	1
shi yue	失约	1
shi er fu de	失而复得	1
shi jie	失节	1
shi luo gan	失落感	1
shi yu	失语	1
shi yu zheng	失语症	1
shi zhu jiao bi	失诸交臂	1
shi zhen	失贞	1
shi bai wei cheng gong zhi mu	失败为成功之母	1
shi dao gua zhu	失道寡助	1
shi zhong	失重	1
shi feng	失风	1
shi ma sai weng	失马塞翁	1
shi hun sang dan	失魂丧胆	1
shi hun sang po	失魂丧魄	1
shi hun luo po	失魂落魄	1
tou yi wu er	头一无二	1
tou shang an tou	头上安头	1
tou shang mo xia	头上末下	1
tou shang zhuo tou	头上著头	1
tou ren	头人	1
tou fu	头伏	1
tou kuai ji lian	头会箕敛	1
tou kuai ji fu	头会箕赋	1
tou chu tou mo	头出头没	1
tou qian	头前	1
tou gong	头功	1
tou ming	头名	1
tou xing	头型	1
tou tou er	头头儿	1
tou tou shi dao	头头是道	1
tou tou nao nao	头头脑脑	1
tou tao	头套	1
tou jia	头家	1
tou wei	头尾	1
tou pa	头帕	1
tou nian	头年	1
tou zuo	头座	1
tou cai	头彩	1
tou hun mu yun	头昏目晕	1
tou hun mu xuan	头昏目眩	1
tou hun yan yun	头昏眼晕	1
tou hun yan an	头昏眼暗	1
tou hun yan hua	头昏眼花	1
tou hun nao xuan	头昏脑眩	1
tou hun nao zhang	头昏脑胀	1
tou hun nao men	头昏脑闷	1
tou yun mu xuan	头晕目眩	1
tou yun yan hua	头晕眼花	1
tou wan	头晚	1
tou shao zi ling	头梢自领	1
tou mo bei an	头没杯案	1
tou you	头油	1
tou jiao e lan	头焦额烂	1
tou pai	头牌	1
tou zhuang hua xu	头状花序	1
tou ban che	头班车	1
tou sheng	头生	1
tou teng nao re	头疼脑热	1
tou yang sao gen	头痒搔跟	1
tou tong nao re	头痛脑热	1
tou tong e re	头痛额热	1
tou xuan	头癣	1
tou gai	头盖	1
tou gai gu	头盖骨	1
tou xuan mu hun	头眩目昏	1
tou po xue chu	头破血出	1
tou po xue lin	头破血淋	1
tou shao zi ling	头稍自领	1
tou tong chi huo	头童齿豁	1
tou deng	头等	1
tou chou	头筹	1
tou sheng	头绳	1
tou zhao	头罩	1
tou yang	头羊	1
tou tai	头胎	1
tou lian	头脸	1
tou shi	头虱	1
tou jiao	头角	1
tou jiao zheng rong	头角峥嵘	1
tou zu dao zhi	头足倒置	1
tou zu yi chu	头足异处	1
tou zu yi suo	头足异所	1
tou lu	头路	1
tou li	头里	1
tou zhong jiao qing	头重脚轻	1
tou qian	头钱	1
tou tuo	头陀	1
tou yan	头雁	1
tou mian	头面	1
tou mian ren wu	头面人物	1
tou jing	头颈	1
tou e	头额	1
tou ma	头马	1
tou gao tou di	头高头低	1
yi wei ping di	夷为平地	1
yi ran zi ruo	夷然自若	1
kua kou	夸口	1
kua zui	夸嘴	1
kua duo dou mi	夸多斗靡	1
kua da qi ci	夸大其词	1
kua da qi ci	夸大其辞	1
kua kua qi tan	夸夸其谈	1
kua kua er tan	夸夸而谈	1
kua qiang dao hui	夸强道会	1
kua hai kou	夸海口	1
kua fu zhui ri	夸父追日	1
kua fu zhu ri	夸父逐日	1
kua te	夸特	1
kua shi	夸示	1
kua yao	夸耀	1
kua tuo	夸脱	1
kua dan	夸诞	1
kua shuo	夸说	1
kua zan	夸赞	1
kua shi	夸饰	1
jia qi jia ba	夹七夹八	1
jia ke shan	夹克衫	1
jia jian	夹剪	1
jia qiang	夹墙	1
jia ceng bo li	夹层玻璃	1
jia zhi	夹峙	1
jia dai	夹带	1
jia xin	夹心	1
jia pi	夹批	1
jia chi	夹持	1
jia gong	夹攻	1
jia ban	夹板	1
jia ban yi tuo zi	夹板医驼子	1
jia ban qi	夹板气	1
jia qiang dai gun	夹枪带棍	1
jia qiang dai bang	夹枪带棒	1
jia gun	夹棍	1
jia zhu	夹注	1
jia sheng	夹生	1
jia sheng fan	夹生饭	1
jia zhu tao	夹竹桃	1
jia jin	夹紧	1
jia yi	夹衣	1
jia ao	夹袄	1
jia dai ren wu	夹袋人物	1
jia bei	夹被	1
jia ku	夹裤	1
jia jiao	夹角	1
jia dao	夹道	1
jia qian	夹钳	1
jia xian	夹馅	1
duo ren suo hao	夺人所好	1
duo qi tan jing	夺其谈经	1
duo zhan	夺占	1
duo bei	夺杯	1
duo tai huan gu	夺胎换骨	1
yan yan	奄奄	1
yan hu	奄忽	1
yan ran	奄然	1
qi li	奇丽	1
qi shi	奇事	1
qi wei	奇伟	1
ji ou	奇偶	1
qi guang yi cai	奇光异彩	1
qi yuan	奇冤	1
ji han shu	奇函数	1
qi gong	奇功	1
qi xun	奇勋	1
qi feng	奇峰	1
qi jue	奇崛	1
qi qiao	奇巧	1
qi xing yi zhuang	奇形异状	1
qi xing guai zhuang	奇形怪状	1
qi zhi	奇志	1
qi xiang tian kai	奇想天开	1
qi cai yi neng	奇才异能	1
qi ji	奇技	1
qi ji yin qiao	奇技淫巧	1
qi wen	奇文	1
qi wen gong shang	奇文共赏	1
qi wen gui ju	奇文瑰句	1
qi jing	奇景	1
qi an	奇案	1
qi zhen	奇珍	1
qi zhen yi bao	奇珍异宝	1
qi zhen yi wan	奇珍异玩	1
qi huo	奇祸	1
qi li gu guai	奇离古怪	1
qi xiu	奇秀	1
qi jue	奇绝	1
qi yuan	奇缘	1
qi que	奇缺	1
qi chi da ru	奇耻大辱	1
qi hua yi hui	奇花异卉	1
qi hua yi cao	奇花异草	1
qi pa	奇葩	1
qi pa yi hui	奇葩异卉	1
qi xi	奇袭	1
qi zhuang yi fu	奇装异服	1
qi ji	奇计	1
qi gui	奇诡	1
qi tan	奇谈	1
qi tan guai lun	奇谈怪论	1
qi mou	奇谋	1
qi jue	奇谲	1
qi huo ke ju	奇货可居	1
qi qu	奇趣	1
qi men	奇门	1
qi men dun jia	奇门遁甲	1
qi wen	奇闻	1
ji ling	奇零	1
feng wei gui nie	奉为圭臬	1
feng wei kai mo	奉为楷模	1
feng wei zhi bao	奉为至宝	1
feng ling	奉令	1
feng ling cheng jiao	奉令承教	1
feng gong bu e	奉公不阿	1
feng gong zheng ji	奉公正己	1
feng zhao	奉召	1
feng tou shu cuan	奉头鼠窜	1
feng yang ren feng	奉扬仁风	1
feng jie	奉节	1
feng ruo shen ming	奉若神明	1
feng xing gu shi	奉行故事	1
feng diao	奉调	1
feng huan	奉还	1
fen bu gu ming	奋不顾命	1
fen yong dang xian	奋勇当先	1
fen fa	奋发	1
fen fa xiang shang	奋发向上	1
fen fa tu qiang	奋发图强	1
fen fa you wei	奋发有为	1
fen fa chuo li	奋发踔厉	1
fen fa dao li	奋发蹈厉	1
fen bi	奋臂	1
fen qi zhi zhui	奋起直追	1
fen shen bu gu	奋身不顾	1
kui ning	奎宁	1
zou yue	奏乐	1
zou zhe	奏折	1
zou ming qu	奏鸣曲	1
qi ka	契卡	1
qi you	契友	1
qi he jin lan	契合金兰	1
qi ju	契据	1
qi chuan qiu jian	契船求剑	1
qi ruo jin lan	契若金兰	1
ben sang	奔丧	1
ben lao	奔劳	1
ben ming	奔命	1
ben tou	奔头	1
ben tou er	奔头儿	1
ben mang	奔忙	1
ben xie	奔泻	1
ben liu	奔流	1
ben yong	奔涌	1
ben tu	奔突	1
ben cuan	奔窜	1
ben xi	奔袭	1
ben zou zhi you	奔走之友	1
ben zou hu hao	奔走呼号	1
ben zou ru shi	奔走如市	1
ben zou xiang gao	奔走相告	1
ben zou zuan ying	奔走钻营	1
ben yi jue chen	奔轶绝尘	1
ben tao	奔逃	1
ben zhu	奔逐	1
ben yi jue chen	奔逸绝尘	1
ben ma	奔马	1
ben shi	奔驶	1
jiang you fa lie	奖优罚劣	1
jiang qin fa lan	奖勤罚懒	1
jiang ye	奖掖	1
jiang fa fen ming	奖罚分明	1
tao zhong ren	套中人	1
tao kou gong	套口供	1
tao tou shan	套头衫	1
tao qu	套曲	1
tao fu	套服	1
tao piao	套票	1
tao zhong	套种	1
tao jian	套简	1
tao hong	套红	1
tao jie	套结	1
tao yu	套语	1
tao che	套车	1
tao jian	套间	1
xi luo	奚落	1
dian ji shi	奠基石	1
dian du	奠都	1
she chi lang fei	奢侈浪费	1
she xiang	奢想	1
she mi	奢糜	1
she tan	奢谈	1
she mi	奢靡	1
ao yi	奥义	1
ao lan	奥兰	1
ao bo	奥博	1
ao di li ren	奥地利人	1
ao di li di guo	奥地利帝国	1
ao miao wu qiong	奥妙无穷	1
ao yuan	奥援	1
ao yuan you ling	奥援有灵	1
ao si ka jiang	奥斯卡奖	1
ao si lu	奥斯陆	1
ao zhi	奥旨	1
ao lin pi ke yun dong hui	奥林匹克运动会	1
nv zhong zhang fu	女中丈夫	1
nv zhong yao shun	女中尧舜	1
nv zhong hao jie	女中豪杰	1
nv ren qi	女人气	1
nv ling	女伶	1
nv yong ren	女佣人	1
nv shi	女侍	1
nv er qiang	女儿墙	1
nv gong zi	女公子	1
nv ce suo	女厕所	1
nv shi	女史	1
nv qiang	女墙	1
nv da bu zhong liu	女大不中留	1
nv da shi ba bian	女大十八变	1
nv da dang jia	女大当嫁	1
nv da nan liu	女大难留	1
nv da xu jia	女大须嫁	1
nv nu	女奴	1
nv yao	女妖	1
nv wa bu tian	女娲补天	1
nv jia	女家	1
nv bin	女宾	1
nv jiang	女将	1
nv di	女弟	1
nv ban nan zhuang	女扮男装	1
nv zhao dai	女招待	1
nv quan	女权	1
nv xiao	女校	1
nv xiao zhang	女校长	1
nv qi	女气	1
nv liu	女流	1
nv jian	女监	1
nv xiang	女相	1
nv zhen	女真	1
nv juan	女眷	1
nv guan jia	女管家	1
nv gong	女红	1
nv zhi nan geng	女织男耕	1
nv neng ren	女能人	1
nv ku	女裤	1
nv jue	女角	1
nv mao lang cai	女貌郎才	1
nv zhen	女贞	1
nv che	女车	1
nv li nv qi	女里女气	1
nv zhang dang jia	女长当嫁	1
nv zhang xu jia	女长须嫁	1
nu pu	奴仆	1
nu hua	奴化	1
nu jia	奴家	1
nu li zhu	奴隶主	1
nu li zhu yi	奴隶主义	1
nu li she hui	奴隶社会	1
nu yan mei gu	奴颜媚骨	1
nai tang	奶糖	1
nai yang	奶羊	1
jian fu	奸夫	1
jian e	奸恶	1
jian xie	奸邪	1
hao yi hui er	好一会儿	1
hao yi zhen	好一阵	1
hao dan fei su	好丹非素	1
hao wei shi duan	好为事端	1
hao wei ren shi	好为人师	1
hao le chuang ba wang le tong	好了疮疤忘了痛	1
hao shi zhi tu	好事之徒	1
hao shi duo qian	好事多悭	1
hao shi duo mo	好事多磨	1
hao shi tian qian	好事天悭	1
hao shi zhe	好事者	1
hao ren zhu yi	好人主义	1
hao ren jia	好人家	1
hao yi wu lao	好佚恶劳	1
hao er	好儿	1
hao zhao tou	好兆头	1
hao yong dou hen	好勇斗狠	1
hao gu	好古	1
hao chi hao he	好吃好喝	1
hao chi lan zuo	好吃懒做	1
hao chui niu	好吹牛	1
hao shan le shi	好善乐施	1
hao shan ji e	好善嫉恶	1
hao shan wu e	好善恶恶	1
hao sheng hao qi	好声好气	1
hao chu fei	好处费	1
hao da xi gong	好大喜功	1
hao tian er	好天儿	1
hao tian liang ye	好天良夜	1
hao tou	好头	1
hao qi shang yi	好奇尚异	1
hao nv bu chuan jia shi yi	好女不穿嫁时衣	1
hao hao er	好好儿	1
hao hao xian sheng	好好先生	1
hao xue bu juan	好学不倦	1
hao jia huo	好家伙	1
hao shang	好尚	1
hao de hen	好得很	1
hao xin zuo le lv gan fei	好心做了驴肝肺	1
hao xin hao yi	好心好意	1
hao wu	好恶	1
hao e bu tong	好恶不同	1
hao re	好惹	1
hao dong	好懂	1
hao zhan	好战	1
hao zhan fen zi	好战分子	1
hao dai gao mao	好戴高帽	1
hao zheng yi xia	好整以暇	1
hao dou	好斗	1
hao jing	好景	1
hao jing bu chang	好景不常	1
hao jing bu chang	好景不长	1
hao wang jiao	好望角	1
hao lai hao qu	好来好去	1
hao ji le	好极了	1
hao yang er de	好样儿的	1
hao meng bu chang	好梦不长	1
hao meng nan yuan	好梦难圆	1
hao meng nan cheng	好梦难成	1
hao mo hao yang	好模好样	1
hao qi	好气	1
hao han bu chi yan qian kui	好汉不吃眼前亏	1
hao wan er	好玩儿	1
hao sheng zhi de	好生之德	1
hao li hao san	好离好散	1
hao guan xian shi	好管闲事	1
hao rou wan chuang	好肉剜疮	1
hao sheng	好胜	1
hao lian	好脸	1
hao zi wei zhi	好自为之	1
hao se zhi tu	好色之徒	1
hao xing xiao hui	好行小惠	1
hao xing xiao hui	好行小慧	1
hao yan	好言	1
hao yan hao yu	好言好语	1
hao yu si zhu	好语似珠	1
hao yu ru zhu	好语如珠	1
hao shuo dai shuo	好说歹说	1
hao shuo hua	好说话	1
hao du shu	好读书	1
hao mou shan duan	好谋善断	1
hao lai	好赖	1
hao zou	好走	1
hao shen shou	好身手	1
hao bian	好辩	1
hao yi wu lao	好逸恶劳	1
hao jiu tan bei	好酒贪杯	1
hao wen	好问	1
hao wen jue yi	好问决疑	1
hao wen ze yu	好问则裕	1
hao wen	好闻	1
hao qi zhe duo	好骑者堕	1
hao gao wu yuan	好高务远	1
hao gao wu yuan	好高骛远	1
hao gao wu yuan	好高鹜远	1
ru bu sheng yi	如不胜衣	1
ru sang kao bi	如丧考妣	1
ru lin da di	如临大敌	1
ru zhi nai he	如之奈何	1
ru xiong ru di	如兄如弟	1
ru qi	如其	1
ru qie ru cuo	如切如磋	1
ru qian suo shu	如前所述	1
ru zuo chun feng	如坐春风	1
ru duo wu li wu zhong	如堕五里雾中	1
ru duo yan hai	如堕烟海	1
ru duo yan wu	如堕烟雾	1
ru lv ping di	如履平地	1
ru lv bo bing	如履薄冰	1
ru shan ya luan	如山压卵	1
ru ying si xiang	如应斯响	1
ru di	如弟	1
ru shi di jie	如拾地芥	1
ru chi zuo quan	如持左券	1
ru zhen luo ye	如振落叶	1
ru cao zuo quan	如操左券	1
ru shu	如数	1
ru shu jia zhen	如数家珍	1
ru wu qi shi	如无其事	1
ru ri fang zhong	如日方中	1
ru you suo shi	如有所失	1
ru lai fo	如来佛	1
ru meng chu jue	如梦初觉	1
ru ci shuo lai	如此说来	1
ru shui tou shi	如水投石	1
ru tang wo xue	如汤沃雪	1
ru tang po xue	如汤泼雪	1
ru tang jiao xue	如汤浇雪	1
ru tang guan xue	如汤灌雪	1
ru fa pao zhi	如法泡制	1
ru fa pao zhi	如法炮制	1
ru qi cao jie	如泣草芥	1
ru huo liao yuan	如火燎原	1
ru niu fu zhong	如牛负重	1
ru lang si hu	如狼似虎	1
ru lang mu yang	如狼牧羊	1
ru chi si zui	如痴似醉	1
ru deng chun tai	如登春台	1
ru shi tou shui	如石投水	1
ru jiao si qi	如胶似漆	1
ru bi shi zhi	如臂使指	1
ru mang ci bei	如芒刺背	1
ru mang zai bei	如芒在背	1
ru hua si yue	如花似月	1
ru hua si duo	如花似朵	1
ru hua si yu	如花似玉	1
ru hua si jin	如花似锦	1
ru hu de yi	如虎得翼	1
ru yi mu shan	如蚁慕膻	1
ru yi fu shan	如蚁附膻	1
ru ying zhu chou	如蝇逐臭	1
ru jian fei gan	如见肺肝	1
ru jie dao xuan	如解倒悬	1
ru xu	如许	1
ru dao tang huo	如蹈汤火	1
ru shi zhong fu	如释重负	1
ru zhui hua sha	如锥画沙	1
ru feng guo er	如风过耳	1
ru ji si ke	如饥似渴	1
ru yin ti hu	如饮醍醐	1
ru yu si shui	如鱼似水	1
ru niao shou san	如鸟兽散	1
ru long si hu	如龙似虎	1
fei pin	妃嫔	1
wang wei	妄为	1
wang jia	妄加	1
wang cheng	妄称	1
wang zi zun da	妄自尊大	1
wang zi fei bo	妄自菲薄	1
wang yu	妄语	1
wang shuo	妄说	1
zhuang mo zuo yang	妆模作样	1
zhuang long zuo ya	妆聋做哑	1
fu chan	妇产	1
fu nv bing	妇女病	1
fu nv jie	妇女节	1
fu nv yun dong	妇女运动	1
fu gu bo xi	妇姑勃溪	1
fu gu bo xi	妇姑勃谿	1
fu ying	妇婴	1
fu ru jie zhi	妇孺皆知	1
fu di	妇弟	1
fu dao ren jia	妇道人家	1
yan li	妍丽	1
yan chi hao e	妍蚩好恶	1
du neng hai xian	妒能害贤	1
du xian ji neng	妒贤嫉能	1
du xian ji neng	妒贤疾能	1
yao bu sheng de	妖不胜德	1
yao nv	妖女	1
yao shu	妖术	1
yao you ren xing	妖由人兴	1
yao feng	妖风	1
jin zi	妗子	1
miao bu ke yan	妙不可言	1
miao ju	妙句	1
miao chu	妙处	1
miao chu bu chuan	妙处不传	1
miao shou ou de	妙手偶得	1
miao shou kong kong	妙手空空	1
miao zhao	妙着	1
miao yan yao dao	妙言要道	1
miao lun	妙论	1
miao yu	妙语	1
miao yu jing ren	妙语惊人	1
miao yu jie fan	妙语解烦	1
miao yu jie yi	妙语解颐	1
miao yu lian zhu	妙语连珠	1
miao qu	妙趣	1
miao qu heng sheng	妙趣横生	1
miao ling nv zi	妙龄女子	1
niu er	妞儿	1
niu zi	妞子	1
tuo tie	妥帖	1
tuo shou tie er	妥首帖耳	1
fang shi	妨事	1
fang gong hai neng	妨功害能	1
zhou li	妯娌	1
qi er lao xiao	妻儿老小	1
qi er lao shao	妻儿老少	1
qi nu	妻孥	1
qi shi	妻室	1
qi xiao	妻小	1
qi di	妻弟	1
qi mei zi he	妻梅子鹤	1
qi li zi san	妻离子散	1
qi jiu	妻舅	1
qi rong fu gui	妻荣夫贵	1
zi fu	姊夫	1
shi chuang	始创	1
shi fa zhan	始发站	1
shi yuan bu ji ci	始愿不及此	1
shi zhong bu xie	始终不懈	1
shi zhong bu yi	始终不易	1
shi zhong bu yu	始终不渝	1
shi zhong ruo yi	始终若一	1
gu fu	姑夫	1
gu niang jia	姑娘家	1
gu ye shen ren	姑射神人	1
gu xi	姑洗	1
gu zhi wu lun	姑置勿论	1
gu su	姑苏	1
xing qiu	姓仇	1
xing ren	姓任	1
xing guan	姓冠	1
xing gan	姓干	1
xing xie	姓解	1
wei yi	委以	1
wei ren zhuang	委任状	1
wei jue bu xia	委决不下	1
wei pei	委培	1
wei wei tuo tuo	委委佗佗	1
wei shi	委实	1
wei qu	委曲	1
wei qu cheng quan	委曲成全	1
wei qu qiu quan	委曲求全	1
wei suo	委琐	1
wei zui	委罪	1
wei zui yu ren	委罪于人	1
wei rou hu xi	委肉虎蹊	1
wei yi	委蛇	1
wei shen	委身	1
wei guo yu ren	委过于人	1
wei zhong tou jian	委重投艰	1
wei mi	委靡	1
wei mi bu zhen	委靡不振	1
wei dun	委顿	1
shan shan lai chi	姗姗来迟	1
pin fu	姘夫	1
pin tou	姘头	1
jiang tang	姜汤	1
jiao li	姣丽	1
jiao hao	姣好	1
jiao mei	姣美	1
yi lao lao	姨姥姥	1
yi fu	姨父	1
kua rong xiu tai	姱容修态	1
cha zi yan hong	姹紫嫣红	1
yin qin	姻亲	1
zi yi wang wei	姿意妄为	1
wei xin sao di	威信扫地	1
wei he	威吓	1
wei wang su zhu	威望素著	1
wei wu bu qu	威武不屈	1
wei xie xing	威胁性	1
wei po	威迫	1
wei po li you	威迫利诱	1
wei zhong ling xing	威重令行	1
wei feng ba mian	威风八面	1
wei feng lin lin	威风凛凛	1
wei feng sao di	威风扫地	1
wei feng xiang lin	威风祥麟	1
wa wa qin	娃娃亲	1
jiao hao	娇好	1
jiao rao	娇娆	1
jiao zong	娇纵	1
ping ting e nuo	娉婷婀娜	1
ping ting niao nuo	娉婷袅娜	1
wei wei bu juan	娓娓不倦	1
niang qin	娘亲	1
niang men er	娘们儿	1
juan hao jing xiu	娟好静秀	1
yu le ting	娱乐厅	1
yu le chang	娱乐场	1
yu le cheng	娱乐城	1
yu le pin dao	娱乐频道	1
yu qi nong zi	娱妻弄子	1
qu xi fu er	娶媳妇儿	1
e nuo duo zi	婀娜多姿	1
wan quan	婉劝	1
wan xie	婉谢	1
hun sang	婚丧	1
hun sang xi qing	婚丧喜庆	1
hun su	婚俗	1
hun jia	婚假	1
hun wai yun	婚外孕	1
hun yu	婚育	1
hun ling	婚龄	1
bi zuo fu ren	婢作夫人	1
bi nv	婢女	1
chan yuan	婵媛	1
shen er	婶儿	1
mei he	媒合	1
mei gu	媚骨	1
xi fu er	媳妇儿	1
gou he	媾合	1
gou he	媾和	1
sao fu ren	嫂夫人	1
sao ni shu yuan	嫂溺叔援	1
ji e ru chou	嫉恶如仇	1
ji e ruo chou	嫉恶若仇	1
ji xian du neng	嫉贤妒能	1
ji xian du neng	嫉闲妒能	1
xian hao dao e	嫌好道恶	1
xian hao dao qian	嫌好道歉	1
xian hao dao dai	嫌好道歹	1
xian wu	嫌恶	1
xian fan	嫌烦	1
xian yi fan	嫌疑犯	1
xian chang dao duan	嫌长道短	1
pin fei	嫔妃	1
piao su	嫖宿	1
man zi	嫚子	1
li bu xu wei	嫠不恤纬	1
di qin	嫡亲	1
di chuan	嫡传	1
di zi	嫡子	1
di sun	嫡孙	1
di xi	嫡系	1
di zhang zi	嫡长子	1
yan ran yi xiao	嫣然一笑	1
yan hong	嫣红	1
yan hong cha zi	嫣红姹紫	1
nen ruo	嫩弱	1
nen zhi	嫩枝	1
nen hua	嫩滑	1
nen bai	嫩白	1
nen hong	嫩红	1
nen lv	嫩绿	1
ying jian mai qiao	嬴奸买俏	1
shuang qi ruo zi	孀妻弱子	1
zi wei fu yin	子为父隐	1
zi ju	子句	1
zi ye	子叶	1
zi nang	子囊	1
zi nv yu bo	子女玉帛	1
zi zi sun sun	子子孙孙	1
zi xiao fu ci	子孝父慈	1
zi di bing	子弟兵	1
zi mu dan	子母弹	1
zi chu	子畜	1
zi xu wu you	子虚乌有	1
kong xi bu nuan	孔席不暖	1
kong xi bu shi	孔席不适	1
kong si zhou qing	孔思周情	1
kong qing zhou si	孔情周思	1
kong jiao	孔教	1
kong wu you li	孔武有力	1
kong que shi	孔雀石	1
kong que lv	孔雀绿	1
kong que wu	孔雀舞	1
kong que lan	孔雀蓝	1
yun tu	孕吐	1
zi tie	字帖	1
zi tie er	字帖儿	1
zi ju	字据	1
zi zhen ju zhuo	字斟句酌	1
zi mu	字模	1
zi zheng qiang yuan	字正腔圆	1
zi yan er	字眼儿	1
zi diao	字调	1
zi shun wen cong	字顺文从	1
cun shi	存世	1
cun wang an wei	存亡安危	1
cun wang wei bu	存亡未卜	1
cun wang jue xu	存亡绝续	1
cun wang ji jue	存亡继绝	1
cun wang xu jue	存亡续绝	1
cun di	存底	1
cun xin bu liang	存心不良	1
cun qi	存期	1
cun cha	存查	1
cun kuan dan	存款单	1
cun yi	存疑	1
cun er bu lun	存而不论	1
cun che	存车	1
cun che chu	存车处	1
cun shi	存食	1
sun er	孙儿	1
sun wu	孙吴	1
sun nv xu	孙女婿	1
sun xi fu	孙媳妇	1
sun pang dou zhi	孙庞斗智	1
sun kang ying xue	孙康映雪	1
fu yin pang da	孚尹旁达	1
zi zi bu dai	孜孜不怠	1
zi zi bu xie	孜孜不懈	1
zi zi bu chuo	孜孜不辍	1
xiao nv	孝女	1
xiao zi ci sun	孝子慈孙	1
xiao zi xian sun	孝子贤孙	1
xiao zi shun sun	孝子顺孙	1
xiao di	孝弟	1
xiao si bu kui	孝思不匮	1
xiao ti zhong xin	孝悌忠信	1
xiao fu	孝服	1
xiao xing	孝行	1
meng shi wei ke	孟什维克	1
meng jia la guo	孟加拉国	1
ji you bo xiong	季友伯兄	1
ji sun zhi you	季孙之忧	1
ji meng zhi jian	季孟之间	1
ji fu	季父	1
ji jie gong	季节工	1
ji feng qi hou	季风气候	1
gu ao bu qun	孤傲不群	1
gu er gua mu	孤儿寡母	1
gu dan yi ren	孤单一人	1
gu nv	孤女	1
gu jia gua ren	孤家寡人	1
gu lv wei xing	孤履危行	1
gu feng	孤峰	1
gu zhang nan ming	孤掌难鸣	1
gu wen zhi yi	孤文只义	1
gu wen duan ju	孤文断句	1
gu zhu yi zhi	孤注一掷	1
gu du guan gua	孤独矜寡	1
gu li gua yu	孤立寡与	1
gu li wu zhu	孤立无助	1
gu ku ling ding	孤苦零丁	1
gu xing	孤行	1
gu xing yi yi	孤行一意	1
gu xing ji yi	孤行己意	1
gu xing ji jian	孤行己见	1
gu shen zhi ying	孤身只影	1
gu ci sheng zhi	孤雌生殖	1
xue fen zhi	学分制	1
xue qian jiao yu	学前教育	1
xue ru bu ji	学如不及	1
xue ru deng shan	学如登山	1
xue fu wu che	学富五车	1
xue you zhuan chang	学有专长	1
xue shu xing	学术性	1
xue gun	学棍	1
xue qian cai shu	学浅才疏	1
xue shu cai qian	学疏才浅	1
xue jian	学监	1
xue she	学社	1
xue jiu qi	学究气	1
xue xi	学系	1
xue er bu yan	学而不厌	1
xue shi yuan bo	学识渊博	1
xue guan zhong xi	学贯中西	1
hai zi tou	孩子头	1
hai zi tou er	孩子头儿	1
hai zi wang	孩子王	1
hai ti	孩提	1
nao zhong	孬种	1
chan ruo	孱弱	1
zi zi bu juan	孳孳不倦	1
zi man nan tu	孳蔓难图	1
ru zi ke jiao	孺子可教	1
nie zhong	孽种	1
nie zhang zhong zi	孽障种子	1
ning wei yu sui	宁为玉碎	1
ning nan	宁南	1
ning an	宁安	1
ning tie	宁帖	1
ning zhe bu wan	宁折不弯	1
ning ri	宁日	1
ning qu wu zhe	宁曲勿折	1
ning si bu qu	宁死不屈	1
ning si bu ru	宁死不辱	1
ning que wu lan	宁缺勿滥	1
ning que wu lan	宁缺毋滥	1
ning mi	宁谧	1
ning jing	宁靖	1
ning xin er	宁馨儿	1
ta shan zhi shi	它山之石	1
zhai zhong tu da	宅中图大	1
zhai di	宅地	1
zhai di	宅邸	1
yu nei	宇内	1
yu zhou kong jian	宇宙空间	1
yu zhou guan	宇宙观	1
yu zhou su du	宇宙速度	1
shou sang	守丧	1
shou xian dai hou	守先待后	1
shou fen	守分	1
shou fen an chang	守分安常	1
shou tu you ze	守土有责	1
shou mu	守墓	1
shou jiang	守将	1
shou tan zi	守摊子	1
shou lei	守擂	1
shou wang xiang zhu	守望相助	1
shou ben fen	守本分	1
shou zhu dai tu	守株待兔	1
shou zheng bu hui	守正不回	1
shou zheng bu nao	守正不挠	1
shou zheng bu rao	守正不桡	1
shou zheng bu e	守正不阿	1
shou yue	守约	1
shou yue shi bo	守约施搏	1
shou jie	守节	1
shou jie bu yi	守节不移	1
shou che	守车	1
shou que bao can	守阙抱残	1
an shang	安上	1
an bu wang wei	安不忘危	1
an zhi ruo ming	安之若命	1
an zhi ruo su	安之若素	1
an le yi	安乐椅	1
an le wo	安乐窝	1
an yu pan shi	安于盘石	1
an fen shou ji	安份守己	1
an quan li shi hui	安全理事会	1
an quan dian ya	安全电压	1
an quan xi shu	安全系数	1
an nei rang wai	安内攘外	1
an fen shou ji	安分守己	1
an fen zhi zu	安分知足	1
an wei yu gong	安危与共	1
an wei xiang yi	安危相易	1
an guo ning jia	安国宁家	1
an tu le ye	安土乐业	1
an tu zhong ju	安土重居	1
an tu zhong jiu	安土重旧	1
an tu zhong qian	安土重迁	1
an gui la dao	安圭拉岛	1
an zuo dai bi	安坐待毙	1
an du le ye	安堵乐业	1
an ru pan shi	安如磐石	1
an zhai zheng lu	安宅正路	1
an ding tuan jie	安定团结	1
an shi li chu	安室利处	1
an jia le ye	安家乐业	1
an jia li ye	安家立业	1
an jia luo hu	安家落户	1
an jia fei	安家费	1
an chang chu shun	安常处顺	1
an chang shou fen	安常守分	1
an du	安度	1
an xin le ye	安心乐业	1
an xin le yi	安心乐意	1
an xin luo yi	安心落意	1
an ren wu qin	安忍无亲	1
an da	安打	1
an la	安拉	1
an gu zhong qian	安故重迁	1
an shi chu shun	安时处顺	1
an bu dang che	安步当车	1
an sheng le ye	安生乐业	1
an sheng fu ye	安生服业	1
an lao huai shao	安老怀少	1
an liang chu bao	安良除暴	1
an ruo tai shan	安若泰山	1
an ying zha zhai	安营扎寨	1
an pin le jian	安贫乐贱	1
an pin le dao	安贫乐道	1
an shen wei le	安身为乐	1
an shen zhi di	安身之地	1
an shen zhi chu	安身之处	1
an shen le ye	安身乐业	1
an che pu lun	安车蒲轮	1
an xian zi de	安闲自得	1
an hun qu	安魂曲	1
song ti zi	宋体字	1
song jin lu xue	宋斤鲁削	1
wan shi da ji	完事大吉	1
wan ming quan jie	完名全节	1
wan hao wu que	完好无缺	1
wan bai	完败	1
hong li	宏丽	1
hong tu da zhi	宏图大志	1
hong cai da lve	宏才大略	1
hong cai da lve	宏材大略	1
hong guan shi jie	宏观世界	1
hong guan jing ji xue	宏观经济学	1
hong lun	宏论	1
hong liang	宏量	1
zong qin	宗亲	1
zong yang	宗仰	1
zong jiao jie	宗教界	1
guan le	官了	1
guan jia	官价	1
guan dao	官倒	1
guan di	官地	1
guan chang ru xi	官场如戏	1
guan chang xian xing ji	官场现形记	1
guan guan xiang wei	官官相为	1
guan guan xiang wei	官官相卫	1
guan guan xiang hu	官官相护	1
guan jia	官家	1
guan chai	官差	1
guan qing zhi bao	官情纸薄	1
guan bao si chou	官报私仇	1
guan fu	官服	1
guan ben wei	官本位	1
guan xiao	官校	1
guan zhi shen xing	官止神行	1
guan cheng	官称	1
guan neng	官能	1
guan neng tuan	官能团	1
guan neng zheng	官能症	1
guan yun heng tong	官运亨通	1
guan zhang	官长	1
guan feng	官风	1
ding luan fu shuai	定乱扶衰	1
ding chan	定产	1
ding qin	定亲	1
ding guan ci	定冠词	1
ding ming wei	定名为	1
ding xiang sheng	定向生	1
ding yuan	定员	1
ding chang bai	定场白	1
ding chang shi	定场诗	1
ding dang	定当	1
ding xing fen xi	定性分析	1
ding shu	定数	1
ding shi zha dan	定时炸弹	1
ding hua lun	定滑轮	1
ding jian	定见	1
ding yu	定语	1
ding shuo	定说	1
ding diao	定调	1
ding diao zi	定调子	1
ding huo dan	定货单	1
ding yuan	定远	1
ding du	定都	1
ding liang fen xi	定量分析	1
ding xiang	定项	1
wan si	宛似	1
wan ran	宛然	1
wan zhuan	宛转	1
wan zhuan you yang	宛转悠扬	1
wan zhuan e mei	宛转蛾眉	1
yi shi yi jia	宜室宜家	1
yi jia yi shi	宜家宜室	1
bao dao bu lao	宝刀不老	1
bao cha	宝刹	1
bao hao	宝号	1
bao di	宝坻	1
bao shan kong hui	宝山空回	1
bao ying	宝应	1
bao gai er	宝盖儿	1
bao gai tou	宝盖头	1
bao bei ge da	宝贝疙瘩	1
bao ma xiang che	宝马香车	1
shi yu you li	实与有力	1
shi ye jia	实业家	1
shi jia	实价	1
shi ti ci	实体词	1
shi bi chu ci	实偪处此	1
shi chu	实处	1
shi dan	实弹	1
shi da shi	实打实	1
shi ju	实据	1
shi shu	实数	1
shi you	实有	1
shi wu di zu	实物地租	1
shi xiang	实相	1
shi fan you tu	实繁有徒	1
shi luo	实落	1
shi fan you tu	实蕃有徒	1
shi yan xiang gao	实言相告	1
shi shuo	实说	1
shi bi chu ci	实逼处此	1
chong xin	宠信	1
chong ru bu jing	宠辱不惊	1
chong ru ruo jing	宠辱若惊	1
shen ji du shi	审几度势	1
shen pan yuan	审判员	1
shen pan zhang	审判长	1
shen chu	审处	1
shen ji duo ren	审己度人	1
shen gan	审干	1
shen duo	审度	1
shen shi duo shi	审时度势	1
shen qu mian shi	审曲面势	1
shen qu mian shi	审曲面埶	1
shen jiao	审校	1
shen kan	审看	1
shen jie	审结	1
shen ji shi	审计师	1
shen ping	审评	1
shen du	审读	1
shen ti	审题	1
ke jia fang yan	客家方言	1
ke jia hua	客家话	1
ke zuo jiao shou	客座教授	1
ke guan shang	客观上	1
ke guan wei xin zhu yi	客观唯心主义	1
ke yun duan	客运段	1
ke li kong	客里空	1
xuan chuan pin	宣传品	1
xuan chuan dan	宣传弹	1
xuan chuan hua	宣传画	1
xuan chuan dui	宣传队	1
xuan hua	宣化	1
xuan hua cheng liu	宣化承流	1
xuan zhao	宣召	1
xuan yan shu	宣言书	1
shi nv	室女	1
shi ru xian qing	室如县罄	1
shi er ren yuan	室迩人远	1
huan hai feng bo	宦海风波	1
gong shan	宫扇	1
gong ye	宫掖	1
gong jin	宫禁	1
gong diao	宫调	1
gong che yan jia	宫车晏驾	1
gong yan	宫阉	1
gong que	宫阙	1
zai sheng jie	宰牲节	1
zai xiang du li hao cheng chuan	宰相肚里好撑船	1
zai ji jiao hou	宰鸡教猴	1
hai ren bu qian	害人不浅	1
hai sao	害臊	1
yan le	宴乐	1
yan an dan du	宴安酖毒	1
yan an jiu du	宴安鸠毒	1
yan an zhen du	宴安鸩毒	1
xiao gan	宵旰	1
xiao gan tu zhi	宵旰图治	1
xiao gan you lao	宵旰忧劳	1
xiao gan you qin	宵旰忧勤	1
xiao gan jiao lao	宵旰焦劳	1
xiao jin	宵禁	1
xiao yi gan shi	宵衣旰食	1
xiao yu chui hua	宵鱼垂化	1
jia chou	家丑	1
jia chou bu ke wai yang	家丑不可外扬	1
jia chou bu ke wai tan	家丑不可外谈	1
jia ye	家业	1
jia yan	家严	1
jia shu	家书	1
jia shu di wan jin	家书抵万金	1
jia wang guo po	家亡国破	1
jia shi	家什	1
jia pu	家仆	1
jia chou	家仇	1
jia chuan	家传	1
jia chuan ren song	家传人诵	1
jia chuan hu song	家传户诵	1
jia chuan hu song	家传户颂	1
jia xin	家信	1
jia ju	家俱	1
jia xiong	家兄	1
jia tu	家兔	1
jia wu shi	家务事	1
jia wu huo	家务活	1
jia fan zhai luan	家反宅乱	1
jia kou	家口	1
jia shi	家史	1
jia yu hu xi	家喻户习	1
jia shu	家塾	1
jia da ye da	家大业大	1
jia tian xia	家天下	1
jia nu	家奴	1
jia zi	家姊	1
jia gu	家姑	1
jia xue	家学	1
jia xue yuan yuan	家学渊源	1
jia zhai	家宅	1
jia shi	家室	1
jia yan	家宴	1
jia jia you ben nan nian de jing	家家有本难念的经	1
jia jiang	家将	1
jia xiao	家小	1
jia chang cha fan	家常茶饭	1
jia chang hua	家常话	1
jia chang li duan	家常里短	1
jia chang fan	家常饭	1
jia di er	家底儿	1
jia ting fu ye	家庭副业	1
jia ting fu nv	家庭妇女	1
jia ting jiao shi	家庭教师	1
jia ting fu wu yuan	家庭服务员	1
jia ting bing chuang	家庭病床	1
jia di	家弟	1
jia xian hu song	家弦户诵	1
jia tu si bi	家徒四壁	1
jia tu bi li	家徒壁立	1
jia ci	家慈	1
jia cheng ye jiu	家成业就	1
jia san ren wang	家散人亡	1
jia wu er zhu	家无二主	1
jia wu dan shi	家无儋石	1
jia wu chang li	家无常礼	1
jia wu dan shi	家无担石	1
jia wu dou chu	家无斗储	1
jia jing	家景	1
jia yin ren zu	家殷人足	1
jia mu	家母	1
jia fa	家法	1
jia fan zhai luan	家烦宅乱	1
jia yan	家燕	1
jia fu	家父	1
jia zhen	家珍	1
jia juan	家眷	1
jia po ren wang	家破人亡	1
jia po ren li	家破人离	1
jia po shen wang	家破身亡	1
jia ci	家祠	1
jia ji	家祭	1
jia zhong	家种	1
jia tong	家童	1
jia xi	家系	1
jia lei	家累	1
jia lei qian jin	家累千金	1
jia ji ren zu	家给人足	1
jia ji hu zu	家给户足	1
jia ji min zu	家给民足	1
jia weng	家翁	1
jia fan zhai luan	家翻宅乱	1
jia chen	家臣	1
jia zhi ren shuo	家至人说	1
jia zhi hu dao	家至户到	1
jia zhi hu cha	家至户察	1
jia zhi hu xiao	家至户晓	1
jia cang hu you	家藏户有	1
jia can	家蚕	1
jia ying	家蝇	1
jia jian hu shuo	家见户说	1
jia gui	家规	1
jia ji	家计	1
jia xun	家训	1
jia yu hu xiao	家谕户晓	1
jia cai	家财	1
jia bai ren wang	家败人亡	1
jia pin qin lao	家贫亲老	1
jia pin ru xi	家贫如洗	1
jia zei	家贼	1
jia zei nan fang	家贼难防	1
jia zi	家资	1
jia dao	家道	1
jia dao zhong luo	家道中落	1
jia dao cong rong	家道从容	1
jia dao xiao kang	家道小康	1
jia dao xiao fa	家道消乏	1
jia niang	家酿	1
jia zhang zhi	家长制	1
jia zhang xue xiao	家长学校	1
jia chang li duan	家长礼短	1
jia chang li duan	家长里短	1
jia yuan	家院	1
jia qiao	家雀	1
jia qiao er	家雀儿	1
jia feng	家风	1
jia ji ren bi	家骥人璧	1
jia ji	家鸡	1
jia ji ye zhi	家鸡野雉	1
jia ji ye wu	家鸡野鹜	1
jia ge	家鸽	1
jia shu	家鼠	1
rong guang huan fa	容光焕发	1
rong tou guo shen	容头过身	1
rong xi zhi di	容膝之地	1
kuan ren da du	宽仁大度	1
kuan yi dai ren	宽以待人	1
kuan ti	宽体	1
kuan jia	宽假	1
kuan he	宽和	1
kuan da wei huai	宽大为怀	1
kuan hong da du	宽宏大度	1
kuan hong da liang	宽宏大量	1
kuan dai	宽待	1
kuan huai da du	宽怀大度	1
kuan da zhai yong	宽打窄用	1
kuan hong da du	宽洪大度	1
kuan hong da liang	宽洪大量	1
kuan hong hai liang	宽洪海量	1
kuan meng bing ji	宽猛并济	1
kuan meng xiang ji	宽猛相济	1
kuan chuo	宽绰	1
kuan jie	宽解	1
kuan huo da du	宽豁大度	1
kuan yin mu	宽银幕	1
bin cong	宾从	1
bin fu	宾服	1
su xue jiu ru	宿学旧儒	1
su jiang	宿将	1
su bi yi qing	宿弊一清	1
xiu shui can feng	宿水飡风	1
xiu shui can feng	宿水餐风	1
xiu yu can feng	宿雨餐风	1
ji tian mo di	寂天寞地	1
ji ran bu dong	寂然不动	1
ji ruo wu ren	寂若无人	1
ji xing yu qing	寄兴寓情	1
ji su zhi	寄宿制	1
ji zeng	寄赠	1
ji yan chuan shu	寄雁传书	1
mi bu tong feng	密不通风	1
mi yun bu yu	密云不雨	1
mi fa	密发	1
mi feng quan	密封圈	1
mi feng tiao	密封条	1
mi ma xiang	密码箱	1
mi yue tou qi	密约偷期	1
mi ji	密级	1
mi yu	密语	1
fu li	富丽	1
fu li tang huang	富丽堂皇	1
fu ke di guo	富可敌国	1
fu shang da gu	富商大贾	1
fu shang ju gu	富商巨贾	1
fu shang xu jia	富商蓄贾	1
fu guo qiang bing	富国强兵	1
fu guo qiang min	富国强民	1
fu guo qiang bing	富国彊兵	1
fu zai zhi zu	富在知足	1
fu lie wang hou	富埒王侯	1
fu shi da jia	富室大家	1
fu jia da shi	富家大室	1
fu jia ju shi	富家巨室	1
fu fu you yu	富富有余	1
fu qiang fen	富强粉	1
fu ying yang hua	富营养化	1
fu yu zhong nong	富裕中农	1
fu gui bu yin	富贵不淫	1
fu gui bu neng yin	富贵不能淫	1
fu gui rong hua	富贵荣华	1
fu gu	富贾	1
fu li wan gu	富轹万古	1
han chen	寒伧	1
han dong la yue	寒冬腊月	1
han liang	寒凉	1
han hao	寒号	1
han mu chun hua	寒木春华	1
han wu ji	寒武纪	1
han quan zhi si	寒泉之思	1
han hui geng ran	寒灰更然	1
han zheng	寒症	1
han chen	寒碜	1
han fu duan shi	寒腹短识	1
han she	寒舍	1
han hua wan jie	寒花晚节	1
han chan qi qie	寒蝉凄切	1
han suan xiang	寒酸相	1
han suan luo po	寒酸落魄	1
han lu	寒露	1
han zhan	寒颤	1
han feng qin ji	寒风侵肌	1
han shi	寒食	1
yu yu	寓于	1
yu qing yu jing	寓情于景	1
yu yi shen yuan	寓意深远	1
yu yi shen chang	寓意深长	1
qin bu an xi	寝不安席	1
qin bu cheng mei	寝不成寐	1
qin bu liao mei	寝不聊寐	1
qin guan pu kuang	寝关曝纩	1
qin pi shi rou	寝皮食肉	1
qin shan zhen tu	寝苫枕土	1
qin shan zhen kuai	寝苫枕块	1
qin shan zhen gan	寝苫枕干	1
qin shan zhen ge	寝苫枕戈	1
qin shan zhen cao	寝苫枕草	1
qin che	寝车	1
qin shi	寝食	1
qin shi bu an	寝食不安	1
qin shi ju fei	寝食俱废	1
cha jin zhi gu	察今知古	1
cha cha wei ming	察察为明	1
cha ji zhi ren	察己知人	1
cha jian yuan yu	察见渊鱼	1
cha yan guan se	察言观色	1
cha yan guan xing	察言观行	1
cha yan guan se	察颜观色	1
gua bu di zhong	寡不敌众	1
gua bu sheng zhong	寡不胜众	1
gua er shao shuang	寡二少双	1
gua xin qing nuo	寡信轻诺	1
gua fu dan hu	寡凫单鹄	1
gua he	寡合	1
gua tou zheng zhi	寡头政治	1
gua qi	寡妻	1
gua lian xian chi	寡廉鲜耻	1
gua qing bao yi	寡情薄意	1
gua jian shao wen	寡见少闻	1
gua jian xian wen	寡见鲜闻	1
gua wen shao jian	寡闻少见	1
liao liao ke shu	寥寥可数	1
liao liao shu yu	寥寥数语	1
liao ruo chen xing	寥若晨星	1
liao luo	寥落	1
cun si bu gua	寸丝不挂	1
cun bing chi tie	寸兵尺铁	1
cun li bi de	寸利必得	1
cun jin er	寸劲儿	1
cun shan pian chang	寸善片长	1
cun tu bu rang	寸土不让	1
cun tu chi di	寸土尺地	1
cun tu chi jin	寸土尺金	1
cun di chi tian	寸地尺天	1
cun tou	寸头	1
cun you suo chang	寸有所长	1
cun kai	寸楷	1
cun bu bu li	寸步不离	1
cun bu bu rang	寸步不让	1
cun bu nan yi	寸步难移	1
cun bu nan xing	寸步难行	1
cun tian chi zhai	寸田尺宅	1
cun nan chi nv	寸男尺女	1
cun ji zhu lei	寸积铢累	1
cun cao bu sheng	寸草不生	1
cun cao bu liu	寸草不留	1
cun cao xian jie	寸草衔结	1
cun ti chi jian	寸蹄尺缣	1
cun jin chi tui	寸进尺退	1
cun liang zhu cheng	寸量铢称	1
cun chang chi ji	寸长尺技	1
cun chang chi duan	寸长尺短	1
cun chang pian shan	寸长片善	1
cun yin chi bi	寸阴尺璧	1
cun yin ruo sui	寸阴若岁	1
dui shi bu dui ren	对事不对人	1
dui jin	对劲	1
dui kou xiang sheng	对口相声	1
dui tai xi	对台戏	1
dui hao	对号	1
dui tou yuan jia	对头冤家	1
dui chuang ye yu	对床夜语	1
dui chuang ye yu	对床夜雨	1
dui chuang feng yu	对床风雨	1
dui de zhu	对得住	1
dui de shu	对得数	1
dui da	对打	1
dui jing shang qing	对景伤情	1
dui jing gua hua	对景挂画	1
dui niu tan qin	对牛弹琴	1
dui zheng zhi yao	对症之药	1
dui zheng fa yao	对症发药	1
dui zhe gan	对着干	1
dui chen xing	对称性	1
dui chen zhou	对称轴	1
dui kong she ji	对空射击	1
dui da	对答	1
dui da ru liu	对答如流	1
dui bu	对簿	1
dui bu gong tang	对簿公堂	1
dui bu gong tang	对薄公堂	1
dui jiao	对角	1
dui jiao xian	对角线	1
dui yi	对译	1
dui diao	对调	1
dui guo	对过	1
dui jiu dang ge	对酒当歌	1
dui yin	对饮	1
si guan	寺观	1
xun qin	寻亲	1
xun hu tai	寻呼台	1
xin si	寻思	1
xun zhi zhai ye	寻枝摘叶	1
xun gen jiu di	寻根究底	1
xun gen zhui di	寻根追底	1
xun gen wen di	寻根问底	1
xun huan zuo le	寻欢作乐	1
xun xia si xi	寻瑕伺隙	1
xun duan jian	寻短见	1
xun zhang zhai ju	寻章摘句	1
xun hang shu mo	寻行数墨	1
xun xing zhu dui	寻行逐队	1
xun jian	寻见	1
xun zong	寻踪	1
xun feng zhuo ying	寻风捉影	1
dao dan ji di	导弹基地	1
dao dan ting	导弹艇	1
dao de qi li	导德齐礼	1
dao liu	导流	1
dao hang tai	导航台	1
dao zhen	导诊	1
dao yu	导语	1
shou bu ya zhi	寿不压职	1
shou yuan wu liang	寿元无量	1
shou ping	寿屏	1
shou shan shi	寿山石	1
shou shu	寿数	1
shou bi nan shan	寿比南山	1
shou zhong zheng qin	寿终正寝	1
feng di	封地	1
feng qi yin zi	封妻荫子	1
feng guan xu yuan	封官许原	1
feng guan xu yuan	封官许愿	1
feng jian zhi du	封建制度	1
feng jian ge ju	封建割据	1
feng jian ba tou	封建把头	1
feng ni	封泥	1
feng gang	封港	1
feng wang	封王	1
feng jiang	封疆	1
feng jin	封禁	1
feng shan	封禅	1
feng bi	封笔	1
feng hang	封航	1
feng shi chang she	封豕长蛇	1
feng xi xiu she	封豨修蛇	1
she ren xian she ma	射人先射马	1
she xiang zhi ti	射像止啼	1
she ru	射入	1
she ji chang	射击场	1
she li gu ming	射利沽名	1
ye gan	射干	1
she ying	射影	1
she ying han sha	射影含沙	1
she liu	射流	1
she lie	射猎	1
she dian wang yuan jing	射电望远镜	1
she jie	射界	1
she shi yin yu	射石饮羽	1
she yu zhi tian	射鱼指天	1
jiang ling	将令	1
qiang bo zhi zhu	将伯之助	1
qiang bo zhi hu	将伯之呼	1
jiang xin jiang yi	将信将疑	1
jiang bing	将兵	1
jiang yang	将养	1
jiang gong zhe zui	将功折罪	1
jiang gong she guo	将功折过	1
jiang gong di zui	将功抵罪	1
jiang gong bu guo	将功补过	1
jiang gong shu zui	将功赎罪	1
jiang qin bu zhuo	将勤补拙	1
jiang qu gu yu	将取固予	1
jiang tian jiu di	将天就地	1
jiang duo gu yu	将夺固与	1
jiang guan	将官	1
qiang qiang	将将	1
jiang wei	将尉	1
jiang shuai	将帅	1
jiang xin bi xin	将心比心	1
jiang xi	将息	1
jiang cai	将才	1
jiang wu zuo you	将无作有	1
jiang wu zuo you	将无做有	1
jiang ben qiu li	将本求利	1
jiang ben qiu cai	将本求财	1
jiang ji jiu ji	将机就机	1
jiang ji jiu ji	将机就计	1
jiang li dai tao	将李代桃	1
jiang xiao	将校	1
jiang ci	将次	1
jiang xiang	将相	1
jiang xiang zhi qi	将相之器	1
jiang xiong bi du	将胸比肚	1
jiang xia diao bie	将虾钓鳖	1
jiang ji jiu ji	将计就计	1
qiang jin jiu	将进酒	1
jiang yu liang cai	将遇良材	1
jiang cuo jiu cuo	将错就错	1
jiang men	将门	1
jiang men wu quan zi	将门无犬子	1
jiang men you jiang	将门有将	1
jiang men hu zi	将门虎子	1
jiang shun qi mei	将顺其美	1
jiang fei yi fu	将飞翼伏	1
wei guan	尉官	1
yu li	尉犁	1
yu chi	尉迟	1
zun zhu ze min	尊主泽民	1
zun zu zhe chong	尊俎折冲	1
zun kou	尊口	1
zun xing da ming	尊姓大名	1
zun shi zhong jiao	尊师重教	1
zun shi zhong dao	尊师重道	1
zun wu er shang	尊无二上	1
zun xian shi neng	尊贤使能	1
xiao bu ren ze luan da mou	小不忍则乱大谋	1
xiao bu dian er	小不点儿	1
xiao chou tiao liang	小丑跳梁	1
xiao cheng	小乘	1
xiao shi yi jian	小事一件	1
xiao ren er	小人儿	1
xiao ren er shu	小人儿书	1
xiao ren de zhi	小人得志	1
xiao cang ku	小仓库	1
xiao ling	小令	1
xiao jian	小件	1
xiao huo ji	小伙计	1
xiao zhuan	小传	1
xiao ti	小体	1
xiao pian yi	小便宜	1
xiao bian chi	小便池	1
xiao er ma bi zheng	小儿麻痹症	1
xiao nong jing ji	小农经济	1
xiao dao hui	小刀会	1
xiao bie	小别	1
xiao qian ti	小前提	1
xiao zu	小卒	1
xiao wo che	小卧车	1
xiao shou da zou	小受大走	1
xiao ye yang	小叶杨	1
xiao he chang	小合唱	1
xiao xing zhang	小型张	1
xiao ye qu	小夜曲	1
xiao da ren er	小大人儿	1
xiao da you zhi	小大由之	1
xiao tian di	小天地	1
xiao fu qi	小夫妻	1
xiao tou	小头	1
xiao niu er	小妞儿	1
xiao gu du chu	小姑独处	1
xiao xue xiao	小学校	1
xiao ke che	小客车	1
xiao jia zi	小家子	1
xiao jia zi qi	小家子气	1
xiao jia ting	小家庭	1
xiao jia bi yu	小家碧玉	1
xiao xiao bu yan	小小不言	1
xiao xiao shuo	小小说	1
xiao ga zi	小尕子	1
xiao qu da shen	小屈大伸	1
xiao qu da shen	小屈大申	1
xiao wu jian da wu	小巫见大巫	1
xiao ji de shi	小己得失	1
xiao ping tou	小平头	1
xiao guang bo	小广播	1
xiao kang zhi jia	小康之家	1
xiao lian da fa	小廉大法	1
xiao lian qu jin	小廉曲谨	1
xiao yi da tong	小异大同	1
xiao wang da lai	小往大来	1
xiao xun huan	小循环	1
xiao cheng da jie	小惩大诫	1
xiao xi	小戏	1
xiao hu ren jia	小户人家	1
xiao shou zhi	小手指	1
xiao da xiao nao	小打小闹	1
xiao ba xi	小把戏	1
xiao jiao	小教	1
xiao shi liao liao	小时了了	1
xiao qu er	小曲儿	1
xiao wang da zhi	小枉大直	1
xiao zhi	小枝	1
xiao kai	小楷	1
xiao bu wu	小步舞	1
xiao mao tou	小毛头	1
xiao shui dian	小水电	1
xiao liu yu	小流域	1
xiao chao	小炒	1
xiao xiong mao	小熊猫	1
xiao yan bo pi	小眼薄皮	1
xiao lao tou	小老头	1
xiao er yan zhi	小而言之	1
xiao du zi	小肚子	1
xiao du ji chang	小肚鸡肠	1
xiao jiao nv ren	小脚女人	1
xiao jiu zi	小舅子	1
xiao su da	小苏打	1
xiao luo bo	小萝卜	1
xiao luo bo tou	小萝卜头	1
xiao jiao	小角	1
xiao jie	小解	1
xiao guo	小过	1
xiao dao er xiao xi	小道儿消息	1
xiao liang	小量	1
xiao gang pao	小钢炮	1
xiao qian gui	小钱柜	1
xiao men lian er	小门脸儿	1
xiao yuan er	小院儿	1
xiao ti da zuo	小题大作	1
xiao ti da zuo	小题大做	1
xiao shi	小食	1
xiao gui tou	小鬼头	1
xiao lu chu xin tou	小鹿触心头	1
xiao xia da chi	小黠大痴	1
shao bu de	少不得	1
shao bu geng shi	少不更事	1
shao bu jing shi	少不经事	1
shao dong jia	少东家	1
shao ke	少刻	1
shao chi jian yong	少吃俭用	1
shao shang	少商	1
shao zhuang	少壮	1
shao zhuang pai	少壮派	1
shao tou que wei	少头缺尾	1
shao nv zhuang	少女装	1
shao nai nai	少奶奶	1
shao zi	少子	1
shao an wu zao	少安无躁	1
shao an wu zao	少安毋躁	1
shao wei	少尉	1
shao xiao	少小	1
shao xiao wu cai	少小无猜	1
shao shuai	少帅	1
shao nian zhi jia	少年之家	1
shao nian xian feng dui	少年先锋队	1
shao nian gong	少年宫	1
shao nian de zhi	少年得志	1
shao nian fa ting	少年法庭	1
shao nian fan	少年犯	1
shao nian lao cheng	少年老成	1
shao nian lao cheng	少年老诚	1
shao nian xing	少年行	1
shao fu	少府	1
shao dai	少待	1
shao cheng ruo xing	少成若性	1
shao zhang gui	少掌柜	1
shao shi	少时	1
shao tiao shi jiao	少条失教	1
shao lin quan	少林拳	1
shao qi wu li	少气无力	1
shao hai	少海	1
shao bai tou	少白头	1
shao xiang	少相	1
shao li	少礼	1
shao si gua yu	少私寡欲	1
shao guan suo	少管所	1
shao zong ji shi	少纵即逝	1
shao er jing	少而精	1
shao jian duo guai	少见多怪	1
shao yan gua yu	少言寡语	1
shao pei	少陪	1
shao qing	少顷	1
ga lv er	尕驴儿	1
jian xiao	尖削	1
jian zui bo she	尖嘴薄舌	1
jian tou	尖头	1
jian dan liang tou tuo	尖担两头脱	1
jian liu liu	尖溜溜	1
jian yan leng yu	尖言冷语	1
jian yan jian yu	尖言尖语	1
jian suan ke bo	尖酸刻薄	1
chen sha	尘沙	1
chen jie	尘芥	1
shang hao	尚好	1
shang xu zhong kui	尚虚中馈	1
chang xian	尝鲜	1
chang ding yi luan	尝鼎一脔	1
you yun ti yu	尤云殢雨	1
you shen	尤甚	1
you hong ti cui	尤红殢翠	1
liao jue zi	尥蹶子	1
yao qu shun bu	尧趋舜步	1
mang mei hao fa	尨眉皓发	1
jiu bian	就便	1
jiu he	就合	1
jiu di	就地	1
jiu di qu cai	就地取材	1
jiu di zheng fa	就地正法	1
jiu jiao	就教	1
jiu gun da tui	就棍打腿	1
jiu zheng	就正	1
jiu zheng you dao	就正有道	1
jiu tang xia mian	就汤下面	1
jiu shi	就食	1
shi ju long xian	尸居龙见	1
shi shan xue hai	尸山血海	1
shi heng bian ye	尸横遍野	1
chi er yuan jia	尺二冤家	1
chi er xiu cai	尺二秀才	1
chi bing cun tie	尺兵寸铁	1
chi tou	尺头	1
chi cun zhi gong	尺寸之功	1
chi cun zhi di	尺寸之地	1
chi cun zhi bing	尺寸之柄	1
chi cun qian li	尺寸千里	1
chi cun ke qu	尺寸可取	1
chi shan cun shui	尺山寸水	1
chi bu dou su	尺布斗粟	1
chi fu	尺幅	1
chi fu qian li	尺幅千里	1
chi fu cun jian	尺幅寸缣	1
chi you suo duan	尺有所短	1
chi ban dou shi	尺板斗食	1
chi shu cun hong	尺树寸泓	1
chi chuan pian wa	尺椽片瓦	1
chi bu sheng qu	尺步绳趋	1
chi shui zhang bo	尺水丈波	1
chi bo dian xie	尺波电谢	1
chi ze	尺泽	1
chi ze zhi ni	尺泽之鲵	1
chi du	尺牍	1
chi yu cun xia	尺瑜寸瑕	1
chi duan cun chang	尺短寸长	1
chi zhu wu fu	尺竹伍符	1
chi ji wu fu	尺籍伍符	1
chi huo	尺蠖	1
chi huo qiu shen	尺蠖求伸	1
chi gu	尺骨	1
ni long bu	尼龙布	1
ni long sheng	尼龙绳	1
ni long wang	尼龙网	1
ni long dai	尼龙袋	1
ni long wa	尼龙袜	1
jin yi wu	尽义务	1
jin ren shi	尽人事	1
jin ren jie zhi	尽人皆知	1
jin fu dong liu	尽付东流	1
jin xin shu bu ru wu shu	尽信书不如无书	1
jin xian	尽先	1
jin ru gou zhong	尽入彀中	1
jin quan li	尽全力	1
jin qi suo you	尽其所有	1
jin qi suo neng	尽其所能	1
jin qi suo chang	尽其所长	1
jin li er wei	尽力而为	1
jin duo jin shao	尽多尽少	1
jin xiao	尽孝	1
jin xin jie li	尽心竭力	1
jin zhong	尽忠	1
jin zhong bao guo	尽忠报国	1
jin zhong jie li	尽忠竭力	1
jin tai ji yan	尽态极妍	1
jin xing	尽性	1
jin yi	尽意	1
jin shu	尽数	1
jin huan	尽欢	1
jin huan er san	尽欢而散	1
jin cui	尽瘁	1
jin zhe	尽着	1
jin mei jin shan	尽美尽善	1
jin zi	尽自	1
jin zhi	尽致	1
jin rang	尽让	1
jin cheng jie jie	尽诚竭节	1
jin shuo piao liang hua	尽说漂亮话	1
jin li tou	尽里头	1
wei da bu diao	尾大不掉	1
wei da nan diao	尾大难掉	1
wei qian	尾欠	1
wei sheng zhi xin	尾生之信	1
wei sheng bao zhu	尾生抱柱	1
wei kuang	尾矿	1
wei yu	尾羽	1
wei yi	尾翼	1
wei hua	尾花	1
wei you	尾蚴	1
wei zhui	尾追	1
wei sui bu she	尾随不舍	1
wei yin	尾音	1
wei gu	尾骨	1
niao hu	尿壶	1
niao shi jin	尿失禁	1
niao beng zheng	尿崩症	1
niao chuang	尿床	1
sui pao	尿泡	1
niao liu pi gun	尿流屁滚	1
niao kang	尿炕	1
niao pen	尿盆	1
niao fei	尿肥	1
sui pao	尿脬	1
niao xie	尿血	1
niao dao yan	尿道炎	1
niao bi	尿闭	1
ju zhong ren	局中人	1
ju cu bu an	局促不安	1
ju nei ren	局内人	1
ju di kou tian	局地扣天	1
ju di yao tian	局地钥天	1
ju tian cu di	局天促地	1
ju tian kou di	局天扣地	1
ju tian ji di	局天蹐地	1
ju du	局度	1
ju liang	局量	1
pi gun niao liu	屁滚尿流	1
ceng chu die jian	层出叠见	1
ceng chu die jian	层出迭见	1
ceng tai lei xie	层台累榭	1
ceng lin	层林	1
ceng jian die chu	层见叠出	1
ceng xian die chu	层见迭出	1
ceng jian cuo chu	层见错出	1
ju xia shan shang	居下讪上	1
ju bu chong xi	居不重席	1
ju bu chong yin	居不重茵	1
ju sang	居丧	1
ju zhi bu yi	居之不疑	1
ju li si yi	居利思义	1
ju chu	居处	1
ju da bu yi	居大不易	1
ju qi	居奇	1
ju an si wei	居安思危	1
ju xin bu liang	居心不良	1
ju xin xian e	居心险恶	1
ju min shen fen zheng	居民身份证	1
ju zhou chu zhong	居轴处中	1
ju zhong yu qing	居重驭轻	1
ju jian	居间	1
qu cong	屈从	1
qu guang du	屈光度	1
qu qiang	屈强	1
qu da cheng zhao	屈打成招	1
qu she	屈折	1
qu qu	屈曲	1
qu jie	屈节	1
qu jie ru ming	屈节辱命	1
jie qi	届期	1
wu shang wu	屋上乌	1
wu shang jian ling	屋上建瓴	1
shi ke lang	屎壳郎	1
shi gun niao liu	屎滚尿流	1
bing zhu	屏住	1
bing sheng xi qi	屏声息气	1
bing sheng lian xi	屏声敛息	1
bing sheng jing qi	屏声静气	1
ping shan	屏山	1
bing qi	屏弃	1
bing xi	屏息	1
ping tiao	屏条	1
bing qi	屏气	1
bing qi ning shen	屏气凝神	1
bing qi tun sheng	屏气吞声	1
bing qi she xi	屏气慑息	1
bing qi lian xi	屏气敛息	1
ping fan	屏藩	1
bing ji	屏迹	1
bing tui	屏退	1
ping men	屏门	1
bing chu	屏除	1
ji chi zhi zhe	屐齿之折	1
xie zi	屑子	1
zhan mai	展卖	1
zhan di	展地	1
zhan ying	展映	1
zhan qi	展期	1
zhan gui	展柜	1
zhan du	展读	1
zhan zhuan	展转	1
zhan xiao hui	展销会	1
e niao	屙尿	1
e jin niao yin	屙金溺银	1
shu ren er mu	属人耳目	1
zhu yuan you er	属垣有耳	1
zhu yi	属意	1
zhu wen	属文	1
zhu wang	属望	1
zhu mao li li	属毛离里	1
zhu ci bi shi	属词比事	1
zhu ci bi shi	属辞比事	1
tu suo niu yang	屠所牛羊	1
tu du bi mo	屠毒笔墨	1
tu men da jiao	屠门大嚼	1
tu long zhi ji	屠龙之伎	1
lv zhan lv sheng	屡战屡胜	1
lv jiao bu gai	屡教不改	1
lv ci san fan	屡次三番	1
lv shi bu shuang	屡试不爽	1
lv xin si shun	履信思顺	1
lv ji cheng bian	履机乘变	1
lv tang dao huo	履汤蹈火	1
lv bo lin shen	履薄临深	1
lv zu cha jian	履足差肩	1
lv xian ruo yi	履险若夷	1
lv shuang zhi bing	履霜知冰	1
tun bing	屯兵	1
tun ken	屯垦	1
tun zi	屯子	1
tun shou	屯守	1
tun zha	屯扎	1
tun mao bu bian	屯毛不辨	1
tun tian	屯田	1
tun tian ke	屯田客	1
tun liu	屯留	1
tun ji	屯积	1
tun ji ju qi	屯积居奇	1
tun liang	屯粮	1
tun liang ji cao	屯粮积草	1
tun ju	屯聚	1
tun luo	屯落	1
tun jie sai xiang	屯街塞巷	1
tun jue fou sai	屯蹶否塞	1
tun ji	屯集	1
tun zhu	屯驻	1
shan zhong zai xiang	山中宰相	1
shan gong dao zai	山公倒载	1
shan ao	山凹	1
shan nan hai bei	山南海北	1
shan yin ze chang	山吟泽唱	1
shan hui lu zhuan	山回路转	1
shan po di	山坡地	1
shan dai wang	山大王	1
shan tou zhu yi	山头主义	1
shan zhi yuan ting	山峙渊渟	1
shan beng di che	山崩地坼	1
shan beng di ta	山崩地塌	1
shan beng di lie	山崩地裂	1
shan beng di xian	山崩地陷	1
shan beng zhong ying	山崩钟应	1
shan yao di dong	山摇地动	1
shan jing	山景	1
shan lin yin yi	山林隐逸	1
shan ku shi si	山枯石死	1
shan qi gu yin	山栖谷隐	1
shan qi gu yin	山栖谷饮	1
shan he tao	山核桃	1
shan zhi chuan xing	山止川行	1
shan yao ye wei	山殽野湋	1
shan shui xiang lian	山水相连	1
shan liu chuan shi	山溜穿石	1
shan pao	山炮	1
shan ji bo wei	山积波委	1
shan qiong shui jin	山穷水尽	1
shan tong shi lan	山童石烂	1
shan xi	山系	1
shan yang hu zi	山羊胡子	1
shan jie zao zhuo	山节藻棁	1
shan xing hai xiu	山行海宿	1
shan yao shui yuan	山遥水远	1
shan yao lu yuan	山遥路远	1
shan li hong	山里红	1
shan chong shui fu	山重水复	1
shan rui ze bu gao	山锐则不高	1
shan chang shui yuan	山长水远	1
shan chang shui kuo	山长水阔	1
shan yin cheng xing	山阴乘兴	1
shan yin dao shang	山阴道上	1
shan que	山雀	1
shan yu yu lai	山雨欲来	1
shan yu yu lai feng man lou	山雨欲来风满楼	1
shan tui mu huai	山颓木坏	1
shan feng	山风	1
shan gao ling xue	山高岭削	1
shan gao shui chang	山高水长	1
shan gao huang di yuan	山高皇帝远	1
shan ming gu ying	山鸣谷应	1
shan gui	山龟	1
sui bu wo yu	岁不我与	1
sui chu	岁初	1
sui zai long she	岁在龙蛇	1
sui han song bai	岁寒松柏	1
sui han zhi song bai	岁寒知松柏	1
sui wei	岁尾	1
sui cha	岁差	1
sui xu geng xin	岁序更新	1
sui shi fu la	岁时伏腊	1
sui yue bu ju	岁月不居	1
sui bi bu deng	岁比不登	1
sui yu qi mu	岁聿其莫	1
qi dan	岂但	1
qi ke	岂可	1
kai ti jun zi	岂弟君子	1
qi gan	岂敢	1
qi you shi li	岂有是理	1
qi you ci li	岂有此理	1
qi ken	岂肯	1
qi fei	岂非	1
ji ji bu ke zhong ri	岌岌不可终日	1
ji ji ke wei	岌岌可危	1
cen lou qi mo	岑楼齐末	1
cha zi	岔子	1
gang wei ze ren zhi	岗位责任制	1
gang ka	岗卡	1
gang di	岗地	1
gang tou ze di	岗头泽底	1
yan ju chuan guan	岩居川观	1
yan ju xue chu	岩居穴处	1
yan qi xue chu	岩栖穴处	1
yan qi gu yin	岩栖谷隐	1
yan qi gu yin	岩栖谷饮	1
yan yang	岩羊	1
yan xin	岩芯	1
jia jiao	岬角	1
yue jia	岳家	1
yue zhi yuan ting	岳峙渊渟	1
yue fu mu	岳父母	1
yue zhen yuan ting	岳镇渊渟	1
kui ran bu dong	岿然不动	1
zhi li	峙立	1
e guan bo dai	峨冠博带	1
e e shang shang	峨峨汤汤	1
qiao lun geng yi	峭论鲠议	1
feng hui lu zhuan	峰回路转	1
jun ling	峻岭	1
jun ban yan che	峻阪盐车	1
chong shan jun ling	崇山峻岭	1
chong lun hong yi	崇论吰议	1
chong lun hong yi	崇论宏议	1
chong lun hong yi	崇论谹议	1
chong lun hong yi	崇论闳议	1
qi qin li luo	崎嵚历落	1
jue di er qi	崛地而起	1
yin qi lei luo	崟崎磊落	1
song sheng yue jiang	崧生岳降	1
beng huai	崩坏	1
beng lie	崩裂	1
beng jie	崩解	1
zhan lu tou jiao	崭露头脚	1
qian he	嵌合	1
qian xiang	嵌镶	1
qin qi li luo	嵚崎历落	1
qin qi lei luo	嵚崎磊落	1
song sheng yue jiang	嵩生岳降	1
wei yan hong er	嵬眼澒耳	1
chuan yong bi kui	川壅必溃	1
chuan ze na wu	川泽纳污	1
chuan liu bu xi	川流不息	1
chuan ting yue zhi	川渟岳峙	1
xun ti	巡屉	1
xun geng	巡更	1
xun xing	巡行	1
xun feng	巡风	1
chao ju xue chu	巢居穴处	1
chao lin yi zhi	巢林一枝	1
chao fen yuan liao	巢焚原燎	1
gong ye ti xi	工业体系	1
gong ye qu wei lun	工业区位论	1
gong ye ji di	工业基地	1
gong ye jian zhu	工业建筑	1
gong jia	工价	1
gong xiu	工休	1
gong zuo can	工作餐	1
gong ju gang	工具钢	1
gong nong bing xue yuan	工农兵学员	1
gong nong hong jun	工农红军	1
gong fen	工分	1
gong qu	工区	1
gong shang shui	工商税	1
gong chang	工场	1
gong zi gang	工字钢	1
gong che	工尺	1
gong kai	工楷	1
gong cheng che	工程车	1
gong cheng dui	工程队	1
gong bi hua	工笔画	1
gong yi shi	工艺师	1
gong du	工读	1
gong du xue xiao	工读学校	1
gong zhang	工长	1
gong jian	工间	1
gong jian cao	工间操	1
gong qing fu	工青妇	1
zuo bu guo	左不过	1
zuo zhuan	左传	1
zuo quan	左券	1
zuo you liang nan	左右两难	1
zuo you cai huo	左右采获	1
zuo yi you you	左宜右有	1
zuo jia jiao nv	左家娇女	1
zuo si you xiang	左思右想	1
zuo ti you qie	左提右挈	1
zuo pie zi	左撇子	1
zuo zhi you wu	左支右吾	1
zuo zhi you tiao	左支右调	1
zuo zhi you wu	左枝右梧	1
zuo bang you bi	左膀右臂	1
zuo ying you fu	左萦右拂	1
zuo shuo you shuo	左说右说	1
zuo dao pang men	左道旁门	1
zuo lin you she	左邻右舍	1
zuo qian you qian	左铅右椠	1
qiao bu ke jie	巧不可接	1
qiao bu ke jie	巧不可阶	1
qiao wei qu li	巧伪趋利	1
qiao jin	巧劲	1
qiao jin er	巧劲儿	1
qiao fa qi zhong	巧发奇中	1
qiao qu	巧取	1
qiao tong zao hua	巧同造化	1
qiao duo	巧夺	1
qiao fu nan wei wu mi zhi chui	巧妇难为无米之炊	1
qiao gan	巧干	1
qiao si	巧思	1
qiao jie wan duan	巧捷万端	1
qiao yu hua yan	巧语花言	1
ju jiang	巨奖	1
ju bo	巨擘	1
ju gu	巨贾	1
ju que	巨阙	1
wu yun chu yu	巫云楚雨	1
wu nv	巫女	1
wu shan yun yu	巫山云雨	1
cha yi dian er	差一点儿	1
cha san cuo si	差三错四	1
cha bu li	差不离	1
cha zhi qian li	差之千里	1
cha zhi hao li	差之毫厘	1
cha zhi hao li shi zhi qian li	差之毫厘失之千里	1
chai ren qu	差人去	1
chai ren qu qing yi sheng	差人去请医生	1
chai shi	差使	1
cha fen fang da qi	差分放大器	1
cha dong	差动	1
cha ke	差可	1
cha ke gao wei	差可告慰	1
cha shi	差失	1
cha guan	差官	1
chai yi	差役	1
cha de hen yuan	差得很远	1
cha de yuan	差得远	1
chai bo	差拨	1
cha shu	差数	1
cha chi	差池	1
cha deng	差等	1
cha deng sheng	差等生	1
chai que	差缺	1
cha wu	差误	1
chai qian	差遣	1
cha e xuan ju	差额选举	1
chai xiang	差饷	1
ji ni ji ji	己溺己饥	1
ji jian	己见	1
ji ji ji ni	己饥己溺	1
yi ji	已极	1
yi zhi shu	已知数	1
ba tou tan nao	巴头探脑	1
ba er ka shi hu	巴尔喀什湖	1
ba er gan ban dao	巴尔干半岛	1
ba er zha ke	巴尔扎克	1
ba shan ye yu	巴山夜雨	1
ba shan du ling	巴山度岭	1
ba shan yue ling	巴山越岭	1
ba ba jie jie	巴巴结结	1
ba la gui	巴拉圭	1
ba gao wang shang	巴高望上	1
ba gao zhi er	巴高枝儿	1
ba li he hui	巴黎和会	1
xiang kou	巷口	1
xiang wei jie tou	巷尾街头	1
xiang zhan	巷战	1
xiang yi jie tan	巷议街谈	1
hang dao	巷道	1
xiang mo	巷陌	1
jin guo zhang fu	巾帼丈夫	1
jin guo qi cai	巾帼奇才	1
bi zhong yan gan	币重言甘	1
shi bu er jia	市不二价	1
shi chang ti xi	市场体系	1
shi chang tiao jie	市场调节	1
shi chi	市尺	1
shi wu er jia	市无二价	1
shi hua	市花	1
bu tian gai di	布天盖地	1
bu tou	布头	1
bu er shi wei ke	布尔什维克	1
bu la ji	布拉吉	1
bu la chai wei er	布拉柴维尔	1
bu qiong bu la	布琼布拉	1
bu piao	布票	1
bu yi li shi	布衣粝食	1
bu yi shu shi	布衣蔬食	1
bu bei wa qi	布被瓦器	1
bu mian	布面	1
shuai yin	帅印	1
shuai qi	帅旗	1
fan bu bao	帆布包	1
shi chuan	师传	1
shi bo	师伯	1
shi chu you ming	师出有名	1
shi zhi wei zhuang	师直为壮	1
shi fan xue xiao	师范学校	1
xi qi	希奇	1
xi qi gu guai	希奇古怪	1
xi you	希有	1
wei bo bu xiu	帏箔不修	1
wei bao bu xiu	帏薄不修	1
zhang bu	帐簿	1
pa si ka ding lv	帕斯卡定律	1
tie fu	帖服	1
di hao	帝号	1
di wang jiang xiang	帝王将相	1
di du	帝都	1
ping tian ji di	帡天极地	1
dai ci er	带刺儿	1
dai jin	带劲	1
dai tou yang	带头羊	1
dai hao er	带好儿	1
dai tu di	带徒弟	1
dai shui tuo ni	带水拖泥	1
dai zhuang	带状	1
dai zhe ling dang qu zuo zei	带着铃铛去做贼	1
dai lei	带累	1
dai mai	带脉	1
dai jun	带菌	1
dai jun zhe	带菌者	1
dai hua	带话	1
dai gang	带钢	1
xi shang zhi zhen	席上之珍	1
xi bu xia nuan	席不暇暖	1
xi juan ba huang	席卷八荒	1
xi juan tian xia	席卷天下	1
xi juan er tao	席卷而逃	1
xi di	席地	1
xi di mu tian	席地幕天	1
xi di er zuo	席地而坐	1
xi meng si	席梦思	1
xi peng	席棚	1
xi zhen dai pin	席珍待聘	1
xi men qiong xiang	席门穷巷	1
xi men peng xiang	席门蓬巷	1
bang yong	帮佣	1
bang dao mang	帮倒忙	1
bang tong	帮同	1
bang kun	帮困	1
bang jiao	帮教	1
bang gou chi shi	帮狗吃食	1
bang hu chi shi	帮虎吃食	1
bang xian zuan lan	帮闲钻懒	1
wei mu bu xiu	帷幕不修	1
wei bo bu xiu	帷箔不修	1
wei bo bu xiu	帷薄不修	1
chang ya	常压	1
chang bei bu xie	常备不懈	1
chang nian lei yue	常年累月	1
chang fu	常服	1
chang yong dui shu	常用对数	1
chang sheng jiang jun	常胜将军	1
chang gui zha dan	常规炸弹	1
mi shu	幂数	1
mi ji shu	幂级数	1
fu yuan	幅员	1
fu kuan	幅宽	1
man zi	幔子	1
mu tian xi di	幕天席地	1
mu yan fu yu	幕燕釜鱼	1
mu yan ding yu	幕燕鼎鱼	1
zhang zi	幛子	1
chuang chuang	幢幢	1
gan yun bi ri	干云蔽日	1
gan qin	干亲	1
gan qin jia	干亲家	1
gan zhang	干仗	1
gan xiu suo	干休所	1
gan er	干儿	1
gan bing	干冰	1
gan leng	干冷	1
gan jing li suo	干净利索	1
gan jing li luo	干净利落	1
gan qing di shi	干卿底事	1
gan hao	干号	1
gan ming fan yi	干名犯义	1
gan ming cai yu	干名采誉	1
gan ou	干呕	1
gan yuan	干员	1
gan ke	干咳	1
gan yue	干哕	1
gan ku	干哭	1
gan ti shi ku	干啼湿哭	1
gan hao	干嚎	1
gan cheng	干城	1
gan cheng zhi jiang	干城之将	1
gan jiang	干姜	1
gan niang	干娘	1
gan jiang	干将	1
gan jiang mo ye	干将莫邪	1
gan shi	干尸	1
gan ba	干巴	1
gan ba li cui	干巴利脆	1
gan ba li luo	干巴利落	1
gan ba ba	干巴巴	1
gan gan yi yi	干干翼翼	1
gan ji	干急	1
gan xing you	干性油	1
gan ge	干戈	1
gan ge zai ji	干戈载戢	1
gan cai	干才	1
gan da lei	干打垒	1
gan zhi	干支	1
gan zheng	干政	1
gan song	干松	1
gan guo	干果	1
gan jia	干架	1
gan chai	干柴	1
gan chai lie huo	干柴烈火	1
gan xiao	干校	1
gan she xian xiang	干涉现象	1
gan qu	干渠	1
gan ke	干渴	1
gan zao ji	干燥剂	1
gan zao qi	干燥器	1
gan fu zhi gu	干父之蛊	1
gan ba	干爸	1
gan shuang	干爽	1
gan fan	干犯	1
gan dian chi	干电池	1
gan shou	干瘦	1
gan bie	干瘪	1
gan bai	干白	1
gan zhao ji	干着急	1
gan deng yan	干瞪眼	1
gan ying	干硬	1
gan ai	干碍	1
gan duan kun ni	干端坤倪	1
gan xiao	干笑	1
gan fen	干粉	1
gan jie	干结	1
gan gu	干股	1
gan cui li suo	干脆利索	1
gan cui li luo	干脆利落	1
gan hua	干花	1
gan cao	干草	1
gan xin	干薪	1
gan lie	干裂	1
gan ye	干谒	1
gan bei	干贝	1
gan huo	干货	1
gan lu	干路	1
gan lian	干连	1
gan bu xue xiao	干部学校	1
gan lao	干酪	1
gan jiao mu	干酵母	1
gan xiao ling yun	干霄凌云	1
gan xiao bi ri	干霄蔽日	1
gan fan	干饭	1
gan liu	干馏	1
gan xian guo pin	干鲜果品	1
ping le	平乐	1
ping xin	平信	1
ping jia ming	平假名	1
ping fen qiu se	平分秋色	1
ping di yi sheng lei	平地一声雷	1
ping di lou tai	平地楼台	1
ping di deng yun	平地登云	1
ping di qi gu ding	平地起孤丁	1
ping di qi jia	平地起家	1
ping di qi lei	平地起雷	1
ping di qing yun	平地青云	1
ping di feng bo	平地风波	1
ping di feng lei	平地风雷	1
ping jun di quan	平均地权	1
ping jun cha	平均差	1
ping tou shu	平头数	1
ping tou zheng lian	平头正脸	1
ping tou bai xing	平头百姓	1
ping she pao	平射炮	1
ping dong	平峒	1
ping hang	平巷	1
ping di xie	平底鞋	1
ping xin er lun	平心而论	1
ping fang chi	平方尺	1
ping fu	平服	1
ping ban san lun	平板三轮	1
ping ban che	平板车	1
ping zheng	平正	1
ping dan wu qi	平淡无奇	1
ping dan wu qi	平澹无奇	1
ping kong	平空	1
ping xing zuo ye	平行作业	1
ping xing si bian xing	平行四边形	1
ping heng jue	平衡觉	1
ping jiao	平角	1
ping diao	平调	1
ping yuan	平远	1
ping pu	平铺	1
ping pu zhi xu	平铺直叙	1
ping pu zhi xu	平铺直序	1
ping mian ji he	平面几何	1
ping mian jiao	平面角	1
ping feng jing lang	平风静浪	1
nian chan liang	年产量	1
nian fen	年分	1
nian hua chui mu	年华垂暮	1
nian hao	年号	1
nian tou yue wei	年头月尾	1
nian fu li qiang	年富力强	1
nian wei	年尾	1
nian jie	年届	1
nian nian yue yue	年年月月	1
nian jing	年景	1
nian yan shi yuan	年湮世远	1
nian lao ti ruo	年老体弱	1
nian jie	年节	1
nian shuai sui mu	年衰岁暮	1
nian yi shi hao	年谊世好	1
nian gu bu deng	年谷不登	1
nian qing you wei	年轻有为	1
nian gao wang zhong	年高望重	1
bing shi wu liang	并世无两	1
bing wei yi tan	并为一谈	1
bing li	并力	1
bing he	并合	1
bing tun	并吞	1
bing wei ou shi	并威偶势	1
bing cun bu bei	并存不悖	1
bing rong bian fu	并容徧覆	1
bing zhou	并州	1
bing long	并拢	1
bing ri er shi	并日而食	1
bing jiang jian xiang	并疆兼巷	1
bing li	并立	1
bing wang	并网	1
bing zhi	并置	1
bing jian zuo zhan	并肩作战	1
bing mao	并茂	1
bing di	并蒂	1
bing di fu rong	并蒂芙蓉	1
bing di lian	并蒂莲	1
bing xing bu bei	并行不悖	1
bing zang na zei	并赃拿贼	1
bing gui	并轨	1
bing jin	并进	1
bing qu zheng xian	并驱争先	1
bing jia qi qu	并驾齐驱	1
xing hui	幸会	1
xing de	幸得	1
xing shen	幸甚	1
yao mo xiao chou	幺麽小丑	1
huan xiang qu	幻想曲	1
huan shu	幻数	1
huan jing	幻景	1
huan shu	幻术	1
you ti	幼体	1
you xue zhuang xing	幼学壮行	1
you shi	幼师	1
you chu	幼畜	1
you ya	幼芽	1
you li	幽丽	1
you ye	幽咽	1
you si	幽思	1
you qi	幽期	1
you qi mi yue	幽期密约	1
you jin	幽禁	1
you qu	幽趣	1
you yuan	幽远	1
guang dong yin yue	广东音乐	1
guang yi xiang dui lun	广义相对论	1
guang jiao	广交	1
guang zhong	广众	1
guang sha wan jian	广厦万间	1
guang tu zhong min	广土众民	1
guang xia xi zhan	广夏细旃	1
guang han xian zi	广寒仙子	1
guang han gong	广寒宫	1
guang ping	广平	1
guang ting da zhong	广庭大众	1
guang kai cai lu	广开才路	1
guang kai yan lu	广开言路	1
guang bo ti cao	广播体操	1
guang bo ju	广播剧	1
guang bo tai	广播台	1
guang bo cao	广播操	1
guang bo zhan	广播站	1
guang wen xian sheng	广文先生	1
guang qiu	广求	1
guang mo	广漠	1
guang zhong bo shou	广种薄收	1
guang jie liang yuan	广结良缘	1
guang er gao zhi	广而告之	1
guang er yan zhi	广而言之	1
guang jian qia wen	广见洽闻	1
guang jiao jing tou	广角镜头	1
guang pi qu yu	广譬曲谕	1
guang pu	广谱	1
guang huo	广货	1
guang yuan	广远	1
guang ling san jue	广陵散绝	1
guang rao	广饶	1
zhuang yan bao xiang	庄严宝相	1
zhuang yuan zhu	庄园主	1
zhuang jia di	庄稼地	1
zhuang jia yuan	庄稼院	1
qing gong hui	庆功会	1
qing diao bu xing	庆吊不行	1
bi hu suo	庇护所	1
bi yin	庇荫	1
chuang shang die chuang	床上叠床	1
chuang shang an chuang	床上安床	1
chuang shang shi chuang	床上施床	1
chuang shang die chuang	床上迭床	1
chuang xia niu dou	床下牛斗	1
chuang tou jin jin	床头金尽	1
chuang zi	床子	1
xu shu	序数	1
xu shu ci	序数词	1
xu lun	序论	1
ku quan	库券	1
ku cang	库藏	1
ying ju	应举	1
ying fu zhang kuan	应付帐款	1
ying fu zi ru	应付自如	1
ying fu yu ru	应付裕如	1
ying ao	应傲	1
ying yun	应允	1
ying ren er jie	应刃而解	1
ying fen	应分	1
ying zhi	应制	1
ying mu	应募	1
ying mao	应卯	1
ying bian wu fang	应变无方	1
ying zhao	应召	1
ying ming er	应名儿	1
ying ming dian mao	应名点卯	1
ying fou	应否	1
ying ming	应命	1
ying he	应和	1
ying sheng chong	应声虫	1
ying tian cong ren	应天从人	1
ying tian cheng yun	应天承运	1
ying tian shun ren	应天顺人	1
ying tian shun shi	应天顺时	1
ying tian shun min	应天顺民	1
ying ji	应季	1
ying dui ru xiang	应对如响	1
ying dui ru liu	应对如流	1
ying dui de ti	应对得体	1
ying shi	应市	1
ying xian er dao	应弦而倒	1
ying zhi	应徵	1
ying shou	应手	1
ying cheng	应承	1
ying zhao	应招	1
ying jie	应接	1
ying jie bu xia	应接不暇	1
ying di	应敌	1
ying shi	应时	1
ying shi dui jing	应时对景	1
ying jing	应景	1
ying ji li duan	应机立断	1
ying quan tong bian	应权通变	1
ying yong wen	应用文	1
ying yong ti	应用题	1
ying da ru xiang	应答如响	1
ying da ru liu	应答如流	1
ying yue	应约	1
ying kao	应考	1
ying jie he pai	应节合拍	1
ying xu	应许	1
ying zhen	应诊	1
ying nuo	应诺	1
ying yun	应运	1
ying xuan	应选	1
ying men	应门	1
di xia ren	底下人	1
di ce	底册	1
di tu	底土	1
di shang	底墒	1
di kong	底孔	1
di ding	底定	1
di gong	底工	1
di shu	底数	1
di ben	底本	1
di yang	底样	1
di zhi	底止	1
di si man sheng	底死谩生	1
di qi	底漆	1
di huo	底火	1
di pian er	底片儿	1
di ban	底版	1
di gao	底稿	1
di fei	底肥	1
di cang	底舱	1
di jin	底襟	1
di jiao	底角	1
di zhang	底账	1
di bian	底边	1
di li	底里	1
pao ding	庖丁	1
pao ding jie niu	庖丁解牛	1
miao hao	庙号	1
geng tie	庚帖	1
geng gui pin hu	庚癸频呼	1
fu shang	府上	1
pang ran da wu	庞然大物	1
pang mei bai fa	庞眉白发	1
pang mei hao fa	庞眉皓发	1
pang mei he fa	庞眉鹤发	1
pang mei huang fa	庞眉黄发	1
fei pin lv	废品率	1
fei pin zhan	废品站	1
fei qin wang shi	废寝忘食	1
fei wen ren wu	废文任武	1
fei you	废油	1
fei piao	废票	1
duo ren zhi xin	度人之心	1
duo ren zhi fu	度人之腹	1
du ming	度命	1
du wai	度外	1
du wai zhi ren	度外之人	1
duo ji yi sheng	度己以绳	1
duo de liang li	度德量力	1
du ri ru sui	度日如岁	1
du ri ru nian	度日如年	1
du qu	度曲	1
du xun	度汛	1
du die	度牒	1
du huang	度荒	1
du mi yue	度蜜月	1
du liang heng	度量衡	1
du chang xie da	度长絜大	1
du chang xie duan	度长絜短	1
zuo shang ke	座上客	1
zuo hao	座号	1
zuo luo	座落	1
ting zhang	庭长	1
kang zhuang da dao	康庄大道	1
yong zhong jiao jiao	庸中佼佼	1
yong zhong jiao jiao	庸中皦皦	1
yong su jin hua lun	庸俗进化论	1
yong yong lu lu	庸庸碌碌	1
yong lu	庸碌	1
yong yan yong xing	庸言庸行	1
lian ke ji cai	廉可寄财	1
lian ming gong zheng	廉明公正	1
lian zheng	廉正	1
lian er bu gui	廉而不刿	1
lian yuan tang gao	廉远堂高	1
lang zi	廊子	1
kuo da jing	廓大镜	1
kuo luo	廓落	1
kuo da da du	廓达大度	1
yan ge	延搁	1
yan jin zhi he	延津之合	1
yan jin jian he	延津剑合	1
yan jing ju zhong	延颈举踵	1
yan jing qi zhong	延颈企踵	1
yan jing qi zhong	延颈跂踵	1
yan jing he wang	延颈鹤望	1
ting zheng mian zhe	廷争面折	1
ting wei	廷尉	1
jian zhong	建中	1
jian dang	建档	1
jian du	建都	1
kai yun jian tian	开云见天	1
kai yun jian ri	开云见日	1
kai dao che	开倒车	1
kai hua	开化	1
kai hua jie guo	开华结果	1
kai dan	开单	1
kai juan you yi	开卷有益	1
kai cha	开叉	1
kai kou jian hou long	开口见喉咙	1
kai kou jian xin	开口见心	1
kai kou jian dan	开口见胆	1
kai tai	开台	1
kai tai luo gu	开台锣鼓	1
kai he zi ru	开合自如	1
kai guo cheng jia	开国承家	1
kai ji chuang ye	开基创业	1
kai ye che	开夜车	1
kai tian pi di	开天辟地	1
kai xiao chai	开小差	1
kai ping	开屏	1
kai gong	开弓	1
kai gong bu fang jian	开弓不放箭	1
kai xin wan	开心丸	1
kai xin jian chang	开心见肠	1
kai xin jian dan	开心见胆	1
kai xin jian cheng	开心见诚	1
kai kuai che	开快车	1
kai huai da xiao	开怀大笑	1
kai xi	开戏	1
kai fang jian	开房间	1
kai tuo xing	开拓型	1
kai bo	开拨	1
kai zhai jie	开斋节	1
kai yuan jie liu	开源节流	1
kai liu	开溜	1
kai jiang	开疆	1
kai jiang zhan tu	开疆展土	1
kai jiang tuo tu	开疆拓土	1
kai jiang tuo jing	开疆拓境	1
kai jiang tuo yu	开疆拓宇	1
kai jiang pi tu	开疆辟土	1
kai jin	开禁	1
kai lv deng	开绿灯	1
kai hua jie shi	开花结实	1
kai hua jie guo	开花结果	1
kai meng	开蒙	1
kai jie	开解	1
kai zhen	开诊	1
kai cheng xiang jian	开诚相见	1
kai huo	开豁	1
kai yuan	开远	1
kai luo he dao	开锣喝道	1
kai men jian shan	开门见山	1
kai jian	开间	1
kai kuo di	开阔地	1
yi ti zi	异体字	1
yi kou tong yin	异口同音	1
yi kou tong yun	异口同韵	1
yi ming tong shi	异名同实	1
yi di xiang feng	异地相逢	1
yi xing	异型	1
yi bao qi zhen	异宝奇珍	1
yi jiao	异教	1
yi mu qi hua	异木奇花	1
yi tu tong gui	异涂同归	1
yi duan xie shuo	异端邪说	1
yi cao qi hua	异草奇花	1
yi jian	异见	1
yi shuo	异说	1
yi du	异读	1
yi qu	异趣	1
yi lu tong gui	异路同归	1
yi tu tong gui	异途同归	1
yi wen chuan shuo	异闻传说	1
qi yi bei xin	弃义倍信	1
qi zhi ke xi	弃之可惜	1
qi zhi du wai	弃之度外	1
qi wei cong zhen	弃伪从真	1
qi qi yu yu	弃其馀鱼	1
qi tong ji yi	弃同即异	1
qi hao bei meng	弃好背盟	1
qi xue	弃学	1
qi jia dang chan	弃家荡产	1
qi e cong shan	弃恶从善	1
qi yi qiu nan	弃易求难	1
qi qiong shi li	弃琼拾砾	1
qi xia wang guo	弃瑕忘过	1
qi jia dao ge	弃甲倒戈	1
qi jia ye bing	弃甲曳兵	1
qi duan jiu chang	弃短就长	1
qi duan yong chang	弃短用长	1
qi bi cong rong	弃笔从戎	1
qi ruo bi xi	弃若敝屣	1
qi che zou lin	弃车走林	1
qi guo tu xin	弃过图新	1
qi dao ren shu	弃道任术	1
qi xie cong zheng	弃邪从正	1
qi xie gui zheng	弃邪归正	1
nong jia	弄假	1
nong jia cheng zhen	弄假成真	1
nong bing huang chi	弄兵潢池	1
long kou	弄口	1
nong kou ming she	弄口鸣舌	1
nong zui nong she	弄嘴弄舌	1
long tang	弄堂	1
nong qiao fan zhuo	弄巧反拙	1
nong qiao cheng zhuo	弄巧成拙	1
nong ying tuan feng	弄影团风	1
nong xing shang qi	弄性尚气	1
nong cheng yi tuan	弄成一团	1
nong jin cao fu	弄斤操斧	1
nong fu ban men	弄斧班门	1
nong yue yin feng	弄月吟风	1
nong yue chao feng	弄月嘲风	1
nong quan	弄权	1
nong fa wu wen	弄法舞文	1
nong chao	弄潮	1
nong chao er	弄潮儿	1
nong yu chui xiao	弄玉吹箫	1
nong zhang zhi xi	弄璋之喜	1
nong wa	弄瓦	1
nong wa zhi xi	弄瓦之喜	1
nong mei ji yan	弄眉挤眼	1
nong shen nong gui	弄神弄鬼	1
nong zhu dan si	弄竹弹丝	1
nong guan tiao xian	弄管调弦	1
nong fen diao zhu	弄粉调朱	1
nong chen	弄臣	1
nong gui	弄鬼	1
nong gui zhuang yao	弄鬼妆幺	1
nong gui nong shen	弄鬼弄神	1
nong gui diao hou	弄鬼掉猴	1
bi jue feng qing	弊绝风清	1
bi yi shu shi	弊衣疏食	1
bi yi dan shi	弊衣箪食	1
bi yi shu shi	弊衣蔬食	1
bi che lei ma	弊车羸马	1
yi ren he cuan	弋人何篡	1
gong ying bei she	弓影杯蛇	1
gong zhe dao jin	弓折刀尽	1
gong bei	弓背	1
gong yao qu bei	弓腰曲背	1
gong diao ma fu	弓调马服	1
yin ren shen si	引人深思	1
yin ren zhu mu	引人瞩目	1
yin yi wei han	引以为憾	1
yin yi wei jie	引以为戒	1
yin yi wei chi	引以为耻	1
yin yi wei rong	引以为荣	1
yin yi wei jian	引以为鉴	1
yin yi zi hao	引以自豪	1
yin xin	引信	1
yin hang bei ge	引吭悲歌	1
yin hang gao chang	引吭高唱	1
yin hang gao sheng	引吭高声	1
yin hang gao ge	引吭高歌	1
yin shang ke jiao	引商刻角	1
yin zuo	引座	1
yin xin tu gu	引新吐故	1
yin duan tui chang	引短推长	1
yin jing ju dian	引经据典	1
yin jing ju gu	引经据古	1
yin sheng qie mo	引绳切墨	1
yin sheng pai gen	引绳排根	1
yin er bu fa	引而不发	1
yin hang	引航	1
yin xin	引芯	1
yin she chu dong	引蛇出洞	1
yin jian	引见	1
yin lun	引论	1
yin yu	引语	1
yin che mai jiang	引车卖浆	1
yin guo zi ze	引过自责	1
yin zhen shi jie	引针拾芥	1
yin zhui ci gu	引锥刺股	1
yin jing	引颈	1
yin jing shou lu	引颈受戮	1
yin feng chui huo	引风吹火	1
yin gui shang men	引鬼上门	1
hong da	弘大	1
hong jiang feng liu	弘奖风流	1
chi gao wu yuan	弛高骛远	1
di fu	弟妇	1
di xi	弟媳	1
di nan zi zhi	弟男子侄	1
zhang guan li dai	张冠李戴	1
zhang kou jie she	张口结舌	1
zhang da qi shi	张大其事	1
zhang da qi ci	张大其词	1
zhang da qi ci	张大其辞	1
zhang bang	张榜	1
zhang deng jie cai	张灯结彩	1
zhang deng jie cai	张灯结采	1
zhang ya wu zhao	张牙舞爪	1
zhang wang li zhao	张王李赵	1
zhang wang zhao li	张王赵李	1
zhang huang qi shi	张皇其事	1
zhang yan lu jing	张眼露睛	1
zhang mai fen xing	张脉偾兴	1
mi le	弥勒	1
mi le fo	弥勒佛	1
mi he	弥合	1
mi tian	弥天	1
mi tian da huo	弥天大祸	1
mi tian da zui	弥天大罪	1
mi tian da huang	弥天大谎	1
mi feng	弥封	1
mi shan gen ye	弥山亘野	1
mi sa	弥撒	1
mi san	弥散	1
mi ri lei ye	弥日累夜	1
mi yue	弥月	1
mi wang	弥望	1
mi liu	弥留	1
mi liu zhi ji	弥留之际	1
mi feng	弥缝	1
mi feng qi que	弥缝其阙	1
mi meng	弥蒙	1
mi bu sun shi	弥补损失	1
mi tuo	弥陀	1
xian yue qi	弦乐器	1
xian qie jiao	弦切角	1
xian wai you yin	弦外有音	1
xian wu xu fa	弦无虚发	1
hu quan qiu	弧圈球	1
hu jun	弧菌	1
wan tou	弯头	1
wan du	弯度	1
wan wan qu qu	弯弯曲曲	1
ruo bu hao nong	弱不好弄	1
ruo bu jin feng	弱不禁风	1
ruo bu sheng yi	弱不胜衣	1
ruo guan	弱冠	1
ruo ben qiang mo	弱本强末	1
ruo rou qiang shi	弱肉强食	1
peng zhong biao wai	弸中彪外	1
tan si pin zhu	弹丝品竹	1
dan wan	弹丸	1
dan wan zhi di	弹丸之地	1
tan wan tuo shou	弹丸脱手	1
dan wan hei zi	弹丸黑子	1
dan wan hei zhi	弹丸黑志	1
tan guan zhen yi	弹冠振衣	1
tan guan zhen jin	弹冠振衿	1
tan guan xiang qing	弹冠相庆	1
tan guan jie shou	弹冠结绶	1
tan jian zuo ge	弹剑作歌	1
tan he an	弹劾案	1
dan ke	弹壳	1
dan zi	弹子	1
dan zi fang	弹子房	1
tan she	弹射	1
dan jin yuan jue	弹尽援绝	1
dan jin liang jue	弹尽粮绝	1
dan gong	弹弓	1
tan xing ti	弹性体	1
tan zhi zhi jian	弹指之间	1
tan jin gu liang	弹斤估两	1
dan wu xu fa	弹无虚发	1
tan kong shuo zui	弹空说嘴	1
tan huang chuang	弹簧床	1
tan huang gang	弹簧钢	1
tan tui	弹腿	1
dan tang	弹膛	1
tan ci	弹词	1
tan tiao li	弹跳力	1
dan jia wu yu	弹铗无鱼	1
dan yu qiang lin	弹雨枪林	1
qiang bu zhi yi wei zhi	强不知以为知	1
qiang zhong geng you qiang zhong shou	强中更有强中手	1
qiang zhong zi you qiang zhong shou	强中自有强中手	1
qiang ren suo nan	强人所难	1
qiang ling	强令	1
qiang si	强似	1
qiang zuo jie ren	强作解人	1
qiang bing fu guo	强兵富国	1
qiang fu bian he	强凫变鹤	1
qiang ji	强击	1
qiang ji ji	强击机	1
qiang jia yu ren	强加于人	1
qiang zhan	强占	1
qiang ya	强压	1
qiang qu	强取	1
qiang qu hao duo	强取豪夺	1
qiang chun lie zui	强唇劣嘴	1
jiang zui	强嘴	1
jiang zui niu she	强嘴拗舌	1
jiang zui ying ya	强嘴硬牙	1
qiang gu	强固	1
qiang zhuang ji	强壮剂	1
qiang duo	强夺	1
qiang jian min yi	强奸民意	1
qiang jiang	强将	1
qiang jiang shou xia wu ruo bing	强将手下无弱兵	1
qiang gan	强干	1
qiang gan ruo zhi	强干弱枝	1
qiang gong jing nu	强弓劲弩	1
qiang nu zhi mo	强弩之末	1
qiang nu zhi ji	强弩之极	1
qiang nu mo shi	强弩末矢	1
qiang qiang lian he	强强联合	1
qiang de yi pin	强得易贫	1
qiang xin ji	强心剂	1
qiang xin zhen	强心针	1
qiang shou	强手	1
qiang niu de gua bu tian	强扭的瓜不甜	1
qiang wen jia cu	强文假醋	1
qiang wen shi cu	强文浉醋	1
qiang ben ruo zhi	强本弱支	1
qiang ben ruo mo	强本弱末	1
qiang ben ruo zhi	强本弱枝	1
qiang ben jie yong	强本节用	1
qiang zhi ruo ben	强枝弱本	1
qiang liang	强梁	1
qiang heng	强横	1
qiang si qiang huo	强死强活	1
qiang si lai huo	强死赖活	1
qiang du	强渡	1
qiang re dai feng bao	强热带风暴	1
qiang liu	强留	1
qiang zhi	强直	1
qiang zhi zi sui	强直自遂	1
qiang xiao	强笑	1
qiang er hou ke	强而后可	1
qiang guo bu she	强聒不舍	1
qiang zi qu she	强自取折	1
qiang zi qu zhu	强自取柱	1
qiang xing jun	强行军	1
qiang ji	强记	1
qiang ji bo wen	强记博闻	1
qiang shi bo wen	强识博闻	1
qiang ci	强词	1
qiang ci duo zheng	强词夺正	1
qiang ci duo li	强词夺理	1
qiang bian	强辩	1
qiang bi	强逼	1
qiang lin	强邻	1
qiang suan	强酸	1
qiang ren	强韧	1
qiang yin	强音	1
qiang yan	强颜	1
qiang yan huan xiao	强颜欢笑	1
qiang feng	强风	1
qiang shi ruo rou	强食弱肉	1
qiang shi zi ai	强食自爱	1
qiang shi mi jiao	强食靡角	1
qiang long bu ya di tou she	强龙不压地头蛇	1
gou zhong	彀中	1
gui zhi ruo shui	归之若水	1
gui gong yu	归功于	1
gui hua	归化	1
gui qi gu guai	归奇顾怪	1
gui ning	归宁	1
gui chao	归巢	1
gui bing	归并	1
gui xin si jian	归心似箭	1
gui qi	归期	1
gui gen jiu di	归根究柢	1
gui gen jie di	归根结柢	1
gui gen jie di	归根结蒂	1
gui zheng shou qiu	归正守丘	1
gui zheng qiu shou	归正邱首	1
gui zheng shou qiu	归正首丘	1
gui zheng shou qiu	归正首邱	1
gui xing	归省	1
gui zhen fan pu	归真反朴	1
gui zui yu	归罪于	1
gui xie zhuan yao	归邪转曜	1
gui xiang	归降	1
gui yin	归隐	1
gui qi	归齐	1
dang bu qi	当不起	1
dang shi	当世	1
dang shi cai du	当世才度	1
dang shi wu shuang	当世无双	1
dang zhong jian er	当中间儿	1
dang zhi you kui	当之有愧	1
dang shi zhe	当事者	1
dang jin wu bei	当今无辈	1
dang ling	当令	1
dang zhi	当值	1
dang er	当儿	1
dang xian	当先	1
dang chu qu	当出去	1
dang xing er wang	当刑而王	1
dang wu shi zhong	当务始终	1
dang wu	当午	1
dang kou	当口	1
dang kou er	当口儿	1
dang lang	当啷	1
dang chang chu chou	当场出丑	1
dang chang chu cai	当场出彩	1
dang tang	当堂	1
dang wai ren kan	当外人看	1
dang ye	当夜	1
dang tou yi bang	当头一棒	1
dang tou dui mian	当头对面	1
dang tou bang he	当头棒喝	1
dang zi	当子	1
dang jia ren	当家人	1
dang jia zuo zhu	当家做主	1
dang jia li ji	当家理纪	1
dang jia de	当家的	1
dang jia li ye	当家立业	1
dang jia li shi	当家立事	1
dang jia li ji	当家立纪	1
dang jia li ji	当家立计	1
dang ju zhe mi	当局者迷	1
dang chai	当差	1
dang zheng	当政	1
dang duan bu duan	当断不断	1
dang chao	当朝	1
dang ji li jue	当机立决	1
dang ji li duan	当机立断	1
dang quan	当权	1
dang quan pai	当权派	1
dang tu	当涂	1
dang ban	当班	1
dang zhuo bu zhuo	当着不着	1
dang piao	当票	1
dang kong	当空	1
dang li zhi nian	当立之年	1
dang jin	当紧	1
dang er pang feng	当耳旁风	1
dang er bian feng	当耳边风	1
dang xiong	当胸	1
dang yao	当腰	1
dang hang chu se	当行出色	1
dang hang ben se	当行本色	1
dang lu	当路	1
dang zhou chu zhong	当轴处中	1
dang liang	当量	1
dang pu lao ban	当铺老板	1
dang men di hu	当门抵户	1
dang jian er	当间儿	1
dang yang	当阳	1
dang mian shu xin bei mian xiao	当面输心背面笑	1
dang mian cuo guo	当面错过	1
dang mian luo dui mian gu	当面锣对面鼓	1
dang feng bing zhu	当风秉烛	1
lu xiang pian	录像片	1
zhi jian dou jiu	彘肩斗酒	1
yi wen	彝文	1
xing jie shi jin	形劫势禁	1
xing dan ying shuang	形单影双	1
xing dan ying zhi	形单影只	1
xing zhi ying dan	形只影单	1
xing gu ying zhi	形孤影只	1
xing shi shang	形式上	1
xing ying bu li	形影不离	1
xing ying xiang yi	形影相依	1
xing ying xiang diao	形影相吊	1
xing ying xiang dui	形影相对	1
xing ying xiang fu	形影相附	1
xing ying xiang sui	形影相随	1
xing shu	形数	1
xing pang	形旁	1
xing wang ying qu	形枉影曲	1
xing ge shi jin	形格势禁	1
xing xiang	形相	1
xing shen jian bei	形神兼备	1
xing jin shi ge	形禁势格	1
xing er shang	形而上	1
xing xiang hua	形象化	1
xing xiang gong cheng	形象工程	1
xing xiang si wei	形象思维	1
xing xiang xing	形象性	1
xing ji ke yi	形迹可疑	1
xing xiao gu li	形销骨立	1
tong hong	彤红	1
cai yun yi san	彩云易散	1
cai xiang	彩像	1
cai mo hua	彩墨画	1
cai pai lou	彩牌楼	1
cai guan	彩管	1
cai zhi	彩纸	1
cai se bo li	彩色玻璃	1
cai die	彩蝶	1
cai yi yu qin	彩衣娱亲	1
cai men	彩门	1
biao xing da han	彪形大汉	1
diao zhang lou ju	彫章镂句	1
diao gan zhuo shen	彫肝琢肾	1
bin bin ji ji	彬彬济济	1
peng ze	彭泽	1
zhang shan dan e	彰善瘅恶	1
zhang ming zhao zhe	彰明昭着	1
zhang ming zhao zhu	彰明昭著	1
zhang ming jiao zhu	彰明较着	1
zhang ming jiao zhu	彰明较著	1
ying ren	影人	1
ying qu	影区	1
ying yin jian	影印件	1
ying zhi xing dan	影只形单	1
ying zhi xing gu	影只形孤	1
ying zi nei ge	影子内阁	1
ying xing bu li	影形不离	1
ying ying chuo chuo	影影绰绰	1
ying xi	影戏	1
ying pian er	影片儿	1
ying shi jie	影视界	1
ying diao	影调	1
ying diao ju	影调剧	1
pang fo	彷佛	1
yi chu	役畜	1
che shang che xia	彻上彻下	1
che nei che wai	彻内彻外	1
che cha	彻查	1
che shou che wei	彻首彻尾	1
che gu	彻骨	1
bi yi shi ci yi shi	彼一时此一时	1
bi chang ci he	彼倡此和	1
bi chang ci he	彼唱此和	1
wang zhu huan ting	往渚还汀	1
wang huan	往还	1
zheng jiao	征剿	1
zheng fa	征发	1
zheng zhao	征召	1
zheng fu	征夫	1
zheng lian wu du	征敛无度	1
zheng diao	征调	1
jing qing zhi xing	径情直行	1
jing xing	径行	1
jing xing zhi sui	径行直遂	1
dai ren jie wu	待人接物	1
dai jia er gu	待价而沽	1
dai tu shou zhu	待兔守株	1
dai zhi	待制	1
dai ban	待办	1
dai fa	待发	1
dai zi gui zhong	待字闺中	1
dai ding xi shu fa	待定系数法	1
dai ke	待客	1
dai gang	待岗	1
dai jian	待建	1
dai pi	待批	1
dai cheng	待承	1
dai shi shou fen	待时守分	1
dai shi er dong	待时而动	1
dai yue xi xiang	待月西厢	1
dai cha	待查	1
dai li bu li	待理不理	1
dai yong	待用	1
dai xu	待续	1
dai kao	待考	1
dai pin	待聘	1
dai jia er gu	待贾而沽	1
hen du	很毒	1
hen zang	很脏	1
lv ling	律令	1
lv tiao	律条	1
tu huan nai he	徒唤奈何	1
tu zi tu sun	徒子徒孙	1
tu sun	徒孙	1
tu tuo kong yan	徒托空言	1
tu you qi ming	徒有其名	1
tu you qi biao	徒有其表	1
tu you xu ming	徒有虚名	1
tu tuo kong yan	徒讬空言	1
tu du fu shu	徒读父书	1
tu zhang	徒长	1
de bu chang sang	得不偿丧	1
de bu bu shi	得不补失	1
de bu chou shi	得不酬失	1
de le ba	得了吧	1
dei kui	得亏	1
de ren xin	得人心	1
de ren si li	得人死力	1
de tu wang ti	得兔忘蹄	1
de qi san mei	得其三昧	1
de qi suo zai	得其所哉	1
de jin	得劲	1
dei he shui le	得喝水了	1
de shi can ban	得失参半	1
de shi zai ren	得失在人	1
de shi cheng bai	得失成败	1
de shi xiang ban	得失相半	1
de shi rong ku	得失荣枯	1
de xu ru long	得婿如龙	1
de cun de chi	得寸得尺	1
de cun jin chi	得寸进尺	1
de chi de cun	得尺得寸	1
de yi zhi zuo	得意之作	1
de yi zhi se	得意之色	1
de yi wang xing	得意忘形	1
de yi wang yan	得意忘言	1
de yi wang xiang	得意忘象	1
de yi yang yang	得意扬扬	1
de yi qi lai	得意起来	1
de yi men sheng	得意门生	1
de shou ying xin	得手应心	1
de shu	得数	1
de yue jiao xian	得月较先	1
de wei chang you	得未尝有	1
de wei ceng you	得未曾有	1
de bu jin bu	得步进步	1
de fa	得法	1
de kong	得空	1
de er fu shi	得而复失	1
de sheng	得胜	1
de sheng hui chao	得胜回朝	1
de sheng tou hui	得胜头回	1
de bo neng xian	得薄能鲜	1
de guo qie guo	得过且过	1
de dao duo zhu	得道多助	1
de jian	得间	1
de long wang shu	得陇望蜀	1
de rao ren chu qie rao ren	得饶人处且饶人	1
de ma shi ma	得马失马	1
de ma she zu	得马折足	1
de ma sheng zai	得马生灾	1
de yu wang quan	得鱼忘筌	1
de yu wang quan	得鱼忘荃	1
xi shan yuan zui	徙善远罪	1
xi zhai wang qi	徙宅忘妻	1
xi xin qu tu	徙薪曲突	1
yu gou hong ye	御沟红叶	1
xun ming he shi	循名核实	1
xun huan lun	循环论	1
xun song xi chuan	循诵习传	1
wei shao	微少	1
wei yun	微晕	1
wei fu	微服	1
wei fu si xing	微服私行	1
wei xue guan	微血管	1
wei xing	微行	1
wei yan da yi	微言大义	1
wei yan da yi	微言大谊	1
wei guo xi gu	微过细故	1
de xing shi	德兴市	1
de hua	德化	1
de zun wang zhong	德尊望重	1
de zhou pa ji	德州扒鸡	1
de zhi ti	德智体	1
de qian xing bao	德浅行薄	1
de sheng tou hui	德胜头迴	1
de bo cai shu	德薄才疏	1
de bao cai xian	德薄才鲜	1
de bo neng xian	德薄能鲜	1
de pei tian di	德配天地	1
de zhong en hong	德重恩弘	1
de long wang zhong	德隆望重	1
de yin mo wei	德音莫违	1
jiao xing	徼幸	1
hui hao	徽号	1
hui diao	徽调	1
xin shang xin xia	心上心下	1
xin bu liang yong	心不两用	1
xin bu ying kou	心不应口	1
xin bu you zhu	心不由主	1
xin bu you yi	心不由意	1
xin zhong yi lin	心中一懔	1
xin zhong wu shu	心中无数	1
xin zhi guan ze si	心之官则思	1
xin shi chong chong	心事重重	1
xin chuan	心传	1
xin di yi ju	心低意沮	1
xin dao shen zhi	心到神知	1
xin jin	心劲	1
xin qu nan liu	心去难留	1
xin kou bu yi	心口不一	1
xin kou xiang ying	心口相应	1
xin tong zhi shui	心同止水	1
xin shan	心善	1
xin hui yi zhuan	心回意转	1
xin zai wei que	心在魏阙	1
xin jian shi chuan	心坚石穿	1
xin tou zhuang lu	心头撞鹿	1
xin tou rou	心头肉	1
xin tou lu zhuang	心头鹿撞	1
xin ru jian shi	心如坚石	1
xin ru mu shi	心如木石	1
xin ru jin shi	心如金石	1
xin ru tie shi	心如铁石	1
xin cun yi lv	心存疑虑	1
xin cun jie di	心存芥蒂	1
xin kuan ti pan	心宽体胖	1
xin han dan luo	心寒胆落	1
xin xiao zhi da	心小志大	1
xin guang ti pan	心广体胖	1
xin xin xiang yin	心心相印	1
xin xin xiang lian	心心相连	1
xin ji huo liao	心急火燎	1
xin yue cheng fu	心悦诚服	1
xin jing dan luo	心惊胆落	1
xin jing dan lie	心惊胆裂	1
xin jing dan zhan	心惊胆颤	1
xin huang liao luan	心慌撩乱	1
xin mu shou zhui	心慕手追	1
xin shou xiang ying	心手相应	1
xin shou xiang wang	心手相忘	1
xin zhe	心折	1
xin zhuo kou ben	心拙口夯	1
xin mo shou zhui	心摹手追	1
xin shu	心数	1
xin wu pang wu	心无旁骛	1
xin kuang shen yu	心旷神愉	1
xin qu	心曲	1
xin you yu er li bu zu	心有余而力不足	1
xin you ling xi yi dian tong	心有灵犀一点通	1
xin fu	心服	1
xin fu kou fu	心服口服	1
xin fu shou ken	心服首肯	1
xin shu	心术	1
xin shu bu zheng	心术不正	1
xin shu bu duan	心术不端	1
xin yun dan luo	心殒胆落	1
xin du	心毒	1
xin fu qi sheng	心浮气盛	1
xin man yi de	心满意得	1
xin chao qi fu	心潮起伏	1
xin jiao huo liao	心焦火燎	1
xin hen shou du	心狠手毒	1
xin wang	心王	1
xin dian gan ying	心电感应	1
xin yi	心疑	1
xin bing hai xu xin yao yi	心病还须心药医	1
xin yang nan zhua	心痒难抓	1
xin yang nan zhua	心痒难挝	1
xin yang nan nao	心痒难挠	1
xin yang nan rou	心痒难揉	1
xin zhan wei que	心瞻魏阙	1
xin zhi qi yi	心知其意	1
xin shen bu ning	心神不宁	1
xin shen bu ding	心神不定	1
xin cu dan da	心粗胆大	1
xin xi yu fa	心细于发	1
xin xi ru fa	心细如发	1
xin zhi bi geng	心织笔耕	1
xin dan ju lie	心胆俱裂	1
xin fu da huan	心腹大患	1
xin fu zhong huan	心腹重患	1
xin hua nu fa	心花怒发	1
xin ruo si hui	心若死灰	1
xin shuai	心衰	1
xin xu	心许	1
xin yi ri xiu	心逸日休	1
xin zhong	心重	1
xin chang li duan	心长力短	1
xin chang fa duan	心长发短	1
xin chang geng duan	心长绠短	1
xin xiong wan fu	心雄万夫	1
xin fei xiang yi	心非巷议	1
xin ling yi hui	心领意会	1
xin ling shen hui	心领神会	1
xin chi wei que	心驰魏阙	1
xin hei	心黑	1
bi bu de yi	必不得已	1
bi bu nao bei	必不挠北	1
bi ye zheng ming	必也正名	1
bi zheng zhi di	必争之地	1
bi dei	必得	1
bi cao sheng quan	必操胜券	1
bi ran wang guo	必然王国	1
bi yao chan pin	必要产品	1
bi yao lao dong	必要劳动	1
bi gong bi qin	必躬必亲	1
yi ku si tian	忆苦思甜	1
ji dan	忌惮	1
ji shi	忌食	1
ren jun bu zhu	忍俊不住	1
ren jun bu jin	忍俊不禁	1
ren ru	忍辱	1
ren ji ai e	忍饥挨饿	1
tan shang te xia	忐上忑下	1
tan te bu ding	忐忑不定	1
cun duo	忖度	1
cun liang	忖量	1
zhi jian xing ku	志坚行苦	1
zhi da cai shu	志大才疏	1
zhi guang cai shu	志广才疏	1
zhi de yi man	志得意满	1
zhi de qi ying	志得气盈	1
zhi jie xing fang	志洁行芳	1
zhi man yi de	志满意得	1
zhi man qi de	志满气得	1
zhi mei xing li	志美行厉	1
zhi jie	志节	1
zhi qu	志趣	1
wang hu qi xing	忘乎其形	1
wang qi suo yi	忘其所以	1
wang chuo fei zhen	忘啜废枕	1
wang qin fei shi	忘寝废食	1
wang nian zhi qi	忘年之契	1
wang nian zhi hao	忘年之好	1
wang xing zhi qi	忘形之契	1
wang en bei yi	忘恩背义	1
wang xiang de yi	忘象得意	1
mang bu ze jia	忙不择价	1
mang bu die	忙不迭	1
mang zhong you shi	忙中有失	1
mang de bu yi le hu	忙得不亦乐乎	1
zhong bu bi wei	忠不避危	1
zhong pu	忠仆	1
zhong xin	忠信	1
zhong xiao jie yi	忠孝节义	1
zhong zhen bu yu	忠贞不渝	1
zhong zhen bu er	忠贞不贰	1
zhong gu	忠骨	1
you guo wang jia	忧国忘家	1
you xin qiao qiao	忧心悄悄	1
you si	忧思	1
you shen si yuan	忧深思远	1
you sheng wei ming	忧盛危明	1
you men	忧闷	1
kuai ren kuai yu	快人快语	1
kuai xin	快信	1
kuai dang	快当	1
kuai yi dang qian	快意当前	1
kuai du po che	快犊破车	1
kuai xing	快行	1
kuai yu	快语	1
nian zi zai zi	念兹在兹	1
nian ji	念及	1
nian nian you ci	念念有词	1
niu ni bu an	忸怩不安	1
hu di	忽地	1
hu hu bu le	忽忽不乐	1
hu ming hu an	忽明忽暗	1
hu yin hu xian	忽隐忽现	1
fen bu gu shen	忿不顾身	1
fen fen bu ping	忿忿不平	1
fen huo zhong shao	忿火中烧	1
huai cai bu yu	怀才不遇	1
huai di fu yuan	怀敌附远	1
huai zhu yun yu	怀珠韫玉	1
huai bi qi zui	怀璧其罪	1
huai zhe gui tai	怀着鬼胎	1
huai yuan	怀远	1
huai qian ti qian	怀铅提椠	1
huai qian wo qian	怀铅握椠	1
chang ran ruo shi	怅然若失	1
chuang di hu tian	怆地呼天	1
chuang tian hu di	怆天呼地	1
zen me de	怎么的	1
zen di	怎地	1
zen de	怎的	1
zen zhi	怎知	1
yang yang bu le	怏怏不乐	1
yang yang bu yue	怏怏不悦	1
nu bu ke e	怒不可遏	1
nu chong chong	怒冲冲	1
nu fa chong guan	怒发冲冠	1
nu hao	怒号	1
nu he	怒喝	1
nu qi chong chong	怒气冲冲	1
nu qi chong tian	怒气冲天	1
nu qi tian xiong	怒气填胸	1
nu huo zhong shao	怒火中烧	1
nu huo chong tian	怒火冲天	1
nu mu qie chi	怒目切齿	1
nu mu heng mei	怒目横眉	1
zheng zhu	怔住	1
zheng zhong	怔忪	1
pa feng qie yu	怕风怯雨	1
pa gui you gui	怕鬼有鬼	1
hu e bu quan	怙恶不悛	1
hu zhong bu hui	怙终不悔	1
hu zhong bu quan	怙终不悛	1
hu guo bu quan	怙过不悛	1
hu wan bu quan	怙顽不悛	1
si bu chu wei	思不出位	1
si qin	思亲	1
si fan	思凡	1
si qian xiang hou	思前想后	1
si gu	思古	1
si ru yong quan	思如涌泉	1
si fu bing mu	思妇病母	1
si gui qi ci	思归其雌	1
si cun	思忖	1
si lian	思恋	1
si huan yu fang	思患预防	1
si qing	思情	1
si wei	思惟	1
si xiang ti xi	思想体系	1
si xiang xing	思想性	1
si mu	思慕	1
si suo zhu zhi	思所逐之	1
si jiu	思旧	1
si chun	思春	1
si shen you yuan	思深忧远	1
si chao qi fu	思潮起伏	1
si xu wan qian	思绪万千	1
si kao ti	思考题	1
si lv	思虑	1
si yi	思议	1
si mou	思谋	1
si xian ru ke	思贤如渴	1
si bian	思辨	1
si guo	思过	1
yi he	怡和	1
yi tang yan que	怡堂燕雀	1
yi ran zi le	怡然自乐	1
yi ran zi de	怡然自得	1
yi ran zi ruo	怡然自若	1
ji bu ji dai	急不及待	1
ji bu ke dai	急不可待	1
ji bu ke nai	急不可耐	1
ji bu ze yan	急不择言	1
ji bu ze lu	急不择路	1
ji bu ze tu	急不择途	1
ji bu xia ze	急不暇择	1
ji zhong sheng zhi	急中生智	1
ji ren zhi nan	急人之难	1
ji gong hao yi	急公好义	1
ji gong hao shi	急公好施	1
ji sha che	急刹车	1
ji gong hao li	急功好利	1
ji kou ling	急口令	1
ji chu cong kuan	急处从宽	1
ji ru feng huo	急如风火	1
ji zhang ju zhu	急张拘诸	1
ji ji ru lv ling	急急如律令	1
ji jing feng zhuang zhe man lang zhong	急惊风撞着慢郎中	1
ji pai fan xian	急拍繁弦	1
ji jiu bao	急救包	1
ji jiu che	急救车	1
ji lian bao zheng	急敛暴征	1
ji ying diao nian	急景凋年	1
ji jing liu nian	急景流年	1
ji lai bao fo jiao	急来报佛脚	1
ji lai bao fo jiao	急来抱佛脚	1
ji zhu fan si	急竹繁丝	1
ji guan fan xian	急管繁弦	1
ji mai huan shou	急脉缓受	1
ji mai huan jiu	急脉缓灸	1
ji fu zheng	急腹症	1
ji xing jun	急行军	1
ji yao	急要	1
ji qi zhi zhui	急起直追	1
ji zhuan	急转	1
ji zhuan wan	急转弯	1
ji zhuan zhi xia	急转直下	1
ji nan	急难	1
ji feng	急风	1
ji feng bao yu	急风暴雨	1
ji feng zhou yu	急风骤雨	1
xing xing	性行	1
xing jie fang	性解放	1
yuan bu de	怨不得	1
yuan ru gu sui	怨入骨髓	1
yuan sheng zai dao	怨声载道	1
yuan tian yuan di	怨天怨地	1
yuan nv	怨女	1
yuan nv kuang fu	怨女旷夫	1
yuan jia zhai zhu	怨家债主	1
yuan du	怨毒	1
yuan qi chong tian	怨气冲天	1
guai cai	怪才	1
guai yang er	怪样儿	1
guai mo guai yang	怪模怪样	1
guai xiang	怪相	1
guai shi	怪石	1
guai shi lin xun	怪石嶙峋	1
guai lun	怪论	1
guai dan bu jing	怪诞不经	1
guai dan gui qi	怪诞诡奇	1
guai diao	怪调	1
guai yu mang feng	怪雨盲风	1
fu ran bu yue	怫然不悦	1
qie chang	怯场	1
qie tou qie nao	怯头怯脑	1
chu tou	怵头	1
zong chan	总产	1
zong wu zhang	总务长	1
zong can	总参	1
zong he	总合	1
zong kuo	总括	1
zong xiao	总校	1
zong de shuo lai	总的说来	1
zong tong tao fang	总统套房	1
zong ba gong	总罢工	1
zong xing	总行	1
zong jiao	总角	1
zong jiao zhi jiao	总角之交	1
zong jiao zhi hao	总角之好	1
zong lun	总论	1
zong ping	总评	1
zong ze	总责	1
zong zhang	总账	1
zong qi lai kan	总起来看	1
zong zhang	总长	1
nen di	恁地	1
shi qiang ling ruo	恃强凌弱	1
kuang qie bu qian	恇怯不前	1
lian xiang	恋乡	1
lian jia	恋家	1
lian lian nan she	恋恋难舍	1
lian zhan bu qu	恋栈不去	1
huang ran ruo shi	恍然若失	1
huang ruo	恍若	1
kong huang wan zhuang	恐慌万状	1
heng he yi sha	恒河一沙	1
heng he sha shu	恒河沙数	1
heng liang	恒量	1
shu bu feng pei	恕不奉陪	1
hui fu qi	恢复期	1
hui hong da du	恢宏大度	1
hui kuo da du	恢廓大度	1
hui hui you yu	恢恢有余	1
zi xiong ren e	恣凶稔恶	1
zi xin zong yu	恣心纵欲	1
zi qing zong yu	恣情纵欲	1
zi yi wang wei	恣意妄为	1
zi yi wang xing	恣意妄行	1
zi wu ji dan	恣无忌惮	1
zi sui	恣睢	1
zi sui wu ji	恣睢无忌	1
zi zong	恣纵	1
zi xing wu ji	恣行无忌	1
hen zhi ru gu	恨之入骨	1
hen ru gu sui	恨入骨髓	1
hen ru tou cu	恨如头醋	1
hen wan	恨晚	1
hen hai nan tian	恨海难填	1
hen xiang zhi wan	恨相知晚	1
hen xiang jian wan	恨相见晚	1
hen tie bu cheng gang	恨铁不成钢	1
en bu fang zhai	恩不放债	1
en tong zai zao	恩同再造	1
en tong shan yue	恩同山岳	1
en tong fu mu	恩同父母	1
en wei bing yong	恩威并用	1
en wei bing xing	恩威并行	1
en jiang chou bao	恩将仇报	1
en yuan fen ming	恩怨分明	1
en en xiang bao	恩恩相报	1
en you zhong bao	恩有重报	1
en ze	恩泽	1
en shen yi zhong	恩深义重	1
en shen yuan sheng	恩甚怨生	1
en ruo zai sheng	恩若再生	1
en rong bing ji	恩荣并济	1
en zhong ru shan	恩重如山	1
en zhong tai shan	恩重泰山	1
ke shou bu yu	恪守不渝	1
dong he	恫吓	1
dong yi xu he	恫疑虚喝	1
dong yi xu ge	恫疑虚猲	1
tian bu wei guai	恬不为怪	1
tian bu wei yi	恬不为意	1
tian bu zhi guai	恬不知怪	1
tian bu zhi kui	恬不知愧	1
tian bu zhi xiu	恬不知羞	1
tian bu zhi chi	恬不知耻	1
tian he	恬和	1
tian dan wu wei	恬淡无为	1
gong ting	恭听	1
gong jing bu ru cong ming	恭敬不如从命	1
gong er you li	恭而有礼	1
gong xing tian fa	恭行天罚	1
gong feng qi sheng	恭逢其盛	1
xi shi ning ren	息事宁人	1
xi xi xiang tong	息息相通	1
xi lv	息率	1
xi ji jing chu	息迹静处	1
qia qie	恰切	1
ken qie	恳切	1
wu bu qu shan	恶不去善	1
e shi	恶事	1
e shi chuan qian li	恶事传千里	1
e shi xing qian li	恶事行千里	1
e ren xian gao zhuang	恶人先告状	1
e zhang	恶仗	1
e zhao	恶兆	1
e xiong xiong	恶凶凶	1
e cha bai lai	恶叉白赖	1
e bian	恶变	1
e ming	恶名	1
e xiang dan bian sheng	恶向胆边生	1
e hen hen	恶噷噷	1
e sheng	恶声	1
e sheng e qi	恶声恶气	1
e fu	恶妇	1
e shao	恶少	1
e chen wu ran	恶尘无染	1
wu ju xia liu	恶居下流	1
e tu	恶徒	1
e nian	恶念	1
wu wu cong duan	恶恶从短	1
e yi zhong shang	恶意中伤	1
e gan	恶感	1
e zhan	恶战	1
e dou	恶斗	1
e you e bao	恶有恶报	1
e gun	恶棍	1
e qi	恶气	1
e zhuo	恶浊	1
e lang	恶浪	1
wu shi ju xia	恶湿居下	1
e sha	恶煞	1
e gou	恶狗	1
e hen	恶狠	1
e ji	恶疾	1
e pi	恶癖	1
e zhi chou zheng	恶直丑正	1
e xiang	恶相	1
e ji huo ying	恶积祸盈	1
e ji ying zhi	恶籍盈指	1
wu zi duo zhu	恶紫夺朱	1
e hu bu shi zi	恶虎不食子	1
e yi e shi	恶衣恶食	1
e yi li shi	恶衣粝食	1
e yi fei shi	恶衣菲食	1
e yi shu shi	恶衣蔬食	1
e yan	恶言	1
e yan li se	恶言厉色	1
e yan li ci	恶言詈辞	1
e yu	恶语	1
e yu zhong shang	恶语中伤	1
e yu shang ren	恶语伤人	1
e yu shang ren liu yue han	恶语伤人六月寒	1
e yu xiang jia	恶语相加	1
e guan yi ying	恶贯已盈	1
e guan man ying	恶贯满盈	1
e yun	恶运	1
e ji	恶迹	1
e ji zhao zhe	恶迹昭着	1
e ji zhao zhu	恶迹昭著	1
wu zui qiang jiu	恶醉强酒	1
e lu	恶露	1
e ma	恶骂	1
e gui	恶鬼	1
ce yin	恻隐	1
ce yin zhi xin	恻隐之心	1
kun bi wu hua	悃愊无华	1
qiao sheng	悄声	1
qiao ji	悄寂	1
qiao mei sheng	悄没声	1
qiao ran wu sheng	悄然无声	1
xi suo bo fu	悉索薄赋	1
han jiang	悍将	1
han ran bu gu	悍然不顾	1
yi yi bu le	悒悒不乐	1
hui bu dang chu	悔不当初	1
hui bu gai	悔不该	1
hui zhi bu ji	悔之不及	1
hui qi shao zuo	悔其少作	1
hui yue	悔约	1
hui du nan hua	悔读南华	1
hui guo	悔过	1
hui guo shu	悔过书	1
hui guo zi xin	悔过自新	1
hui guo zi ze	悔过自责	1
you you ran	悠悠然	1
you you zi de	悠游自得	1
you ran zi de	悠然自得	1
huan nan yu gong	患难与共	1
huan nan zhi jiao	患难之交	1
huan nan fu qi	患难夫妻	1
yue fu	悦服	1
yue jin lai yuan	悦近来远	1
xuan jian kong long	悬剑空垄	1
xuan tou ci gu	悬头刺股	1
xuan ya le ma	悬崖勒马	1
xuan ya sa shou	悬崖撒手	1
xuan ya zhuan shi	悬崖转石	1
xuan jing wan li	悬旌万里	1
xuan liang ci gu	悬梁刺股	1
xuan liang ci gu	悬梁刺骨	1
xuan guan	悬棺	1
xuan deng jie cai	悬灯结彩	1
xuan huan su can	悬狟素飡	1
xuan dan cheng shu	悬石程书	1
xuan chang gua du	悬肠挂肚	1
xuan ruo ri yue	悬若日月	1
xuan che zhi sui	悬车之岁	1
xuan che zhi nian	悬车之年	1
xuan che gao lao	悬车告老	1
xuan che shu ma	悬车束马	1
xuan che zhi shi	悬车致仕	1
xuan gou zi	悬钩子	1
xuan shou wu que	悬首吴阙	1
xuan tuo jiu shi	悬驼就石	1
xuan chun bai jie	悬鹑百结	1
xuan gu dai zhui	悬鼓待椎	1
xuan gui xi yu	悬龟系鱼	1
bei bu zi sheng	悲不自胜	1
bei cong zhong lai	悲从中来	1
bei qie	悲切	1
bei hao	悲号	1
bei ye	悲咽	1
bei sheng zai dao	悲声载道	1
bei si	悲思	1
bei bei qie qie	悲悲切切	1
bei fen tian ying	悲愤填膺	1
bei ge ji zhu	悲歌击筑	1
bei guan zhu yi	悲观主义	1
bei guan yan shi	悲观厌世	1
dao wang	悼亡	1
qing bu ke que	情不可却	1
qing bu zi yi	情不自已	1
qing qi yi qie	情凄意切	1
qing tong yi jia	情同一家	1
qing tong shou zu	情同手足	1
qing tong gu rou	情同骨肉	1
qing fu yi he	情孚意合	1
qing tou qi he	情投契合	1
qing tou yi he	情投意合	1
qing tou yi he	情投谊合	1
qing wen bing mao	情文并茂	1
qing jing jiao rong	情景交融	1
qing you ke yuan	情有可原	1
qing shen yi zhong	情深义重	1
qing shen si hai	情深似海	1
qing shen yi zhong	情深意重	1
qing shen yi chang	情深意长	1
qing shen gu rou	情深骨肉	1
qing li nan rong	情理难容	1
qing zhen yi qie	情真意切	1
qing zhi yi jin	情至意尽	1
qing jian hu yan	情见乎言	1
qing jian hu ci	情见乎词	1
qing xian hu ci	情见乎辞	1
qing jian yu se	情见于色	1
qing xian li qu	情见力屈	1
qing xian shi qu	情见势屈	1
qing jian shi jie	情见埶竭	1
qing yu gu rou	情逾骨肉	1
qing zhong jiang gong	情重姜肱	1
qing chang zhi duan	情长纸短	1
qing fei de yi	情非得已	1
qing mian nan que	情面难却	1
dun du	惇笃	1
jing dao	惊倒	1
jing xi ruo kuang	惊喜若狂	1
jing tian di qi gui shen	惊天地泣鬼神	1
jing xin sang po	惊心丧魄	1
jing xin lie dan	惊心裂胆	1
jing kong wan zhuang	惊恐万状	1
jing huang wan zhuang	惊惶万状	1
jing cai feng yi	惊才风逸	1
jing she ru cao	惊蛇入草	1
jing jian hai wen	惊见骇闻	1
jing jue	惊觉	1
jing tiao	惊跳	1
jing cai jue yan	惊采绝艳	1
jing xian pian	惊险片	1
jing feng	惊风	1
jing feng nu tao	惊风怒涛	1
jing feng hai lang	惊风骇浪	1
jing hun sang po	惊魂丧魄	1
jing hun she po	惊魂摄魄	1
jing hun luo po	惊魂落魄	1
wang ran ruo shi	惘然若失	1
chuo da shang cui	惙怛伤悴	1
xi ke hao yi	惜客好义	1
xi bai	惜败	1
wei li shi qu	惟利是趋	1
wei ming shi cong	惟命是从	1
wei miao wei xiao	惟妙惟肖	1
wei suo yu wei	惟所欲为	1
wei ri bu zu	惟日不足	1
wei ri wei sui	惟日为岁	1
wei xiao wei miao	惟肖惟妙	1
hui zi zhi wo	惠子知我	1
hui geng si	惠更斯	1
hui er bu fei	惠而不费	1
hui feng	惠风	1
hui feng he chang	惠风和畅	1
can bu ren yan	惨不忍言	1
can bu ren wen	惨不忍闻	1
can dan jing ying	惨澹经营	1
can ran bu le	惨然不乐	1
can lv shao nian	惨绿少年	1
can lv nian hua	惨绿年华	1
can lv chou hong	惨绿愁红	1
can yu suan feng	惨雨酸风	1
cheng e quan shan	惩恶劝善	1
cheng yi	惩艾	1
qie xin gui dang	惬心贵当	1
can zuo	惭怍	1
dan he qian li	惮赫千里	1
duo xing qi ti	惰性气体	1
xiang tou	想头	1
xiang wang feng cai	想望丰采	1
xiang wang feng huai	想望风褱	1
xiang wang feng cai	想望风采	1
zhui zhui bu an	惴惴不安	1
huang kong bu an	惶恐不安	1
huang huang bu ke zhong ri	惶惶不可终日	1
huang huang bu an	惶惶不安	1
huang huang ran	惶惶然	1
xing song	惺忪	1
xing xing xiang xi	惺惺相惜	1
qiao ran bu le	愀然不乐	1
qiao ran wu le	愀然无乐	1
chou duo ye chang	愁多夜长	1
chou shan men hai	愁山闷海	1
chou si	愁思	1
chou pan bing shen	愁潘病沈	1
chou mei bu zhan	愁眉不展	1
chou hong yuan lv	愁红怨绿	1
chou hong can lv	愁红惨绿	1
chou chang jiu zhuan	愁肠九转	1
chou chang bai jie	愁肠百结	1
chou chang ti jiu	愁长殢酒	1
chou men	愁闷	1
qian qi	愆期	1
yu lai yu shao	愈来愈少	1
yi zhong	意中	1
yi zhong ren	意中人	1
yi yi shen chang	意义深长	1
yi hui	意会	1
yi xing	意兴	1
yi xing ang ran	意兴盎然	1
yi xing suo ran	意兴索然	1
yi he qing tou	意合情投	1
yi guang cai shu	意广才疏	1
yi de zhi man	意得志满	1
yi qi xiang de	意气相得	1
yi qi xiang tou	意气相投	1
yi qi zi ruo	意气自若	1
yi man zhi de	意满志得	1
yi jian xiang	意见箱	1
yi jian bu	意见簿	1
yi qu	意趣	1
yi zhuan xin hui	意转心回	1
yu bu ke ji	愚不可及	1
yu fu yu fu	愚夫愚妇	1
yu fu chun fu	愚夫蠢妇	1
yu mei wu zhi	愚昧无知	1
yu meng	愚氓	1
yu meng	愚蒙	1
yu jian	愚见	1
gan jin si xi	感今思昔	1
gan guang pian	感光片	1
gan fa	感发	1
gan tan ju	感叹句	1
gan tian dong di	感天动地	1
gan ying quan	感应圈	1
gan ying dian liu	感应电流	1
gan xing ren shi	感性认识	1
gan en he de	感恩荷德	1
gan kai wan duan	感慨万端	1
gan kai xi zhi	感慨系之	1
gan he	感荷	1
gan jue qi guan	感觉器官	1
gan xie xin	感谢信	1
leng tou leng nao	愣头愣脑	1
fen bu yu sheng	愤不欲生	1
fen bu gu shen	愤不顾身	1
fen shi ji xie	愤世疾邪	1
fen feng jing lang	愤风惊浪	1
kui tian zuo ren	愧天怍人	1
kui zuo	愧怍	1
kui hui wu di	愧悔无地	1
kui han	愧汗	1
ci he	慈和	1
ci bei wei ben	慈悲为本	1
ci fu	慈父	1
huang bu ze lu	慌不择路	1
shen zhi you shen	慎之又慎	1
shen si	慎思	1
shen zhong zhui yuan	慎终追远	1
shen xing	慎行	1
shen zhong qi shi	慎重其事	1
she yu	慑于	1
she fu	慑服	1
mu gu bo jin	慕古薄今	1
man hua	慢化	1
man po	慢坡	1
man dai	慢待	1
man tiao si li	慢条丝礼	1
man tiao si li	慢条厮礼	1
man tiao si li	慢条斯理	1
man tiao si li	慢条斯礼	1
man cang hui dao	慢藏诲盗	1
man shuo	慢说	1
man che	慢车	1
man che dao	慢车道	1
hui xin qiao si	慧心巧思	1
kai dang yi kang	慨当以慷	1
kai ran ying yun	慨然应允	1
wei wen pin	慰问品	1
wei wen dian	慰问电	1
kang kai lin li	慷慨淋漓	1
kang kai jie nang	慷慨解囊	1
kang kai shu jiang	慷慨输将	1
bie de huang	憋得慌	1
bie men	憋闷	1
bie men qi	憋闷气	1
zeng ai fen ming	憎爱分明	1
han zhuang ke ju	憨状可掬	1
jing ran you wu	憬然有悟	1
chu tou	憷头	1
ao sang	懊丧	1
lan gu tou	懒骨头	1
nuo ci guai shuo	懦词怪说	1
ge lan gao di	戈兰高地	1
shu zu	戍卒	1
rong hang	戎行	1
rong ma kong zong	戎马倥偬	1
rong ma kong zong	戎马倥傯	1
rong ma kuang rang	戎马劻勷	1
xi wu	戏侮	1
xi dan	戏单	1
xi tai	戏台	1
xi yuan zi	戏园子	1
xi chang	戏场	1
xi cai yu qin	戏彩娱亲	1
xi bao zi	戏报子	1
xi wen	戏文	1
xi qu pian	戏曲片	1
xi qu jie	戏曲界	1
xi fu	戏服	1
xi ben	戏本	1
xi xiao	戏校	1
xi lou	戏楼	1
xi fa	戏法	1
xi zhao	戏照	1
xi ban	戏班	1
xi ban zi	戏班子	1
xi mu	戏目	1
xi ma	戏码	1
xi xiang	戏箱	1
xi shua	戏耍	1
xi die you feng	戏蝶游蜂	1
xi yi	戏衣	1
xi zhuang	戏装	1
xi yan	戏言	1
xi ping	戏评	1
xi ci	戏词	1
xi lu	戏路	1
xi mi	戏迷	1
xi guan zi	戏馆子	1
cheng yi jia yan	成一家言	1
cheng ding	成丁	1
cheng ge er	成个儿	1
cheng ye xiao he bai xiao he	成也萧何败萧何	1
cheng shi bu shuo	成事不说	1
cheng ren jiao yu	成人教育	1
cheng chou	成仇	1
cheng ti	成体	1
cheng fo zuo zu	成佛作祖	1
cheng hua	成化	1
cheng qian cheng wan	成千成万	1
cheng qian lei wan	成千累万	1
cheng qian lun wan	成千论万	1
cheng ming cheng jia	成名成家	1
cheng pin liang	成品粮	1
cheng tuan da kuai	成团打块	1
cheng jia li ye	成家立业	1
cheng jia li ji	成家立计	1
cheng xiu	成宿	1
cheng bang jie dui	成帮结队	1
cheng nian lei yue	成年累月	1
cheng xiang	成想	1
cheng shu	成数	1
cheng fu	成服	1
cheng wang bai kou	成王败寇	1
cheng yue	成约	1
cheng qun da huo	成群打伙	1
cheng qun jie huo	成群结伙	1
cheng qun jie dang	成群结党	1
cheng qun jie dui	成群结队	1
cheng hang	成行	1
cheng shuo	成说	1
cheng bai xing fei	成败兴废	1
cheng bai de shi	成败得失	1
cheng bai lun ren	成败论人	1
cheng qu	成趣	1
cheng du ping yuan	成都平原	1
cheng feng zhi zhuo	成风之斫	1
cheng feng jin e	成风尽垩	1
wo men de	我们的	1
wo men zi ji	我们自己	1
wo men zi ji de	我们自己的	1
wo jian you lian	我见犹怜	1
jie yan ling	戒严令	1
jie she ning jian	戒奢宁俭	1
jie chi	戒尺	1
jie tiao	戒条	1
huo ti	或体	1
huo duo huo shao	或多或少	1
qiang zhu	戗住	1
qiang ji	戗脊	1
qiang jin	戗金	1
qiang mian	戗面	1
qiang mian man tou	戗面馒头	1
qiang feng	戗风	1
zhan bu xuan zhong	战不旋踵	1
zhan tian dou di	战天斗地	1
zhan jiang	战将	1
zhan dou yuan	战斗员	1
zhan dou ying xiong	战斗英雄	1
zhan wu bu ke	战无不克	1
zhan wu bu sheng	战无不胜	1
zhan er sheng zhi	战而胜之	1
qi jia jun	戚家军	1
qi shu	戚属	1
ji zhi jiao she	戟指嚼舌	1
ji lin wei yi	戢鳞委翼	1
jie fa cuo gao	截发剉稾	1
jie fa liu bin	截发留宾	1
jie tie zhan ding	截铁斩钉	1
jie chang bu duan	截长补短	1
lu li tong xin	戮力同心	1
lu li qi xin	戮力齐心	1
dai fa han ya	戴发含牙	1
dai fa han chi	戴发含齿	1
dai tian lv di	戴天履地	1
dai tian ji di	戴天蹐地	1
dai tou shi lian	戴头识脸	1
dai mao zi	戴帽子	1
dai ri dai dou	戴日戴斗	1
dai li cheng che	戴笠乘车	1
dai lv mao	戴绿帽	1
dai lv mao zi	戴绿帽子	1
hu cao can jun	户曹参军	1
hu shu bu xiu	户枢不朽	1
hu shu bu lou	户枢不蝼	1
hu shu bu du	户枢不蠹	1
hu ji jing	户籍警	1
hu diao	户调	1
hu zhang	户长	1
hu xian wei chuan	户限为穿	1
hu dou	戽斗	1
fang di chan shi chang	房地产市场	1
fang qi	房契	1
fang liang	房梁	1
fang guan suo	房管所	1
fang ji	房脊	1
fang she	房舍	1
fang tie	房贴	1
suo dao zhi chu	所到之处	1
suo zai di	所在地	1
suo dang wu di	所当无敌	1
suo you zhe quan yi	所有者权益	1
suo jian lve tong	所见略同	1
suo fei bu zi	所费不赀	1
bian yuan	扁圆	1
bian ping zu	扁平足	1
bian xing dong wu	扁形动物	1
bian bian	扁扁	1
bian dan	扁担	1
bian bai	扁柏	1
bian tao	扁桃	1
bian tao ti yan	扁桃体炎	1
bian tao xian	扁桃腺	1
pian zhou	扁舟	1
bian dou	扁豆	1
bian cuo	扁锉	1
bian shi	扁食	1
bian gu	扁骨	1
bian que	扁鹊	1
shan dong	扇动	1
shan zhui	扇坠	1
shan xi wen zhen	扇席温枕	1
shan xing	扇形	1
shan huo	扇惑	1
shan zhen wen xi	扇枕温席	1
shan zhen wen qin	扇枕温衾	1
shan zhen wen bei	扇枕温被	1
shan huo zhi fei	扇火止沸	1
shan bei	扇贝	1
shan che	扇车	1
shan mian	扇面	1
shan mian er	扇面儿	1
shan feng	扇风	1
shan feng ji	扇风机	1
shan feng dian huo	扇风点火	1
shan gu	扇骨	1
shan gu zi	扇骨子	1
shou xia bai jiang	手下败将	1
shou bu ting hui	手不停挥	1
shou bu ting hao	手不停毫	1
shou bu ying xin	手不应心	1
shou bu shi shu	手不释书	1
shou bu shi juan	手不释卷	1
shou ling	手令	1
shou xie ti	手写体	1
shou chuang	手创	1
shou juan	手卷	1
shou da	手大	1
shou jia	手夹	1
shou di xia	手底下	1
shou man	手慢	1
shou kao	手拷	1
shou tui che	手推车	1
shou ti bao	手提包	1
shou ti shi	手提式	1
shou ti xiang	手提箱	1
shou shu dao	手术刀	1
shou mo	手模	1
shou ze	手泽	1
shou ze zhi yi	手泽之遗	1
shou xi	手洗	1
shou zhao	手爪	1
shou xiang	手相	1
shou ying	手硬	1
shou wen	手纹	1
shou jiao gan jing	手脚干净	1
shou zu yi chu	手足异处	1
shou zu chong jian	手足重茧	1
shou che	手车	1
shou qing	手轻	1
shou la	手辣	1
shou zhong	手重	1
shou feng	手风	1
shou feng qin	手风琴	1
cai fen	才分	1
cai hua gai shi	才华盖世	1
cai hua chao zhong	才华超众	1
cai zhan ba dou	才占八斗	1
cai duo shi gua	才多识寡	1
cai da ru hai	才大如海	1
cai da nan yong	才大难用	1
cai kua ba dou	才夸八斗	1
cai guang fang shen	才广妨身	1
cai si	才思	1
cai qi guo ren	才气过人	1
cai shu xue qian	才疏学浅	1
cai shu de bo	才疏德薄	1
cai shu zhi da	才疏志大	1
cai shu yi guang	才疏意广	1
cai duan si se	才短思涩	1
cai bi shi qian	才蔽识浅	1
cai bo zhi qian	才薄智浅	1
cai shi	才识	1
cai shi guo ren	才识过人	1
cai qing de bo	才轻德薄	1
cai guo qu song	才过屈宋	1
cai gao ba dou	才高八斗	1
cai gao yi guang	才高意广	1
cai gao xing hou	才高行厚	1
cai gao xing jie	才高行洁	1
cai gao shi yuan	才高识远	1
zha shou	扎手	1
zha zha	扎扎	1
zha zheng	扎挣	1
za ran	扎染	1
zha gen chuan lian	扎根串连	1
zha meng zi	扎猛子	1
zha yan	扎眼	1
zha po	扎破	1
zha er duo	扎耳朵	1
zha hua	扎花	1
zha ying	扎营	1
zha zhen	扎针	1
pu di	扑地	1
pu di xian tian	扑地掀天	1
pu tian gai di	扑天盖地	1
pu shan	扑扇	1
pu da	扑打	1
pu leng	扑棱	1
pu kong	扑空	1
ba kai	扒开	1
pa shou	扒手	1
ba la	扒拉	1
pa hui	扒灰	1
ba pi	扒皮	1
pa qie	扒窃	1
pa fen	扒粪	1
pa gao	扒糕	1
pa er sao sai	扒耳搔腮	1
pa cao	扒草	1
ba che	扒车	1
ba gao cai di	扒高踩低	1
pa ji	扒鸡	1
da yi zhe	打一折	1
da xia shou	打下手	1
da bu zhu	打不住	1
da zhu yi	打主意	1
da ren ma gou	打人骂狗	1
da cong	打从	1
da huo er	打伙儿	1
da xian feng	打先锋	1
da guang gun	打光棍	1
da guang gun er	打光棍儿	1
da ru leng gong	打入冷宫	1
da nei zhan	打内战	1
da chong feng	打冲锋	1
da leng zhan	打冷战	1
da leng qiang	打冷枪	1
da feng lao long	打凤捞龙	1
da feng lao long	打凤牢龙	1
da ji yue	打击乐	1
da ji yue qi	打击乐器	1
da qian zhan	打前站	1
da bao piao	打包票	1
da ka ji	打卡机	1
da lu mian	打卤面	1
da gua	打卦	1
da yin zhi	打印纸	1
da e	打呃	1
da he qian	打呵欠	1
da hu	打呼	1
da hu lu	打呼噜	1
da duo suo	打哆嗦	1
da ha ha	打哈哈	1
da ha qian	打哈欠	1
da zui	打嘴	1
da zui zhang	打嘴仗	1
da yuan chang	打圆场	1
da quan zi	打圈子	1
da chang	打场	1
da kua	打垮	1
da mai fu	打埋伏	1
da ji chu	打基础	1
da tian xia	打天下	1
da tai ji quan	打太极拳	1
da hang	打夯	1
da tou pao	打头炮	1
da tou zhen	打头阵	1
da tou feng	打头风	1
da zi ji	打字机	1
da zi zhi	打字纸	1
da guan qiang	打官腔	1
da jia jie she	打家劫舍	1
da jia jie she	打家截舍	1
da jia jie dao	打家截道	1
da fu ji pin	打富济贫	1
da han zhan	打寒战	1
da xiao bao gao	打小报告	1
da xiao suan pan	打小算盘	1
da jian	打尖	1
da cha	打岔	1
da gong zu	打工族	1
da di	打底	1
da di zi	打底子	1
da kai tian chuang shuo liang hua	打开天窗说亮话	1
da wan	打弯	1
da de huo re	打得火热	1
da zong	打总	1
da gong zuo yi	打恭作揖	1
da qing mai xiao	打情卖笑	1
da qing ma qu	打情骂趣	1
da cheng yi pian	打成一片	1
da zhan	打战	1
da shou shi	打手势	1
da shou shi	打手式	1
da ba shi	打把势	1
da ba shi	打把式	1
da zhe kou	打折扣	1
da bao bu ping	打抱不平	1
da pai zi	打拍子	1
da guai	打拐	1
da gong	打拱	1
da gong zuo yi	打拱作揖	1
da quan	打拳	1
da ting er	打挺儿	1
da yan hu	打掩护	1
da yuan	打援	1
da bai zi	打摆子	1
da lei	打擂	1
da lei tai	打擂台	1
da san	打散	1
da xie	打斜	1
da xuan	打旋	1
da qi	打旗	1
da chun	打春	1
da huang	打晃	1
da geng	打更	1
da sha	打杀	1
da za er	打杂儿	1
da cha	打杈	1
da ban zi	打板子	1
da qiang	打枪	1
da zhuang	打桩	1
da zhuang ji	打桩机	1
da zhuang chuan	打桩船	1
da gun zi	打棍子	1
da heng	打横	1
da si hu	打死虎	1
da jian mie zhan	打歼灭战	1
da bi	打比	1
da bi fang	打比方	1
da mao yi	打毛衣	1
da you	打油	1
da you shi	打油诗	1
da pao	打泡	1
da dong	打洞	1
da jiang	打浆	1
da you ji	打游击	1
da gun er	打滚儿	1
da gun sa po	打滚撒泼	1
da huo	打火	1
da deng mi	打灯谜	1
da yang	打烊	1
da zhao mian er	打照面儿	1
da ya fan zui	打牙犯嘴	1
da ya ji	打牙祭	1
da ya pei zui	打牙配嘴	1
da gou kan zhu	打狗看主	1
da dian bao	打电报	1
da zhou	打皱	1
da yan	打眼	1
da duan gong	打短工	1
da po chang gui	打破常规	1
da po sha guo wen dao di	打破沙锅问到底	1
da po sha guo wen dao di	打破砂锅问到底	1
da po mi guan	打破迷关	1
da za qiang	打砸抢	1
da piao	打票	1
da si	打私	1
da qiu feng	打秋风	1
da suan pan	打算盘	1
da jin	打紧	1
da jie	打结	1
da qun jia	打群架	1
da fan shen zhang	打翻身仗	1
da lao hu	打老虎	1
da er guang	打耳光	1
da zhong lian chong pang zi	打肿脸充胖子	1
da tai	打胎	1
da sheng	打胜	1
da cao	打草	1
da cao jing she	打草惊蛇	1
da cao she jing	打草蛇惊	1
da yao	打药	1
da luo	打落	1
da luo shui gou	打落水狗	1
da nian er	打蔫儿	1
da hu lao long	打虎牢龙	1
da she da qi cun	打蛇打七寸	1
da jie ma xiang	打街骂巷	1
da hun	打诨	1
da hun cha ke	打诨插科	1
da pu	打谱	1
da gu	打谷	1
da gu chang	打谷场	1
da chi bo	打赤膊	1
da dun er	打趸儿	1
da gong zuo yi	打躬作揖	1
da bian gu	打边鼓	1
da tui	打退	1
da tui tang gu	打退堂鼓	1
da tong guan	打通关	1
da jiao	打醮	1
da gou	打钩	1
da tie	打铁	1
da tie chen re	打铁趁热	1
da men	打门	1
da shan	打闪	1
da wen	打问	1
da wen hao	打问号	1
da men hu lu	打闷葫芦	1
da xue zhang	打雪仗	1
da ba	打靶	1
da ba chang	打靶场	1
da ding	打顶	1
da yu fang zhen	打预防针	1
da zhan	打颤	1
da shi	打食	1
da ma hu yan	打马虎眼	1
da gui	打鬼	1
da yu	打鱼	1
da ji ma gou	打鸡骂狗	1
da ming er	打鸣儿	1
da ya zi shang jia	打鸭子上架	1
da ya jing yuan	打鸭惊鸳	1
da ya jing yuan yang	打鸭惊鸳鸯	1
da han	打鼾	1
tuo zhi kong yan	托之空言	1
tuo yu kong yan	托于空言	1
tuo gong xing si	托公行私	1
tuo di	托底	1
tuo la si	托拉斯	1
tuo wu yu xing	托物寓兴	1
tuo zhu kong yan	托诸空言	1
kang da ge er	扛大个儿	1
kang de zhu	扛得住	1
kang huo	扛活	1
kang chang gong	扛长工	1
gang ding	扛鼎	1
gang ding bian niu	扛鼎抃牛	1
gang ding ba shan	扛鼎拔山	1
han ge bu ru	扞格不入	1
kou ya	扣压	1
kou fa	扣发	1
kou hu chang yin	扣壶长吟	1
kou tou	扣头	1
kou mao zi	扣帽子	1
kou ji zhong liu	扣楫中流	1
kou pan men yao	扣盘扪钥	1
zhi liang yong zhong	执两用中	1
zhi wei	执委	1
zhi yi bu cong	执意不从	1
zhi zheng fu	执政府	1
zhi bang	执棒	1
zhi fa bu a	执法不阿	1
zhi fa fan fa	执法犯法	1
zhi ni	执泥	1
zhi jing wen nan	执经问难	1
zhi fa	执罚	1
zhi er bu hua	执而不化	1
zhi zhuo	执著	1
zhi xing zhu xi	执行主席	1
zhi mi bu fan	执迷不反	1
zhi mi bu wu	执迷不悟	1
zhi mi bu fan	执迷不返	1
zhi mi bu xing	执迷不醒	1
kuo da hua	扩大化	1
kuo quan	扩权	1
kuo gu	扩股	1
men shen li jing	扪参历井	1
sao di yi jin	扫地以尽	1
sao di ju jin	扫地俱尽	1
sao di chu men	扫地出门	1
sao di wu yu	扫地无余	1
sao di wu yi	扫地无遗	1
sao fen	扫坟	1
sao tang tui	扫堂腿	1
sao mu wang sang	扫墓望丧	1
sao wei	扫尾	1
sao zhou xing	扫帚星	1
sao ping	扫平	1
sao shu	扫数	1
sao ta yi dai	扫榻以待	1
sao du	扫毒	1
sao qing	扫清	1
sao mie	扫灭	1
sao mei cai zi	扫眉才子	1
sao xue qin qu	扫穴擒渠	1
sao xue li ting	扫穴犁庭	1
sao shi	扫视	1
sao guo gua zao	扫锅刮灶	1
sao chu tian xia	扫除天下	1
sao xue	扫雪	1
sao lei jian	扫雷舰	1
sao huang	扫黄	1
yang li pu zhang	扬厉铺张	1
yang ming xian qin	扬名显亲	1
yang chang	扬场	1
yang ji lu cai	扬己露才	1
yang shou	扬手	1
yang yang de yi	扬扬得意	1
yang yang zi de	扬扬自得	1
yang tang zhi fei	扬汤止沸	1
yang mei tu qi	扬眉吐气	1
yang mei shun mu	扬眉眴目	1
yang ling da gu	扬铃打鼓	1
yang chang	扬长	1
yang chang er qu	扬长而去	1
yang chang bi duan	扬长避短	1
yang feng jie ya	扬风扢雅	1
niu kui wei ying	扭亏为盈	1
niu da	扭打	1
niu qu zuo zhi	扭曲作直	1
niu zhi zuo qu	扭直作曲	1
niu jie	扭结	1
niu zhuan qian kun	扭转乾坤	1
niu zhuan gan kun	扭转干坤	1
ban zuo	扮作	1
ban xi	扮戏	1
che qi fang pao	扯旗放炮	1
che kong ya guang	扯空砑光	1
che peng la qian	扯篷拉纤	1
che qian la yan	扯纤拉烟	1
che shun feng qi	扯顺风旗	1
ban dao	扳倒	1
fu shang ma	扶上马	1
fu qing ji ruo	扶倾济弱	1
fu wei zheng ni	扶危拯溺	1
fu wei ji kun	扶危济困	1
fu wei ji ji	扶危济急	1
fu ruo yi qiang	扶弱抑强	1
fu ye	扶掖	1
fu yao wan li	扶摇万里	1
fu yao zhi shang	扶摇直上	1
fu zheng qu xie	扶正祛邪	1
fu zheng chu xie	扶正黜邪	1
fu feng	扶风	1
pi jia	批假	1
pi hang dao xu	批吭捣虚	1
pi tiao	批条	1
pi tiao zi	批条子	1
pi hua dao kuan	批砉导窾	1
pi hong pan bai	批红判白	1
pi yu	批语	1
pi zhuan	批转	1
pi xi dao kuan	批郤导窾	1
pi xi dao kuan	批隙导窾	1
pi ling	批零	1
pi feng mo yue	批风抹月	1
e kang fu bei	扼亢拊背	1
e hang duo shi	扼吭夺食	1
e hang fu bei	扼吭拊背	1
e hou fu bei	扼喉抚背	1
e wan chang tan	扼腕长叹	1
e jin kong yan	扼襟控咽	1
e yao	扼要	1
zhao le zi	找乐子	1
zhao tou	找头	1
zhao po jia	找婆家	1
zhao de dao	找得到	1
zhao cha	找碴	1
zhao cha er	找碴儿	1
zhao qiao men	找窍门	1
zhao mi xia guo	找米下锅	1
zhao cha er	找茬儿	1
zhao cuo	找错	1
zhao qi	找齐	1
cheng shang qi xia	承上启下	1
cheng shang qi xia	承上起下	1
cheng chuan	承传	1
cheng xiu	承修	1
cheng bao zhi	承包制	1
cheng shan li he	承嬗离合	1
cheng ping sheng shi	承平盛世	1
cheng ying	承应	1
cheng dang	承当	1
cheng jiang	承浆	1
cheng liu	承溜	1
cheng meng	承蒙	1
cheng gou	承购	1
cheng zhuan	承转	1
ji shu mi ji xing	技术密集型	1
ji shu ge ming	技术革命	1
ji shu ge xin	技术革新	1
ji gao yi chou	技高一筹	1
bian feng wu run	抃风儛润	1
bian feng wu run	抃风舞润	1
chao jia	抄家	1
chao shou	抄收	1
chao cha	抄查	1
chao mo	抄没	1
jue ao chan you	抉奥阐幽	1
ba zhu	把住	1
ba xiong di	把兄弟	1
ba shi	把势	1
ba kou er	把口儿	1
ba zi	把子	1
ba jia	把家	1
ba shi	把式	1
ba chi bu ding	把持不定	1
ba lan	把揽	1
ba wu	把晤	1
ba shui jiao hun	把水搅浑	1
ba lao	把牢	1
ba wan wu yan	把玩无厌	1
ba zhan	把盏	1
ba wen	把稳	1
ba su chi zhai	把素持斋	1
ba mai	把脉	1
ba bi ru lin	把臂入林	1
ba bi xu qu	把臂徐去	1
ba duo	把舵	1
ba xin zhu huo	把薪助火	1
ba jiao	把角	1
ba jiu chi ao	把酒持螯	1
ba feng	把风	1
ba fan jiao ji	把饭叫饥	1
ba ma zi	把马子	1
yi se lei luo	抑塞磊落	1
yi qiang fu ruo	抑强扶弱	1
yi jun zuo yong	抑菌作用	1
zhua guai mai qiao	抓乖卖俏	1
zhua guai nong qiao	抓乖弄俏	1
zhua dian xing	抓典型	1
zhua zhuang ding	抓壮丁	1
zhua gong fu	抓工夫	1
zhua chai	抓差	1
zhua dou	抓斗	1
zhua kong er	抓空儿	1
tou jing xia shi	投井下石	1
tou qin	投亲	1
tou qin kao you	投亲靠友	1
tou zhuan er qu	投传而去	1
tou qi suo hao	投其所好	1
tou luan ji shi	投卵击石	1
tou he	投合	1
tou wei	投喂	1
tou qi	投契	1
tou su	投宿	1
tou dan	投弹	1
tou liao	投料	1
tou ji dao ba	投机倒把	1
tou ji fen zi	投机分子	1
tou suo zhe chi	投梭折齿	1
tou du	投毒	1
tou shui	投水	1
tou he	投河	1
tou he ben jing	投河奔井	1
tou shi	投石	1
tou shi xia jing	投石下井	1
tou shi ba ju	投石拔距	1
tou shi chao ju	投石超距	1
tou shi wen lu	投石问路	1
tou piao zhan	投票站	1
tou bi cong rong	投笔从戎	1
tou gao zhi huo	投膏止火	1
tou su lv	投诉率	1
tou song	投送	1
tou di yuan	投递员	1
tou xian zhi san	投闲置散	1
tou jian di xi	投间抵隙	1
tou jing xia shi	投阱下石	1
dou bao fu	抖包袱	1
dou wei feng	抖威风	1
dou lou	抖搂	1
dou sou	抖擞	1
dou sou jing shen	抖擞精神	1
dou luo	抖落	1
dou chan	抖颤	1
kang shang	抗上	1
kang ning	抗凝	1
kang han	抗寒	1
kang bao	抗暴	1
kang re	抗热	1
kang zhou	抗皱	1
kang lian	抗联	1
kang jun su	抗菌素	1
kang yan wei shi	抗颜为师	1
zhe zhong zhu yi	折中主义	1
zhe guang	折光	1
zhe dui	折兑	1
zhe chong	折冲	1
zhe chong zhi chen	折冲之臣	1
zhe chong yan nan	折冲厌难	1
zhe chong zun zu	折冲尊俎	1
zhe chong yu wu	折冲御侮	1
zhe chong zun zu	折冲樽俎	1
zhe dao	折刀	1
zhe ban	折半	1
zhe bian	折变	1
zhe die chuang	折叠床	1
zhe die yi	折叠椅	1
zhe hui	折回	1
she duo	折堕	1
zhe tou	折头	1
zhe zi	折子	1
zhe zi xi	折子戏	1
zhe shou	折寿	1
zhe she xian	折射线	1
zhe chi	折尺	1
zhe wan	折弯	1
zhe ji chen sha	折戟沉沙	1
zhe shan	折扇	1
zhe sun	折损	1
zhe jiu fei	折旧费	1
she ben	折本	1
zhe sha	折杀	1
zhe zhi	折枝	1
zhe gui	折桂	1
zhe yi	折椅	1
zhe gao zhen luo	折槁振落	1
zhe hen	折痕	1
zhe zhou	折皱	1
zhe ju zhou gui	折矩周规	1
zhe fu	折福	1
she cheng	折秤	1
she jian wei shi	折箭为誓	1
zhe zhi	折纸	1
zhe xian	折线	1
zhe er zu zhi	折而族之	1
she hao	折耗	1
zhe jiao duo zhi	折胶堕指	1
zhe yao	折腰	1
she yao wu dou	折腰五斗	1
zhe jie xia shi	折节下士	1
zhe jie du shu	折节读书	1
zhe zhong	折衷	1
zhe zhang	折账	1
zhe zu fu su	折足覆餗	1
zhe gen tou	折跟头	1
zhe zhuan	折转	1
zhe ru	折辱	1
zhe fan	折返	1
zhe chang bu duan	折长补短	1
zhe ye	折页	1
zhe ding fu su	折鼎覆餗	1
fu jin si xi	抚今思昔	1
fu jin zhui xi	抚今追昔	1
fu ning	抚宁	1
fu nong	抚弄	1
fu zhang ji jie	抚掌击节	1
fu zhang da xiao	抚掌大笑	1
fu jing shang qing	抚景伤情	1
fu sui wan fang	抚绥万方	1
pao dao yi bian	抛到一边	1
pao tou lu mian	抛头露面	1
pao she	抛射	1
pao sa	抛撒	1
pao sa	抛洒	1
pao kong	抛空	1
pao she	抛舍	1
tuan sha zuo fan	抟沙作饭	1
tuan sha jiao la	抟沙嚼蜡	1
tuan kong bu ying	抟空捕影	1
tuan xiang nong fen	抟香弄粉	1
kou xin wa du	抠心挖肚	1
kou xin wa xue	抠心挖血	1
kou zhe shou zhang	抠着手掌	1
qiang qin	抢亲	1
qiang jie an	抢劫案	1
qiang jie fan	抢劫犯	1
qiang fei	抢匪	1
qiang zui	抢嘴	1
qiang di hu tian	抢地呼天	1
qiang shang	抢墒	1
qiang gong	抢工	1
qiang shi	抢市	1
qiang jian	抢建	1
qiang shou huo	抢手货	1
qiang pai	抢拍	1
qiang lve	抢掠	1
qiang shou	抢收	1
qiang gong	抢攻	1
qiang shi jian	抢时间	1
qiang du	抢渡	1
qiang dian	抢点	1
qiang bai	抢白	1
qiang zhong	抢种	1
qiang hua	抢话	1
qiang yun	抢运	1
qiang feng	抢风	1
hu cong	护从	1
hu ju	护具	1
hu fa	护发	1
hu di	护堤	1
hu xiao	护校	1
hu shen	护身	1
hu guo shi fei	护过饰非	1
bao sang	报丧	1
bao chou xue hen	报仇雪恨	1
bao chou xue chi	报仇雪耻	1
bao xin	报信	1
bao wu yuan	报务员	1
bao dan	报单	1
bao xi bu bao you	报喜不报忧	1
bao tou	报头	1
bao mu yuan	报幕员	1
bao ying bu shuang	报应不爽	1
bao xiao wan yi	报效万一	1
bao shu	报数	1
bao zhi	报知	1
bao zai	报载	1
bao xiao chai lv fei	报销差旅费	1
peng tan	抨弹	1
pi juan	披卷	1
pi fa	披发	1
pi fa ru shan	披发入山	1
pi fa zuo ren	披发左衽	1
pi fa wen shen	披发文身	1
pi fa ying guan	披发缨冠	1
pi tou	披头	1
pi tou san fa	披头散发	1
pi tou gai nao	披头盖脑	1
pi xin li xue	披心沥血	1
pi xin xiang fu	披心相付	1
pi fu	披拂	1
pi gua shang zhen	披挂上阵	1
pi san	披散	1
pi zhen cai lan	披榛采兰	1
pi mao dai jiao	披毛戴角	1
pi sha pou pu	披沙剖璞	1
pi sha jian jin	披沙拣金	1
pi sha jian jin	披沙简金	1
pi hong	披红	1
pi hong dai hua	披红戴花	1
pi hong gua lv	披红挂绿	1
pi gan li xue	披肝沥血	1
pi gan lu dan	披肝露胆	1
pi jian fa	披肩发	1
pi jin jie dai	披襟解带	1
pi lu gan dan	披露肝胆	1
pi lu fu xin	披露腹心	1
pi mi	披靡	1
tai jia	抬价	1
tai tou wen	抬头纹	1
tai tui	抬腿	1
tai jiao	抬轿	1
bao bu ping	抱不平	1
bao ling shou lv	抱令守律	1
bao fo jiao	抱佛脚	1
bao guan zhi yue	抱关执钥	1
bao tou da ku	抱头大哭	1
bao tou tong ku	抱头痛哭	1
bao tou shu cuan	抱头鼠窜	1
bao zi nong sun	抱子弄孙	1
bao da bu ping	抱打不平	1
bao pu han zhen	抱朴含真	1
bao zhi shi ye	抱枝拾叶	1
bao zhu zhi xin	抱柱之信	1
bao qian huai qian	抱椠怀铅	1
bao can shou que	抱残守阙	1
bao fa chu shi	抱法处势	1
bao pu qi xue	抱璞泣血	1
bao wan zhai gua	抱蔓摘瓜	1
bao fu bu fan	抱负不凡	1
di bu shang	抵不上	1
di jiao	抵交	1
di de shang	抵得上	1
di ya jin	抵押金	1
di si man sheng	抵死瞒生	1
di jiao	抵缴	1
di bei e hou	抵背扼喉	1
di jin	抵近	1
di hai	抵还	1
mo yi bi zi hui	抹一鼻子灰	1
ma xia lai	抹下来	1
mo bu kai	抹不开	1
mo qiang	抹墙	1
mo zi	抹子	1
mo yue pi feng	抹月批风	1
mo yue bi feng	抹月秕风	1
ma zhuo zi	抹桌子	1
mo hui	抹灰	1
mo sha	抹煞	1
mo xi ni	抹稀泥	1
mo fen	抹粉	1
mo fen shi zhi	抹粉施脂	1
mo xiong	抹胸	1
mo bo zi	抹脖子	1
mo lian	抹脸	1
ya tou	押头	1
ya wei	押尾	1
ya dang	押当	1
ya jin	押禁	1
ya jie	押解	1
ya che	押车	1
chou ding	抽丁	1
chou ding ba xie	抽丁拔楔	1
chou si bo jian	抽丝剥茧	1
chou gong fu	抽功夫	1
chou ye	抽咽	1
chou zhuang ding	抽壮丁	1
chou tou	抽头	1
chou cheng	抽成	1
chou da	抽打	1
chou dou	抽斗	1
chou sha	抽杀	1
chou you ji	抽油机	1
chou bi cheng yan	抽祕骋妍	1
chou mi cheng yan	抽秘骋妍	1
chou jin bao pi	抽筋剥皮	1
chou jin ba gu	抽筋拔骨	1
chou suo	抽缩	1
chou fei bu shou	抽肥补瘦	1
chou tai huan gu	抽胎换骨	1
chou tai	抽苔	1
chou xiang si wei	抽象思维	1
fu chen	拂尘	1
fu fu	拂拂	1
fu shi	拂拭	1
fu xiao	拂晓	1
fu xiu	拂袖	1
fu xiu er qu	拂袖而去	1
fu xiu er gui	拂袖而归	1
fu ni	拂逆	1
fu mian	拂面	1
zhu hu kan shan	拄笏看山	1
zhu jia kan shan	拄颊看山	1
dan bu shi	担不是	1
dan dai	担待	1
dan jing shou pa	担惊受怕	1
dan jing shou kong	担惊受恐	1
dan jing ren pa	担惊忍怕	1
dan cheng	担承	1
dan dan mian	担担面	1
dan ge	担搁	1
dan jia dui	担架队	1
dan xue sai jing	担雪塞井	1
dan xue tian jing	担雪填井	1
dan xue tian he	担雪填河	1
chai dong qiang bu xi qiang	拆东墙补西墙	1
chai dong bu xi	拆东补西	1
chai huo	拆伙	1
chai jie	拆借	1
chai dui	拆兑	1
chai mai	拆卖	1
chai tai	拆台	1
chai qiang jiao	拆墙脚	1
chai zi	拆字	1
chai feng	拆封	1
chai jian	拆建	1
chai xi	拆息	1
chai gai	拆改	1
chai hui	拆毁	1
chai xi	拆洗	1
chai pai dao zi	拆牌道字	1
chai bai dao zi	拆白道字	1
chai chuan	拆穿	1
chai xian	拆线	1
chai xi bu dong	拆西补东	1
chai yue	拆阅	1
chai ling	拆零	1
nian hua zhai yan	拈华摘艳	1
nian du	拈度	1
nian hao nong guan	拈毫弄管	1
nian hua nong yue	拈花弄月	1
nian hua nong liu	拈花弄柳	1
nian qing pa zhong	拈轻怕重	1
nian qing duo zhong	拈轻掇重	1
la san che si	拉三扯四	1
la xia shui	拉下水	1
la xia lian	拉下脸	1
la xia ma	拉下马	1
la bu xia lian	拉不下脸	1
la mai mai	拉买卖	1
la kui kong	拉亏空	1
la jiao qing	拉交情	1
la guan xi	拉关系	1
la li qi	拉力器	1
la hou tui	拉后腿	1
la da qi zuo hu pi	拉大旗作虎皮	1
la tao	拉套	1
la jia dai kou	拉家带口	1
la jia chang	拉家常	1
la shan tou	拉山头	1
la ba	拉巴	1
la bang jie huo	拉帮结伙	1
la bang jie pai	拉帮结派	1
la ping	拉平	1
la de	拉德	1
la la che che	拉拉扯扯	1
la la za za	拉拉杂杂	1
la la dui	拉拉队	1
la ba	拉拔	1
la bai cui cang	拉捭摧藏	1
la xiu cui ku	拉朽摧枯	1
la za	拉杂	1
la gan	拉杆	1
la ku she xiu	拉枯折朽	1
la jia	拉架	1
la yang pian	拉洋片	1
la pi tiao	拉皮条	1
la hu zu	拉祜族	1
la qian	拉纤	1
la xian	拉线	1
la wang	拉网	1
la jiao	拉脚	1
la zhang	拉账	1
la zan zhu	拉赞助	1
la jin hu	拉近乎	1
la lang pei	拉郎配	1
la xian san men	拉闲散闷	1
la ma ke	拉马克	1
fu xin qi xue	拊心泣血	1
fu bei e keng	拊背扼吭	1
fu bei e hou	拊背扼喉	1
fu bei e keng	拊背搤吭	1
ban huo	拌和	1
ban zui	拌嘴	1
ban liao	拌料	1
ban zhong	拌种	1
ban suan	拌蒜	1
pai fa	拍发	1
pai shou cheng kuai	拍手称快	1
pai an jing qi	拍案惊奇	1
pai zhuo zi	拍桌子	1
pai pian er	拍片儿	1
pai zhi bu	拍纸簿	1
pai ma liu xu	拍马溜须	1
na yun jue shi	拏云攫石	1
na feng yue yun	拏风跃云	1
guai wan mo jiao	拐弯抹角	1
guai gun	拐棍	1
guai gun er	拐棍儿	1
ju du	拒毒	1
ju hui	拒贿	1
ta yin	拓印	1
tuo di	拓地	1
tuo ba	拓拔	1
ta ben	拓本	1
tuo zhi	拓殖	1
ta pian	拓片	1
ba ding chou xie	拔丁抽楔	1
ba le luo bo di pi kuan	拔了萝卜地皮宽	1
ba dao xiang zhu	拔刀相助	1
ba dao xiang xiang	拔刀相向	1
ba jian lun gong	拔剑论功	1
ba shi de wu	拔十得五	1
ba di	拔地	1
ba di yi tian	拔地倚天	1
ba di can tian	拔地参天	1
ba di yao shan	拔地摇山	1
ba di er qi	拔地而起	1
ba zhai shang sheng	拔宅上升	1
ba shan gang ding	拔山扛鼎	1
ba shan gai shi	拔山盖世	1
ba ben se yuan	拔本塞原	1
ba ben se yuan	拔本塞源	1
ba du	拔毒	1
ba mao ji shi	拔毛济世	1
ba feng	拔缝	1
ba jie	拔节	1
ba miao zhu zhang	拔苗助长	1
ba kui qu zhi	拔葵去织	1
ba guo juan xi	拔锅卷席	1
tuo ren luo shui	拖人落水	1
tuo er dai nv	拖儿带女	1
tuo tian sao di	拖天扫地	1
tuo jia dai kou	拖家带口	1
tuo tuo la la	拖拖拉拉	1
tuo dou	拖斗	1
tuo ni dai shui	拖泥带水	1
tuo nan dai nv	拖男带女	1
tuo yun	拖运	1
tuo jin wei zi	拖金委紫	1
tuo chang	拖长	1
tuo ma zhuai bu	拖麻拽布	1
niu bu guo	拗不过	1
ao kou	拗口	1
ao kou ling	拗口令	1
ao duan	拗断	1
ju chuan	拘传	1
ju su shou chang	拘俗守常	1
ju qi jue yi	拘奇抉异	1
ju yi	拘役	1
ju zhi	拘执	1
ju ya	拘押	1
ju na	拘拿	1
ju luan	拘挛	1
ju luan bu na	拘挛补衲	1
ju wen qian yi	拘文牵义	1
ju qian	拘牵	1
ju liu suo	拘留所	1
ju liu zheng	拘留证	1
ju li	拘礼	1
ju shen qian jiang	拘神遣将	1
ju piao	拘票	1
ju jin	拘禁	1
ju guan	拘管	1
zhuo piao	拙朴	1
zhuo zhu	拙著	1
zhuo jian	拙见	1
pan ming	拚命	1
zhao zhi ji lai	招之即来	1
zhao wang na pan	招亡纳叛	1
zhao qin	招亲	1
zhao gong	招供	1
zhao nv xu	招女婿	1
zhao gan	招干	1
zhao dai yuan	招待员	1
zhao lai	招徕	1
zhao yao guo shi	招摇过市	1
zhao jia bu zhu	招架不住	1
zhao huo	招祸	1
zhao xiao	招笑	1
zhao xiang	招降	1
zhao xiang na pan	招降纳叛	1
zhao feng	招风	1
zhao feng re cao	招风惹草	1
zhao feng re yu	招风惹雨	1
zhao feng lan huo	招风揽火	1
bai shang di hui	拜上帝会	1
bai dao	拜倒	1
bai dao yuan men	拜倒辕门	1
bai bie	拜别	1
bai tian di	拜天地	1
bai jiang	拜将	1
bai jiang feng hou	拜将封侯	1
bai ba zi	拜把子	1
bai fu	拜服	1
bai wu jiao	拜物教	1
bai ji	拜祭	1
bai jie	拜节	1
bai he	拜贺	1
ni yu	拟于	1
ni yu bu lun	拟于不伦	1
ni ren hua	拟人化	1
ni fei qi lun	拟非其伦	1
long gong	拢共	1
jian fo shao xiang	拣佛烧香	1
jian ze	拣择	1
jian jing ze fei	拣精择肥	1
yong shu nan mian	拥书南面	1
yong jun you shu	拥军优属	1
yong se	拥塞	1
lan bu zhu	拦不住	1
lan dang	拦挡	1
lan gui	拦柜	1
lan hong ba	拦洪坝	1
lan xu	拦蓄	1
ning yi ba	拧一把	1
ning cheng yi gu sheng	拧成一股绳	1
ning mao jin	拧毛巾	1
ning jin	拧紧	1
ning pi qi	拧脾气	1
ning yi fu	拧衣服	1
bo wan lun qian	拨万论千	1
bo wan lun qian	拨万轮千	1
bo luan wei zhi	拨乱为治	1
bo luan fan zheng	拨乱反正	1
bo luan ji wei	拨乱济危	1
bo luan ji shi	拨乱济时	1
bo yun liao yu	拨云撩雨	1
bo yun jian ri	拨云见日	1
bo yun wu jian qing tian	拨云雾见青天	1
bo fa	拨发	1
bo jiao	拨叫	1
bo zui liao ya	拨嘴撩牙	1
bo la	拨拉	1
bo gei	拨给	1
bo cao xun she	拨草寻蛇	1
bo cao zhan feng	拨草瞻风	1
bo zhuan	拨转	1
bo yu liao yun	拨雨撩云	1
zhai bu kai	择不开	1
ze zhu er shi	择主而事	1
ze jiao	择交	1
ze you	择友	1
ze ji	择吉	1
ze shan er cong	择善而从	1
ze shan er xing	择善而行	1
ze di er dao	择地而蹈	1
zhai xi	择席	1
ze ri	择日	1
ze qi	择期	1
ze fu yi zhong	择福宜重	1
ze fei er shi	择肥而噬	1
zhai cai	择菜	1
ze yao	择要	1
ze lin er ju	择邻而居	1
kuo hu	括弧	1
kuo mu xiang dai	括目相待	1
kuo yue ji	括约肌	1
kuo qi lai	括起来	1
shi mu yi si	拭目以俟	1
shi mu er dai	拭目而待	1
jie kang	拮抗	1
zheng ni fu wei	拯溺扶危	1
gong xuan	拱券	1
gong quan	拱圈	1
gong shou er xiang	拱手而降	1
gong jian suo bei	拱肩缩背	1
quan zhong nuo sha	拳中掿沙	1
quan can	拳参	1
quan tou chan pin	拳头产品	1
quan da	拳打	1
quan da jiao ti	拳打脚踢	1
quan quan fu ying	拳拳服膺	1
quan quan sheng yi	拳拳盛意	1
quan qu	拳曲	1
quan shu	拳术	1
zan zi	拶子	1
zan zhi	拶指	1
kao da	拷打	1
pin ci	拼刺	1
pin he	拼合	1
pin ming san lang	拼命三郎	1
pin dou	拼斗	1
pin du	拼读	1
zhuai xiang luo jie	拽巷啰街	1
zhuai xiang luo jie	拽巷攞街	1
zhuai xiang luo jie	拽巷逻街	1
zhuai bu pi ma	拽布披麻	1
zhuai bu tuo ma	拽布拖麻	1
zhuai pa fu li	拽耙扶犁	1
zhuai xiang tuo xi	拽象拖犀	1
shi ren tuo yu	拾人唾余	1
shi ren tuo ti	拾人唾涕	1
shi ren ti tuo	拾人涕唾	1
shi ren ya hui	拾人牙慧	1
shi dai zhong huan	拾带重还	1
shi duo	拾掇	1
shi duo wu yi	拾掇无遗	1
shi wu	拾物	1
she ji er shang	拾级而上	1
shi huang	拾荒	1
shi qu	拾趣	1
shi yi	拾遗	1
shi yi bu que	拾遗补阙	1
shi jin bu mei	拾金不昧	1
shi chen dao gu	拾陈蹈故	1
shi ling	拾零	1
na yi ba	拿一把	1
na bu zhun	拿不准	1
na bu chu shou	拿不出手	1
na yun jue shi	拿云攫石	1
na dao dong zhang	拿刀动仗	1
na dao nong zhang	拿刀弄杖	1
na da	拿大	1
na da ding	拿大顶	1
na de qi	拿得起	1
na de qi lai	拿得起来	1
na shou hao xi	拿手好戏	1
na shou xi	拿手戏	1
na mo wen	拿摩温	1
na cu jia xi	拿粗夹细	1
na cu xie xi	拿粗挟细	1
na qiang zuo diao	拿腔作调	1
na qiang na diao	拿腔拿调	1
na zei jian zang	拿贼见赃	1
chi zhi you gu	持之有故	1
chi ren chang duan	持人长短	1
chi jia	持家	1
chi ping zhi lun	持平之论	1
chi zhai ba su	持斋把素	1
chi quan he bian	持权合变	1
chi zheng	持正	1
chi zheng bu a	持正不阿	1
chi xu bu duan	持续不断	1
chi jie	持节	1
chi ao ba jiu	持螯把酒	1
chi lun	持论	1
chi lun gong yun	持论公允	1
chi zhong	持重	1
gua yi lou wan	挂一漏万	1
gua bu zhu	挂不住	1
gua guan	挂冠	1
gua guan gui qu	挂冠归去	1
gua guan qiu qu	挂冠求去	1
gua hao xin	挂号信	1
gua hao chu	挂号处	1
gua ping	挂屏	1
gua xi wei men	挂席为门	1
gua dou	挂斗	1
gua deng jie cai	挂灯结彩	1
gua lei	挂累	1
gua hong	挂红	1
gua yang tou mai gou rou	挂羊头卖狗肉	1
gua du qian xin	挂肚牵心	1
gua du qian chang	挂肚牵肠	1
gua qi lai	挂起来	1
gua che	挂车	1
gua zhou	挂轴	1
gua xue	挂靴	1
zhi bu sheng lv	指不胜偻	1
zhi bu sheng qu	指不胜屈	1
zhi dong hua xi	指东划西	1
zhi dong shuo xi	指东说西	1
zhi qin tuo gu	指亲托故	1
zhi ling xing ji hua	指令性计划	1
zhi gong	指供	1
zhi bei zhen	指北针	1
zhi nan gong bei	指南攻北	1
zhi nan che	指南车	1
zhi qun xiang zeng	指囷相赠	1
zhi tian wei shi	指天为誓	1
zhi tian she yu	指天射鱼	1
zhi tian hua di	指天画地	1
zhi dao xing ji hua	指导性计划	1
zhi shan mai mo	指山卖磨	1
zhi shan shuo mo	指山说磨	1
zhi zhan yuan	指战员	1
zhi shou hua jiao	指手划脚	1
zhi hui ke ding	指挥可定	1
zhi hui ruo ding	指挥若定	1
zhi zhang ke qu	指掌可取	1
zhi ri ke xia	指日可下	1
zhi ri er dai	指日而待	1
zhi shu wei xing	指树为姓	1
zhi sang shuo huai	指桑说槐	1
zhi jia gai	指甲盖	1
zhi jia gai er	指甲盖儿	1
zhi zao wei bai	指皁为白	1
zhi zao wei bai	指皂为白	1
zhi cheng	指称	1
zhi kong hua kong	指空话空	1
zhi feng	指缝	1
zhi fu wei hun	指腹为婚	1
zhi jie	指节	1
zhi yan wei geng	指雁为羹	1
zhi gu	指骨	1
zhi lu wei ma	指鹿为马	1
zhi hui ke ding	指麾可定	1
qie ping zhi zhi	挈瓶之知	1
qie ling ti gang	挈领提纲	1
an bing bu ju	按兵不举	1
an bing bu dong	按兵不动	1
an lao fen pei	按劳分配	1
an jia xiu bing	按甲休兵	1
an zhang ji fu	按章给付	1
an mai	按脉	1
an xing zi yi	按行自抑	1
an yu	按语	1
an pei xu xing	按辔徐行	1
an xu fen pei	按需分配	1
kua dou	挎斗	1
tiao san xian si	挑三嫌四	1
tiao san jian si	挑三拣四	1
tiao san bo si	挑三拨四	1
tiao san jian si	挑三检四	1
tiao san huo si	挑三豁四	1
tiao zhong	挑中	1
tiao yao tiao liu	挑么挑六	1
tiao ci	挑刺	1
tiao ci er	挑刺儿	1
tiao dong	挑动	1
tiao suo	挑唆	1
tiao chun liao zui	挑唇料嘴	1
tiao zui	挑嘴	1
tiao da liang	挑大梁	1
tiao fu	挑夫	1
tiao tou	挑头	1
tiao zi	挑子	1
tiao yao tiao liu	挑幺挑六	1
tiao nong	挑弄	1
tiao de lan li bian shi cai	挑得篮里便是菜	1
tiao zhan shu	挑战书	1
tiao dan	挑担	1
tiao jian	挑拣	1
tiao bo li jian	挑拨离间	1
tiao ming	挑明	1
tiao mao jian ci	挑毛拣刺	1
tiao deng	挑灯	1
tiao ya liao chun	挑牙料唇	1
tiao yan	挑眼	1
tiao jing jian fei	挑精拣肥	1
tiao fei jian shou	挑肥拣瘦	1
tiao hua	挑花	1
tiao cha wo ci	挑茶斡刺	1
tiao cuo	挑错	1
tiao cuo er	挑错儿	1
tiao xue tian jing	挑雪填井	1
wa ni chuan	挖泥船	1
wa kong xin si	挖空心思	1
wa er dang zhao	挖耳当招	1
luan suo	挛缩	1
jia zhu xing ling	挟主行令	1
xie zhi	挟制	1
xie shi nong quan	挟势弄权	1
xie tian zi yi ling tian xia	挟天子以令天下	1
xie tian zi yi ling zhu hou	挟天子以令诸侯	1
xie xian	挟嫌	1
xie xian bao fu	挟嫌报复	1
xie shan chao hai	挟山超海	1
xie dai	挟带	1
xie xi na cu	挟细拿粗	1
nao tou	挠头	1
nao qu	挠曲	1
nao qu wang zhi	挠曲枉直	1
nao yang	挠痒	1
nao zhi wei qu	挠直为曲	1
dang tu qiang	挡土墙	1
dang zi	挡子	1
dang ni ban	挡泥板	1
dang jian pai	挡箭牌	1
dang lu	挡路	1
dang che	挡车	1
dang che gong	挡车工	1
dang feng	挡风	1
dang jia	挡驾	1
jiao kuang guo zheng	挢抂过正	1
jiao wang guo zheng	挢枉过正	1
zheng ming	挣命	1
zheng chuai	挣揣	1
ji ya gao	挤牙膏	1
ji mei nong yan	挤眉弄眼	1
ji mei liu yan	挤眉溜眼	1
ji luo	挤落	1
hui fa xing	挥发性	1
hui quan	挥拳	1
hui hao luo zhi	挥毫落纸	1
hui han ru yu	挥汗如雨	1
hui han cheng yu	挥汗成雨	1
hui mu tu can	挥沐吐餐	1
hui sa zi ru	挥洒自如	1
hui huo wu du	挥霍无度	1
hui bian	挥鞭	1
xian zhang che ju	挦章撦句	1
ai san ding wu	挨三顶五	1
ai dong shou e	挨冻受饿	1
ai jia ai hu	挨家挨户	1
ai shan se hai	挨山塞海	1
ai ri zi	挨日子	1
ai shi jian	挨时间	1
ai jian die bei	挨肩叠背	1
ai jian bing zu	挨肩并足	1
ai jian da bei	挨肩搭背	1
ai jian ca bei	挨肩擦背	1
ai jian ca lian	挨肩擦脸	1
ai jian ca bang	挨肩擦膀	1
ai jian die bei	挨肩迭背	1
ai shuo	挨说	1
ai jin	挨近	1
ai men ai hu	挨门挨户	1
ai men zhu hu	挨门逐户	1
ai men lei	挨闷雷	1
ai feng ji feng	挨风缉缝	1
cuo gu yang hui	挫骨扬灰	1
zhen bing ze lv	振兵泽旅	1
zhen zhen you ci	振振有词	1
zhen zhen you ci	振振有辞	1
zhen long fa kui	振聋发聩	1
zhen bi	振臂	1
zhen bi yi hu	振臂一呼	1
zhen yi zhuo zu	振衣濯足	1
zhen pin ji fa	振贫济乏	1
zhen ling ti gang	振领提纲	1
yi bi zhu zi	挹彼注兹	1
yi dou yang ji	挹斗扬箕	1
ting gua	挺括	1
ting xiong tu du	挺胸凸肚	1
ruo hao chang fa	挼好长发	1
wu gai zi	捂盖子	1
tong lou zi	捅娄子	1
kun za	捆扎	1
zhuo ying bu feng	捉影捕风	1
zhuo mo bu ding	捉摸不定	1
zhuo jin zhou jian	捉衿肘见	1
zhuo jin jian zhou	捉衿见肘	1
zhuo jin lu zhou	捉衿露肘	1
zhuo jin zhou jian	捉襟肘见	1
zhuo jin lu zhou	捉襟露肘	1
zhuo feng bu ying	捉风捕影	1
zhuo feng bu yue	捉风捕月	1
zhuo shu na mao	捉鼠拿猫	1
lv hu zi	捋胡子	1
luo hu xu	捋虎须	1
luo xiu zi	捋袖子	1
luo xiu xuan quan	捋袖揎拳	1
shao xin	捎信	1
shao guan da jie	捎关打节	1
shao dai	捎带	1
shao jiao	捎脚	1
shao hua	捎话	1
nie yi ba han	捏一把汗	1
nie he	捏合	1
nie nong	捏弄	1
nie guai pai ke	捏怪排科	1
nie ba han	捏把汗	1
juan qu fu nan	捐躯赴难	1
bu tou	捕头	1
bu ying xi feng	捕影系风	1
bu feng nong yue	捕风弄月	1
bu feng zhuo ying	捕风捉影	1
lao yi ba	捞一把	1
lao fan	捞饭	1
sun shang yi xia	损上益下	1
sun ren bu li ji	损人不利己	1
sun bing zhe jiang	损兵折将	1
sun jun zhe jiang	损军折将	1
sun you yu bu bu zu	损有余补不足	1
jian pian yi	捡便宜	1
jian shi	捡拾	1
jian po lan er	捡破烂儿	1
jian qi lai	捡起来	1
huan ge er	换个儿	1
huan qin	换亲	1
huan fa qiu	换发球	1
huan xing	换型	1
huan tie	换帖	1
huan dou yi xing	换斗移星	1
huan qi shan	换气扇	1
huan hui	换汇	1
huan tang bu huan yao	换汤不换药	1
huan xi	换洗	1
huan yue	换约	1
huan nao jin	换脑筋	1
huan xie	换血	1
huan gou	换购	1
huan gu duo tai	换骨夺胎	1
huan gu tuo tai	换骨脱胎	1
dao luan fen zi	捣乱分子	1
dao xu pi hang	捣虚批吭	1
dao xu pie kang	捣虚撇抗	1
peng tou shu cuan	捧头鼠窜	1
peng fu da xiao	捧腹大笑	1
bai he zong heng	捭阖纵横	1
ju wei ji you	据为己有	1
ju yi lv fang	据义履方	1
ju tu wen shou	据图刎首	1
ju li li zheng	据理力争	1
ju an du shu	据鞍读书	1
ju gao lin xia	据高临下	1
luo xiu xuan quan	捰袖揎拳	1
ai feng qi feng	捱风缉缝	1
chui bei	捶背	1
chui gu li sui	捶骨沥髓	1
jie bao pin chuan	捷报频传	1
jie zu xian de	捷足先得	1
jie lei bu ji yan er	捷雷不及掩耳	1
nian tu wei xiang	捻土为香	1
nian tu fen xiang	捻土焚香	1
nian shen nian gui	捻神捻鬼	1
xian tian dong di	掀天动地	1
xian tian jie di	掀天揭地	1
xian tian wo di	掀天斡地	1
xian feng gu lang	掀风鼓浪	1
dian duo	掂掇	1
dian jin gu liang	掂斤估两	1
dian jin mo liang	掂斤抹两	1
dian shao she ben	掂梢折本	1
duo shi	掇拾	1
duo shi zhang ju	掇拾章句	1
duo jing xie hua	掇菁撷华	1
duo qing shi zi	掇青拾紫	1
shou ye jie huo	授业解惑	1
shou shou bu qin	授受不亲	1
shou qi	授旗	1
diao jia	掉价	1
diao tou shu cuan	掉头鼠窜	1
diao bi bu gu	掉臂不顾	1
diao zhuan	掉转	1
diao guo er	掉过儿	1
pou dou zhe heng	掊斗折衡	1
zhang shang ming zhu	掌上明珠	1
zhang shang guan wen	掌上观文	1
zhang shang guan wen	掌上观纹	1
zhang guo	掌掴	1
zhang bian	掌鞭	1
ji qie si zha	掎挈伺诈	1
ji chang lian mei	掎裳连袂	1
ji shang lian yi	掎裳连襼	1
ji jiao zhi shi	掎角之势	1
qia tou qu wei	掐头去尾	1
qia jian luo chao	掐尖落钞	1
qia zhe zhi tou	掐着指头	1
pai ta	排他	1
pai ou	排偶	1
pai ji	排击	1
pai yin	排印	1
pai zi che	排子车	1
pai zi	排字	1
pai wei	排尾	1
pai shan dao hai	排山倒海	1
pai shan ya luan	排山压卵	1
pai lv	排律	1
pai you	排忧	1
pai huan jie fen	排患解纷	1
pai xi	排戏	1
pai dang	排挡	1
pai chi yi ji	排斥异己	1
pai qiang	排枪	1
pai yi	排椅	1
pai qi shan	排气扇	1
pai sha jian jin	排沙简金	1
pai sha jian jin	排沙见金	1
pai lao	排涝	1
pai yan	排演	1
pai guan	排灌	1
pai pao	排炮	1
pai ban	排班	1
pai kong	排空	1
pai bi	排笔	1
pai fa	排筏	1
pai xiao	排箫	1
pai kang zhang feng	排糠障风	1
pai lian chang	排练场	1
pai qian	排遣	1
pai zhen	排阵	1
pai chu wan nan	排除万难	1
pai chu yi ji	排除异己	1
pai nan jie fen	排难解纷	1
pai feng shan	排风扇	1
ye zai huai li	掖在怀里	1
ye man	掖满	1
ye gei	掖给	1
ye jin qu	掖进去	1
shan zao fei sheng	掞藻飞声	1
lve di gong cheng	掠地攻城	1
tan qin jia	探亲假	1
tan qin fang you	探亲访友	1
tan nang qu wu	探囊取物	1
tan nang qu qie	探囊胠箧	1
tan tou tan nao	探头探脑	1
tan tou suo nao	探头缩脑	1
tan you suo yin	探幽索隐	1
tan tang dao huo	探汤蹈火	1
tan ce yi	探测仪	1
tan guan zhi yi	探观止矣	1
tan ze suo yin	探赜索隐	1
tan li de zhu	探骊得珠	1
che jin lu zhou	掣襟露肘	1
bing ba diao kao	掤扒吊拷	1
jie chan	接产	1
jie ban	接办	1
jie he bu	接合部	1
jie sheng yuan	接生员	1
jie zhan	接站	1
jie fang	接访	1
jie zhen	接诊	1
jie huo	接货	1
jie che	接车	1
jie zhuan	接转	1
jie lian bu duan	接连不断	1
jie feng xi chen	接风洗尘	1
tui wang gu cun	推亡固存	1
tui tian qiang di	推天抢地	1
tui gan jiu shi	推干就湿	1
tui pu	推普	1
tui ku she fu	推枯折腐	1
tui mo	推磨	1
tui er guang zhi	推而广之	1
tui long zuo ya	推聋作哑	1
tui long zhuang ya	推聋妆哑	1
tui cheng xiang jian	推诚相见	1
tui xian rang neng	推贤让能	1
tui shi jie yi	推食解衣	1
yan qi bu bei	掩其不备	1
yan qi wu bei	掩其无备	1
yan e yang shan	掩恶扬善	1
yan e yang mei	掩恶扬美	1
yan xia cang ji	掩瑕藏疾	1
yan mu bu que	掩目捕雀	1
yan yan bu que	掩眼捕雀	1
yan guo yang shan	掩过扬善	1
yan guo shi fei	掩过饰非	1
yan ge mai bian	掩骼埋窆	1
yan ge mai zi	掩骼埋胔	1
yan bi er guo	掩鼻而过	1
cuo ci bu dang	措辞不当	1
cuo ci de dang	措辞得当	1
guo shou	掴手	1
guai er guang	掴耳光	1
zhi di zuo jin shi sheng	掷地作金石声	1
zhi di you sheng	掷地有声	1
zhi di fu sheng	掷地赋声	1
zhi di jin sheng	掷地金声	1
zhi guo pan lang	掷果潘郎	1
zhi tou zi	掷骰子	1
dan zi	掸子	1
dan zhuo zi	掸桌子	1
dan yi fu	掸衣服	1
chan huo	掺和	1
kui qing duo li	揆情度理	1
kui shi du shi	揆时度势	1
kui li du shi	揆理度势	1
kui li duo qing	揆理度情	1
xuan quan luo xiu	揎拳捋袖	1
xuan quan luo xiu	揎拳捰袖	1
xuan quan luo bi	揎拳裸臂	1
xuan wan rang bi	揎腕攘臂	1
miao xie hua jiao	描写画角	1
miao tou hua jiao	描头画角	1
ti qin	提亲	1
ti dou	提兜	1
ti zhi	提制	1
ti bao	提包	1
ti ming dao xing	提名道姓	1
ti hu	提壶	1
ti hun	提婚	1
ti shen	提审	1
ti gan	提干	1
ti xin	提心	1
ti xin zai kou	提心在口	1
ti shou	提手	1
ti bo	提拨	1
ti qie	提挈	1
ti liang	提梁	1
di liu	提溜	1
ti guan	提灌	1
ti deng	提灯	1
ti qin	提琴	1
ti liu	提留	1
ti he	提盒	1
ti du	提督	1
ti xiang	提箱	1
ti lan	提篮	1
ti ji	提级	1
ti chun	提纯	1
ti gang ju ling	提纲举领	1
ti gang qie ling	提纲挈领	1
ti gang zhen ling	提纲振领	1
ti zhi	提职	1
ti hua	提花	1
ti yao gou xuan	提要钩玄	1
ti xun	提讯	1
ti ci	提词	1
ti diao	提调	1
ti xuan	提选	1
ti ling	提领	1
cha yi gang zi	插一杠子	1
cha quan nong tao	插圈弄套	1
cha ping	插屏	1
cha tiao	插条	1
cha jia wan zhou	插架万轴	1
cha ban sheng	插班生	1
cha ke shi qi	插科使砌	1
cha ke da hun	插科打诨	1
cha yang ji	插秧机	1
cha kong	插空	1
cha chi nan tao	插翅难逃	1
cha chi nan fei	插翅难飞	1
cha dui luo hu	插队落户	1
ya miao zhu zhang	揠苗助长	1
wo bie	握别	1
wo fa tu bu	握发吐哺	1
wo fa tu sun	握发吐飧	1
wo shou yan he	握手言和	1
wo quan tou zhao	握拳透爪	1
wo tan liu tang	握炭流汤	1
wo su chu bo	握粟出卜	1
wo su huai qian	握素怀铅	1
wo gang ti ling	握纲提领	1
wo she qi hu	握蛇骑虎	1
wo qian bao qian	握铅抱椠	1
wo yu xie yun	握雨携云	1
wo feng bu ying	握风捕影	1
chuai he feng ying	揣合逢迎	1
chuai jian ba hua	揣奸把猾	1
chuai duo	揣度	1
chuai xiang	揣想	1
chuai shou	揣手	1
chuai shou er	揣手儿	1
chuai mo	揣摸	1
chuai shi duo li	揣时度力	1
chuai gu ting sheng	揣骨听声	1
jiu dou	揪斗	1
jie bu kai guo	揭不开锅	1
jie di xian tian	揭地掀天	1
jie tie	揭帖	1
jie di	揭底	1
jie pi	揭批	1
jie jie	揭揭	1
jie bang	揭榜	1
jie zhu	揭橥	1
jie chuang ba	揭疮疤	1
jie gai zi	揭盖子	1
jie duan	揭短	1
jie po	揭破	1
jie gan er qi	揭竿而起	1
jie qie dan nang	揭箧担囊	1
jie qie tan nang	揭箧探囊	1
jie lao di	揭老底	1
qi yi she shui	揭衣涉水	1
jie guo	揭锅	1
yuan gu ci jin	援古刺今	1
yuan kuan	援款	1
yuan bie shi gui	援鳖失龟	1
lan chu	揽储	1
lan pei zhong yuan	揽辔中原	1
lan pei cheng qing	揽辔澄清	1
lan pei deng che	揽辔登车	1
chan jia	搀假	1
chan dui	搀兑	1
chan qian luo hou	搀前落后	1
chan huo	搀和	1
chan hang duo shi	搀行夺市	1
ge bu zhu	搁不住	1
ge de zhu	搁得住	1
ge fang	搁放	1
ge ban	搁板	1
ge bi	搁笔	1
lou bao	搂抱	1
jiao he	搅合	1
jiao ban qi	搅拌器	1
jiao hun	搅浑	1
jiao gun	搅混	1
chuai zi	搋子	1
chu suo	搐缩	1
cuo nong	搓弄	1
cuo xi	搓洗	1
sao dao yang chu	搔到痒处	1
sao tou	搔头	1
sao tou nong zi	搔头弄姿	1
sao tou zhua er	搔头抓耳	1
sao tou mo er	搔头摸耳	1
sao zhe yang chu	搔着痒处	1
sao shou nong zi	搔首弄姿	1
sou jiao	搜剿	1
sou qi jue guai	搜奇抉怪	1
sou yan cai gan	搜岩采干	1
sou yang ce lou	搜扬侧陋	1
sou kuo	搜括	1
sou zhang zhai ju	搜章摘句	1
sou jiao	搜缴	1
sou chang gua du	搜肠刮肚	1
gao dui xiang	搞对象	1
gao chou	搞臭	1
e bi nie zhi	搤臂啮指	1
nuo xiu mo dun	搦朽磨钝	1
tang chai shi	搪差使	1
ban kou nong she	搬口弄舌	1
ban chun nong she	搬唇弄舌	1
ban nong	搬弄	1
ban nong shi fei	搬弄是非	1
ban shi za jiao	搬石砸脚	1
da bian	搭便	1
da la	搭拉	1
da da sa sa	搭搭撒撒	1
da ban	搭班	1
da gai	搭盖	1
da jie fang	搭街坊	1
da cuo che	搭错车	1
qian qi qu jiang	搴旗取将	1
qian qi zhan jiang	搴旗斩将	1
qiang shui	搶水	1
xie yun wo yu	携云握雨	1
xie jia dai kou	携家带口	1
xie nan qie nv	携男挈女	1
cha zhi mo fen	搽脂抹粉	1
en ding er	摁钉儿	1
she ren	摄人	1
she xiang guan	摄像管	1
she wei	摄卫	1
she wei shan shi	摄威擅势	1
she lu	摄录	1
she ying peng	摄影棚	1
she ying yi shu	摄影艺术	1
she hu xian	摄护腺	1
she zheng	摄政	1
she zheng wang	摄政王	1
she shi wen du ji	摄氏温度计	1
she shi wen biao	摄氏温标	1
she sheng	摄生	1
she shi	摄食	1
she po gou hun	摄魄钩魂	1
bai jian	摆件	1
bai wei yao tou	摆尾摇头	1
bai tan er	摆摊儿	1
bai lei	摆擂	1
bai lei tai	摆擂台	1
yao tou tan xi	摇头叹息	1
yao tou huang nao	摇头幌脑	1
yao tou bai wei	摇头摆尾	1
yao tou bai nao	摇头摆脑	1
yao tou huang nao	摇头晃脑	1
yao tou gao nao	摇头稾脑	1
yao tou mou wei	摇头麰尾	1
yao wei qi lian	摇尾乞怜	1
yao wei qiu shi	摇尾求食	1
yao wei tu zhong	摇尾涂中	1
yao shou chu jin	摇手触禁	1
yao ba	摇把	1
yao qi na han	摇旗呐喊	1
yao yi	摇椅	1
yao bi gan er	摇笔杆儿	1
yao lan qu	摇篮曲	1
yao yu mao shan	摇羽毛扇	1
yao dang	摇荡	1
yao e mao shan	摇鹅毛扇	1
tan fang	摊放	1
tan hai	摊还	1
shuai da	摔打	1
shuai jiao	摔角	1
shuai gen tou	摔跟头	1
zhai fa	摘发	1
zhai ju xun zhang	摘句寻章	1
zhai bao	摘报	1
zhai tao zi	摘桃子	1
zhai gua bao man	摘瓜抱蔓	1
zhai deng	摘登	1
zhai yan xun xiang	摘艳熏香	1
cui lan zhe yu	摧兰折玉	1
cui gang wei rou	摧刚为柔	1
cui zhe	摧折	1
cui zhe hao qiang	摧折豪强	1
cui xiu la ku	摧朽拉枯	1
cui ku zhe fu	摧枯折腐	1
cui ku la xiu	摧枯拉朽	1
cui ku la fu	摧枯拉腐	1
cui mei zhe yao	摧眉折腰	1
mo jia di sha	摩加迪沙	1
mo li yi xu	摩厉以需	1
mo li yi xu	摩厉以须	1
mo kou gao she	摩口膏舌	1
mo tian	摩天	1
mo tian lou	摩天楼	1
mo ya	摩崖	1
mo tuo hua	摩托化	1
mo tuo ting	摩托艇	1
mo fu	摩抚	1
mo quan ca zhang	摩拳擦掌	1
ma sa	摩挲	1
mo ca li	摩擦力	1
mo li yi xu	摩砺以须	1
mo jian ji gu	摩肩击毂	1
mo jian jie gu	摩肩接毂	1
mo jian jie zhong	摩肩接踵	1
mo jian ca zhong	摩肩擦踵	1
mo ding fang zhong	摩顶放踵	1
mo ding zhi zu	摩顶至足	1
mo ding zhi zhong	摩顶至踵	1
mo bu zhao	摸不着	1
mo bu zhao tou nao	摸不着头脑	1
mo bu zhuo bian	摸不着边	1
mo zhun	摸准	1
mo tou	摸头	1
mo tou bu zhao	摸头不着	1
mo jiang	摸奖	1
mo zhe shi tou guo he	摸着石头过河	1
mo jin xiao wei	摸金校尉	1
mo men bu zhao	摸门不着	1
mo men er	摸门儿	1
mo gao	摸高	1
mo hei er	摸黑儿	1
biao mei zhi nian	摽梅之年	1
liao tiao zi	撂挑子	1
jue zui	撅嘴	1
jue keng jue qian	撅坑撅堑	1
jue tian pu di	撅天扑地	1
pie dai da duo	撇呆打堕	1
pie zui	撇嘴	1
pie qi	撇弃	1
pie tiao	撇条	1
cheng zhu	撑住	1
cheng chang mian	撑场面	1
cheng tian zhu di	撑天拄地	1
cheng tian zhu di	撑天柱地	1
cheng gan	撑杆	1
cheng gan tiao gao	撑竿跳高	1
cheng chang zhu du	撑肠拄肚	1
cheng ting lie yue	撑霆裂月	1
sa ya zi	撒丫子	1
sa diao	撒刁	1
sa yi zheng	撒呓挣	1
sa jiao mai qiao	撒娇卖俏	1
sa jiao sa chi	撒娇撒痴	1
sa bu	撒布	1
sa kai	撒开	1
sa shou	撒手	1
sa shou jian	撒手锏	1
sa la	撒拉	1
sa la zu	撒拉族	1
sa bo	撒播	1
sa shi	撒施	1
sa huan	撒欢	1
sa huan er	撒欢儿	1
sa qi	撒气	1
sa shui na yu	撒水拿鱼	1
sa po	撒泼	1
sa po da gun	撒泼打滚	1
sa po fang diao	撒泼放刁	1
sa chi sa jiao	撒痴撒娇	1
sa zhong	撒种	1
sa ke da hun	撒科打诨	1
sa tui	撒腿	1
sa luo	撒落	1
sa zha dao xu	撒诈捣虚	1
sa dou cheng bing	撒豆成兵	1
sa lai	撒赖	1
sa sao fang pi	撒骚放屁	1
sa ya zi	撒鸭子	1
si da	撕打	1
si piao	撕票	1
si gan lie fei	撕肝裂肺	1
zun jie	撙节	1
zhuang huai	撞坏	1
zhuang tou ke nao	撞头搕脑	1
zhuang tou ke nao	撞头磕脑	1
zhuang fu chong zhou	撞府冲州	1
zhuang zhong	撞钟	1
zhuang zhen chong jun	撞阵冲军	1
che dian	撤佃	1
che mian	撤免	1
che chai	撤差	1
che zi	撤资	1
che fang	撤防	1
liao luan	撩乱	1
liao yun bo yu	撩云拨雨	1
liao dong	撩动	1
liao kai	撩开	1
liao bo	撩拨	1
liao huo jia you	撩火加油	1
liao feng ti xie	撩蜂剔蝎	1
liao feng chi shi	撩蜂吃螫	1
liao dou	撩逗	1
qiao gang	撬杠	1
qiao gun	撬棍	1
bo fa	播发	1
bo nong	播弄	1
bo nong shi fei	播弄是非	1
bo yang	播扬	1
bo sa	播撒	1
bo san	播散	1
bo zhong ji	播种机	1
bo kang mi mu	播穅眯目	1
bo kang mi mu	播糠眯目	1
bo yin shi	播音室	1
cuo tu fen xiang	撮土焚香	1
cuo nong	撮弄	1
cuo yan ru shui	撮盐入水	1
cuo yan ru huo	撮盐入火	1
cuo ke da hong	撮科打哄	1
cuo ke da hong	撮科打閧	1
cuo ji	撮箕	1
cuo yao	撮要	1
zhuan zhu	撰著	1
xie ying	撷英	1
cuan nong	撺弄	1
cuan duo	撺掇	1
han ren xin po	撼人心魄	1
han di yao tian	撼地摇天	1
han tian dong di	撼天动地	1
han tian zhen di	撼天震地	1
lei zhu	擂主	1
lei tian dao di	擂天倒地	1
lei gu	擂鼓	1
lei gu shai luo	擂鼓筛锣	1
lei gu ming jin	擂鼓鸣金	1
shan ru	擅入	1
shan chang	擅场	1
cao zhi guo qie	操之过切	1
cao zhi guo ji	操之过急	1
cao zhi guo ji	操之过激	1
cao zhi guo cu	操之过蹙	1
cao zuo tai	操作台	1
cao qie	操切	1
cao qi ji ying	操奇计赢	1
cao qi zhu ying	操奇逐赢	1
cao ge tong shi	操戈同室	1
cao rou mo zhi	操揉磨治	1
cao qin	操琴	1
cao zong zi ru	操纵自如	1
cao xing	操行	1
cao ying zhi qi	操赢致奇	1
cao shen xing shi	操身行世	1
qin jian ti fu	擒奸擿伏	1
qin jian tao bao	擒奸讨暴	1
qin na	擒拿	1
qin di	擒敌	1
qin zei xian qin wang	擒贼先擒王	1
qin zei qin wang	擒贼擒王	1
pi yong fu xin	擗踊拊心	1
bo liang fen xing	擘两分星	1
bo hua	擘划	1
bo hua	擘画	1
bo ji fen li	擘肌分理	1
zhuo fa mo shu	擢发莫数	1
zhuo fa nan shu	擢发难数	1
zhuo yong	擢用	1
zhuo jin bo fu	擢筋剥肤	1
zhuo jin ge gu	擢筋割骨	1
ca quan mo zhang	擦拳抹掌	1
ca quan mo zhang	擦拳磨掌	1
ca zhang mo quan	擦掌磨拳	1
ca bei	擦背	1
ca zhi mo fen	擦脂抹粉	1
ca bian	擦边	1
ti fu fa jian	擿伏发奸	1
ti fu fa yin	擿伏发隐	1
zhai zhi suo tu	擿埴索涂	1
zhai zhi suo tu	擿埴索途	1
ti jian fa fu	擿奸发伏	1
zhai zhi suo tu	擿植索涂	1
pan qin	攀亲	1
pan gong	攀供	1
pan zhe	攀折	1
pan zhi hua shi	攀枝花市	1
pan hua zhe liu	攀花折柳	1
pan teng lan ge	攀藤揽葛	1
pan teng fu ge	攀藤附葛	1
pan chan she gui	攀蟾折桂	1
pan che wo zhe	攀车卧辙	1
pan gao zhi er	攀高枝儿	1
pan gao jie gui	攀高结贵	1
pan long fu feng	攀龙附风	1
cuan san ju wu	攒三聚五	1
cuan san ji wu	攒三集五	1
cuan dong	攒动	1
cuan she	攒射	1
zan zan	攒攒	1
cuan he	攒盒	1
cuan mei	攒眉	1
zan mei ku lian	攒眉苦脸	1
cuan mei cu e	攒眉蹙额	1
zan zhu	攒竹	1
cuan ju	攒聚	1
cuan feng ju di	攒锋聚镝	1
cuan ji	攒集	1
cuan ling he zheng	攒零合整	1
rang wai an nei	攘外安内	1
rang ji ji gu	攘肌及骨	1
rang bi	攘臂	1
rang bi yi hu	攘臂一呼	1
dian pu bu po	攧扑不破	1
jue wei ji you	攫为己有	1
jue jin bu jian ren	攫金不见人	1
zhi hui	支会	1
zhi fen zu jie	支分族解	1
zhi fen jie jie	支分节解	1
zhi zhu	支助	1
zhi wu	支吾	1
zhi wu qi ci	支吾其词	1
zhi wei	支委	1
zhi wei hui	支委会	1
zhi ju	支局	1
zhi chai	支差	1
zhi ying	支应	1
zhi zhao er	支招儿	1
zhi zhi wu wu	支支吾吾	1
zhi shu	支数	1
zhi leng	支棱	1
zhi qu	支渠	1
zhi zhao	支着	1
zhi zhao er	支着儿	1
zhi ce ju wu	支策据梧	1
zhi fen jie jie	支纷节解	1
zhi mai	支脉	1
zhi jie	支解	1
shou ge ji	收割机	1
shou yin zhong guo	收因种果	1
shou yin jie guo	收因结果	1
shou yuan jie guo	收园结果	1
shou gui	收归	1
shou tan er	收摊儿	1
shou qi juan san	收旗卷伞	1
shou fu	收服	1
shou tiao	收条	1
shou kuan ji	收款机	1
shou sha	收煞	1
shou lv	收率	1
shou jian	收监	1
shou li jiu san	收离纠散	1
shou li ju san	收离聚散	1
shou zu	收租	1
shou yuan jie guo	收缘结果	1
shou cang jia	收藏家	1
shou zhang	收账	1
shou qi lai	收起来	1
shou che	收车	1
shou zhuan	收转	1
shou zai	收载	1
shou luo ba gu	收锣罢鼓	1
shou feng	收风	1
gai chan	改产	1
gai ren	改任	1
gai su qian feng	改俗迁风	1
gai bian xin yi	改变心意	1
gai kou ta she	改口沓舌	1
gai xiang	改向	1
gai xing	改型	1
gai tian huan di	改天换地	1
gai tou huan wei	改头换尾	1
gai xing	改姓	1
gai xing geng ming	改姓更名	1
gai zhang yi diao	改张易调	1
gai xian yi diao	改弦易调	1
gai xian geng zhang	改弦更张	1
gai e wei shan	改恶为善	1
gai e cong shan	改恶从善	1
gai e xiang shan	改恶向善	1
gai e xing shan	改恶行善	1
gai huan tou mian	改换头面	1
gai huan jia men	改换家门	1
gai cao yi jie	改操易节	1
gai zheng yi feng	改政移风	1
gai qu yi diao	改曲易调	1
gai chao huan dai	改朝换代	1
gai chao huan xing	改朝换姓	1
gai qi	改期	1
gai ke yi ye	改柯易叶	1
gai ke yi jie	改柯易节	1
gai yu gai xing	改玉改行	1
gai er geng zhang	改而更张	1
gai jie yi cao	改节易操	1
gai xing wei shan	改行为善	1
gai xing cong shan	改行从善	1
gai xing zi xin	改行自新	1
gai xing qian shan	改行迁善	1
gai diao	改调	1
gai guo bu lin	改过不吝	1
gai guo cong shan	改过从善	1
gai guo zuo xin	改过作新	1
gai guo zi xin	改过自新	1
gai guo qian shan	改过迁善	1
gai xie gui zheng	改邪归正	1
gong qi bu bei	攻其不备	1
gong qi wu bei	攻其无备	1
gong ji xing wei	攻击行为	1
gong cheng lve di	攻城掠地	1
gong cheng lve di	攻城略地	1
gong shou tong meng	攻守同盟	1
gong xin wei shang	攻心为上	1
gong xin e hang	攻心扼吭	1
gong lei	攻擂	1
gong wu bu ke	攻无不克	1
gong ku shi jian	攻苦食俭	1
gong ku shi dan	攻苦食啖	1
gong ku shi dan	攻苦食淡	1
gong guo zhen que	攻过箴阙	1
fang ren zi liu	放任自流	1
fang pi yin yi	放僻淫佚	1
fang pi xie chi	放僻邪侈	1
fang leng feng	放冷风	1
fang diao ba lan	放刁把滥	1
fang diao sa po	放刁撒泼	1
fang da pao	放大炮	1
fang da lv	放大率	1
fang da zhi	放大纸	1
fang she xing	放射形	1
fang she xing yuan su	放射性元素	1
fang she xing tong wei su	放射性同位素	1
fang she liao fa	放射疗法	1
fang she bing	放射病	1
fang she xian	放射线	1
fang pi tian feng	放屁添风	1
fang xin jie ti	放心解体	1
fang pai	放排	1
fang san	放散	1
fang bang	放榜	1
fang ge zong jiu	放歌纵酒	1
fang du	放毒	1
fang po sa hao	放泼撒豪	1
fang huo	放活	1
fang lang bu ju	放浪不拘	1
fang lang bu ji	放浪不羁	1
fang lang wu ju	放浪无拘	1
fang niu wa	放牛娃	1
fang si	放私	1
fang kong	放空	1
fang kong qi	放空气	1
fang kong pao	放空炮	1
fang zong bu ju	放纵不拘	1
fang zong bu ji	放纵不羁	1
fang zong chi dang	放纵驰荡	1
fang dang bu ji	放荡不羁	1
fang xie	放血	1
fang yan gao lun	放言高论	1
fang dan bu ju	放诞不拘	1
fang dan bu ji	放诞不羁	1
fang dan feng liu	放诞风流	1
fang pi yin chi	放辟淫侈	1
fang pi xie chi	放辟邪侈	1
fang da bu ji	放达不羁	1
fang huan	放还	1
fang chang xian diao da yu	放长线钓大鱼	1
fang feng	放风	1
fang ma hua yang	放马华阳	1
fang ma hou pao	放马后炮	1
zheng ling bu yi	政令不一	1
zheng qi	政企	1
zheng jiao	政教	1
zheng jiao he yi	政教合一	1
zheng zhi ti zhi gai ge	政治体制改革	1
zheng zhi xie shang hui yi	政治协商会议	1
zheng zhi di li xue	政治地理学	1
zheng zhi zhi dao yuan	政治指导员	1
zheng zhi jing ji xue	政治经济学	1
zheng zhi bi nan	政治避难	1
zheng qing ren he	政清人和	1
zheng ji	政纪	1
zheng jian	政见	1
zheng lun	政论	1
zheng lun jia	政论家	1
zheng tong ren he	政通人和	1
zheng feng	政风	1
gu ji	故伎	1
gu ji chong yan	故伎重演	1
gu tu nan li	故土难离	1
gu di	故地	1
gu jia qiao mu	故家乔木	1
gu nong xuan xu	故弄玄虚	1
gu nong xu xuan	故弄虚玄	1
gu tai fu huan	故态复还	1
gu ji chong yan	故技重演	1
gu jiu bu qi	故旧不弃	1
gu shen qi ci	故甚其词	1
gu zhi	故知	1
gu zong	故纵	1
gu du	故都	1
xiao si jiang chang	效死疆场	1
xiao yi gong zi	效益工资	1
di bu ke jia	敌不可假	1
di bu ke zong	敌不可纵	1
di li jiao qi	敌力角气	1
di qu	敌区	1
di zhan qu	敌占区	1
di you	敌友	1
di tai	敌台	1
di jing	敌境	1
di kai	敌忾	1
di kai tong chou	敌忾同仇	1
di wang suo kai	敌王所忾	1
jiu shi ji min	救世济民	1
jiu wang tu cun	救亡图存	1
jiu han mo ru chong qiu	救寒莫如重裘	1
jiu ji jin	救济金	1
jiu huo zheng ni	救火拯溺	1
jiu fen zheng ni	救焚拯溺	1
jiu liao zhu xin	救燎助薪	1
jiu ku jiu nan	救苦救难	1
jiu guo bu xia	救过不暇	1
jiu guo bu gei	救过不给	1
jiu guo bu shan	救过不赡	1
jiu guo bu que	救过补阙	1
jiu xian	救险	1
jiu nan jie wei	救难解危	1
jiu ji zheng ni	救饥拯溺	1
ao bu ke zhang	敖不可长	1
jiao yi shi bai	教一识百	1
jiao zhong wen	教中文	1
jiao yi duo shu	教亦多术	1
jiao xue xiang zhang	教学相长	1
jiao dao you fang	教导有方	1
jiao wu chang shi	教无常师	1
jiao zhi	教旨	1
jiao min	教民	1
jiao nao sheng mu	教猱升木	1
jiao li	教理	1
jiao yu jing ji xue	教育经济学	1
jiao yin yue	教音乐	1
lian sheng bing xi	敛声屏息	1
lian sheng bing qi	敛声屏气	1
lian rong bing qi	敛容屏气	1
lian shou ping zu	敛手屏足	1
lian shou dai bi	敛手待毙	1
lian se bing qi	敛色屏气	1
lian gu chui hun	敛骨吹魂	1
bi wei bu qi	敝帷不弃	1
bi gai bu qi	敝盖不弃	1
bi ti e su	敝綈恶粟	1
bi ti e su	敝绨恶粟	1
bi yi li shi	敝衣粝食	1
bi gu sang tun	敝鼓丧豚	1
chang peng	敞篷	1
chang peng che	敞篷车	1
chang xiong lu huai	敞胸露怀	1
chang che	敞车	1
gan bu cheng ming	敢不承命	1
gan wei gan zuo	敢为敢做	1
gan zuo gan wei	敢作敢为	1
gan zuo gan dang	敢作敢当	1
gan yong dang xian	敢勇当先	1
gan gan	敢干	1
gan dang	敢当	1
gan nu er bu gan yan	敢怒而不敢言	1
gan yuan er bu gan yan	敢怨而不敢言	1
san wang	散亡	1
san hui	散会	1
san shang chou hai	散伤丑害	1
san ti	散体	1
san yi	散佚	1
san guang	散光	1
san bing	散兵	1
san bing you yong	散兵游勇	1
san ji	散剂	1
san shi	散失	1
san xue	散学	1
san ju	散居	1
san gong	散工	1
san dai heng men	散带衡门	1
san xi	散席	1
san zuo	散座	1
san xi	散戏	1
san tan zi	散摊子	1
san fang	散放	1
san wen shi	散文诗	1
san qu	散曲	1
san ban	散板	1
san jia	散架	1
san shui	散水	1
san sha	散沙	1
san hui jiong hu	散灰扃户	1
san sui	散碎	1
san zhi	散置	1
san jian	散见	1
san yan sui yu	散言碎语	1
san ji	散记	1
san qian	散钱	1
san men	散闷	1
san zhen tou chao	散阵投巢	1
san ma xiu niu	散马休牛	1
dun shi li su	敦世厉俗	1
dun quan	敦劝	1
dun hua	敦化	1
dun hou	敦厚	1
dun shi	敦实	1
dun ben wu shi	敦本务实	1
dun piao	敦朴	1
dun huang shi ku	敦煌石窟	1
dun mu	敦睦	1
dun pin	敦聘	1
dun shi shuo li	敦诗说礼	1
dun qing	敦请	1
dun feng li su	敦风厉俗	1
dun mo gua yan	敦默寡言	1
xiao xue xiang chang	敩学相长	1
jing shang jie xia	敬上接下	1
jing shang ai xia	敬上爱下	1
jing ye le qun	敬业乐群	1
jing shi bu xia	敬事不暇	1
jing shi hou shi	敬事后食	1
jing hou	敬候	1
jing ru shang bin	敬如上宾	1
jing fu	敬服	1
jing lao ci shao	敬老慈少	1
jing ruo shen ming	敬若神明	1
jing yu	敬语	1
jing xie bu min	敬谢不敏	1
jing xian zhong shi	敬贤重士	1
jing jiu bu chi chi fa jiu	敬酒不吃吃罚酒	1
jing chen guan jian	敬陈管见	1
jing gui shen er yuan zhi	敬鬼神而远之	1
shu bu zhao	数不着	1
shu jiu	数九	1
shu jiu han tian	数九寒天	1
shu dian wang zu	数典忘祖	1
shu zhi	数制	1
shu dao	数叨	1
shu nian ru yi ri	数年如一日	1
shu wang zhi lai	数往知来	1
shu de shang	数得上	1
shu de zhao	数得着	1
shu lai bao	数来宝	1
shu zhu	数珠	1
shu li tong ji	数理统计	1
shu bai lun huang	数白论黄	1
shu mu zi	数目字	1
shu duan lun chang	数短论长	1
shu mi er chui	数米而炊	1
shu mi liang chai	数米量柴	1
shu zui bing fa	数罪并罚	1
shu biao	数表	1
shuo jian bu xian	数见不鲜	1
shu lun	数论	1
shu ci	数词	1
shu shuo	数说	1
shu liang ci	数量词	1
shu huang dao bai	数黄道白	1
shu huang dao hei	数黄道黑	1
shu hei lun bai	数黑论白	1
shu hei lun huang	数黑论黄	1
qiao qiao da da	敲敲打打	1
qiao zha le suo	敲榨勒索	1
qiao zhu gang	敲竹杠	1
qiao gao xi sui	敲膏吸髓	1
qiao zha le suo	敲诈勒索	1
qiao jin ji shi	敲金击石	1
qiao luo da gu	敲锣打鼓	1
qiao luo fang pao	敲锣放炮	1
qiao gu bao sui	敲骨剥髓	1
qiao gu qu sui	敲骨取髓	1
qiao gu xi sui	敲骨吸髓	1
qiao gu zha sui	敲骨榨髓	1
qiao sui sa gao	敲髓洒膏	1
zheng guan na lv	整冠纳履	1
zheng di	整地	1
zheng kua	整垮	1
zheng fu	整复	1
zheng su	整宿	1
zheng nian lei yue	整年累月	1
zheng lv li zu	整旅厉卒	1
zheng yue	整月	1
zheng ben da tao	整本大套	1
zheng zhi	整枝	1
zheng ji	整纪	1
zheng zhuang dai fa	整装待发	1
zheng gong shuai wu	整躬率物	1
zheng dun gan kun	整顿干坤	1
zheng feng	整风	1
fu yong	敷用	1
fu yao	敷药	1
fu yan liao shi	敷衍了事	1
fu yan se ze	敷衍塞责	1
fu yan tang se	敷衍搪塞	1
wen bu jia dian	文不加点	1
wen bu dui ti	文不对题	1
wen si bu dong	文丝不动	1
wen ren wu xing	文人无行	1
wen ren xiang qing	文人相轻	1
wen cong zi shun	文从字顺	1
wen yi zai dao	文以载道	1
wen chuan	文传	1
wen si qi ren	文似其人	1
wen ju he	文具盒	1
wen hua la ji	文化垃圾	1
wen hua gong	文化宫	1
wen hua jing guan	文化景观	1
wen hua sha mo	文化沙漠	1
wen hua jie	文化界	1
wen hua zhan	文化站	1
wen hua shan	文化衫	1
wen hua ge ming	文化革命	1
wen juan	文卷	1
wen ju	文句	1
wen shi guan	文史馆	1
wen hao	文号	1
wen chang	文场	1
wen tan su jiang	文坛宿将	1
wen qi	文契	1
wen jian ji e	文奸济恶	1
wen ru qi ren	文如其人	1
wen zi tong sheng	文子同升	1
wen zi wen sun	文子文孙	1
wen xue yu yan	文学语言	1
wen shan hui hai	文山会海	1
wen si	文思	1
wen si quan yong	文思泉涌	1
wen xi	文戏	1
wen fang si hou	文房四侯	1
wen sou ding jia	文搜丁甲	1
wen jiao jie	文教界	1
wen dou	文斗	1
wen ming ren	文明人	1
wen ming xi	文明戏	1
wen qu xing	文曲星	1
wen qi jiu hui	文期酒会	1
wen wu cha shi	文武差事	1
wen xian zhi jia	文献之家	1
wen xian pian	文献片	1
wen li bu tong	文理不通	1
wen shi	文石	1
wen zhang su lao	文章宿老	1
wen zhang shan dou	文章山斗	1
wen zhang xing dou	文章星斗	1
wen zhang gai shi	文章盖世	1
wen zhang jing ji	文章经济	1
wen mai	文脉	1
wen yi jia	文艺家	1
wen ge	文蛤	1
wen xing chu chu	文行出处	1
wen lun	文论	1
wen shen jian fa	文身剪发	1
wen shen duan fa	文身断发	1
wen shen jian fa	文身翦发	1
wen guo qi shi	文过其实	1
wen guo sui fei	文过遂非	1
wen guo shi fei	文过饰非	1
wen cai feng liu	文采风流	1
wen feng bu dong	文风不动	1
zhai qi	斋期	1
fei ran	斐然	1
fei ran xiang feng	斐然乡风	1
fei ran xiang feng	斐然向风	1
fei ran cheng zhang	斐然成章	1
ban wen	斑纹	1
ban yi xi cai	斑衣戏彩	1
dou li zheng yan	斗丽争妍	1
dou zheng xing	斗争性	1
dou yong	斗勇	1
dou sheng zhi shui	斗升之水	1
dou nan yi ren	斗南一人	1
dou chun he she	斗唇合舌	1
dou mei zheng yan	斗媚争妍	1
dou zi	斗子	1
dou shi	斗室	1
dou fu	斗富	1
dou xin yan er	斗心眼儿	1
dou zhi ang yang	斗志昂扬	1
dou guai zheng qi	斗怪争奇	1
dou zhe she xing	斗折蛇行	1
dou gong	斗拱	1
dou yi ji yang	斗挹箕扬	1
dou fang	斗方	1
dou fang ming shi	斗方名士	1
dou sun he feng	斗榫合缝	1
dou shui huo lin	斗水活鳞	1
dou fa	斗法	1
dou qu	斗渠	1
dou pai	斗牌	1
dou ya ban chi	斗牙拌齿	1
dou niu chang	斗牛场	1
dou yan	斗眼	1
dou li	斗笠	1
dou shao zhi ren	斗筲之人	1
dou shao zhi qi	斗筲之器	1
dou shao chuan yu	斗筲穿窬	1
dou ji	斗箕	1
dou mi chi bu	斗米尺布	1
dou su chi bu	斗粟尺布	1
dou jue yi yu	斗绝一隅	1
dou mei kua li	斗美夸丽	1
dou er zhu bing	斗而铸兵	1
dou er zhu zhui	斗而铸锥	1
dou dan	斗胆	1
dou se zheng yan	斗色争妍	1
dou yan	斗艳	1
dou yan zheng yan	斗艳争妍	1
dou yan zheng fang	斗艳争芳	1
dou yan zheng hui	斗艳争辉	1
dou xi shuai	斗蟋蟀	1
dou che	斗车	1
dou zhuan shen heng	斗转参横	1
dou zhuan xing yi	斗转星移	1
dou jiu shuang gan	斗酒双柑	1
dou jiu zhi ji	斗酒只鸡	1
dou jiu xue shi	斗酒学士	1
dou jiu bai pian	斗酒百篇	1
dou liang shao ji	斗量筲计	1
dou liang che zai	斗量车载	1
dou men	斗门	1
dou shuang ao xue	斗霜傲雪	1
dou ji	斗鸡	1
dou ji yang gou	斗鸡养狗	1
dou ji yan	斗鸡眼	1
dou ji zou quan	斗鸡走犬	1
dou ji zou gou	斗鸡走狗	1
dou ji zou ma	斗鸡走马	1
liao di ruo shen	料敌若神	1
liao dou	料斗	1
liao shi	料石	1
liao liang	料量	1
xie tou wai nao	斜头歪脑	1
xie la qiao	斜拉桥	1
xie xing heng zhen	斜行横阵	1
xie jie	斜街	1
xie feng xi yu	斜风细雨	1
jiao ruo hua yi	斠若画一	1
jin dou	斤斗	1
jin jin jiao liang	斤斤较量	1
fu zheng	斧正	1
fu yue tang huo	斧钺汤镬	1
zhan tou qu wei	斩头去尾	1
zhan tou li xue	斩头沥血	1
zhan jiang yi qi	斩将刈旗	1
zhan jiang qian qi	斩将搴旗	1
zhan jin sha jue	斩尽杀绝	1
zhan mu jie gan	斩木揭竿	1
zhan gan jie mu	斩竿揭木	1
zhan ding qie tie	斩钉切铁	1
zhan gang jie tie	斩钢截铁	1
zhuo mu wei zhou	斫木为舟	1
zhuo diao wei pu	斫琱为朴	1
zhuo diao wei pu	斫雕为朴	1
duan fa wen shen	断发文身	1
duan fa wen shen	断发纹身	1
duan ju	断句	1
duan tou tai	断头台	1
duan tou jiang jun	断头将军	1
duan zi jue sun	断子绝孙	1
duan shou xu yu	断手续玉	1
duan mu jue di	断木掘地	1
duan zhu ze lin	断杼择邻	1
duan gen jue zhong	断根绝种	1
duan lan chao bao	断烂朝报	1
duan pian	断片	1
duan zhong	断种	1
duan zhang jie ju	断章截句	1
duan zhang zhai ju	断章摘句	1
duan guan can shen	断管残沈	1
duan xian ou xi	断线偶戏	1
duan xian feng zheng	断线风筝	1
duan zhi zhi jie	断织之诫	1
duan zhi quan xue	断织劝学	1
duan jian chi chu	断缣尺楮	1
duan bi	断臂	1
duan jiao ci hu	断蛟刺虎	1
duan yu	断语	1
duan huan gui zong	断还归宗	1
duan chang xu duan	断长续短	1
duan chang bu duan	断长补短	1
duan yu can yun	断雨残云	1
duan ji kuai zhou	断齑块粥	1
duan ji hua zhou	断齑画粥	1
si shi ti da	斯事体大	1
si de ge er mo	斯德哥尔摩	1
si la fu ren	斯拉夫人	1
si wen sao di	斯文扫地	1
xin ding	新丁	1
xin le	新乐	1
xin chou jiu hen	新仇旧恨	1
xin ti	新体	1
xin hua	新化	1
xin yi	新医	1
xin fa yu xing	新发于硎	1
xin tian di	新天地	1
xin zi	新姿	1
xin hun yan er	新婚燕尔	1
xin xi fu er	新媳妇儿	1
xin guan shang ren san ba huo	新官上任三把火	1
xin ji shu	新技术	1
xin jiao	新教	1
xin wen hua	新文化	1
xin wen hua yun dong	新文化运动	1
xin zheng	新正	1
xin sheng li liang	新生力量	1
xin jiang da xue	新疆大学	1
xin jiang wei wu er zi zhi qu	新疆维吾尔自治区	1
xin shi qi shi dai	新石器时代	1
xin lv	新绿	1
xin lao jiao ti	新老交替	1
xin neng yuan	新能源	1
xin zhu	新著	1
xin lun	新论	1
xin yu	新语	1
xin lang guan	新郎官	1
xin chang zheng	新长征	1
xin wen pian	新闻片	1
xin yu	新雨	1
xin yan	新颜	1
fang wei jiao	方位角	1
fang bian zhi men	方便之门	1
fang xing wei yi	方兴未已	1
fang deng	方凳	1
fang yuan ke shi	方员可施	1
fang tou	方头	1
fang tou bu lie	方头不劣	1
fang tou bu lv	方头不律	1
fang jia	方家	1
fang cun wan chong	方寸万重	1
fang cun bu luan	方寸不乱	1
fang cun zhi di	方寸之地	1
fang chi	方尺	1
fang di yuan gai	方底圆盖	1
fang kuo hao	方括号	1
fang fang zheng zheng	方方正正	1
fang shu	方术	1
fang rui huan zao	方枘圜凿	1
fang zheng bu e	方正不阿	1
fang zhuan	方砖	1
fang jie shi	方解石	1
fang yan ju xing	方言矩行	1
fang dui	方队	1
fang mian da er	方面大耳	1
fang ling yuan guan	方领圆冠	1
fang can bing lu	方骖并路	1
wu tu	於菟	1
shi yu	施与	1
shi wei	施为	1
shi yu	施予	1
shi hao fa ling	施号发令	1
shi ming fa hao	施命发号	1
shi gong feng	施工缝	1
shi jiao	施教	1
shi shi er xing	施施而行	1
shi xi	施洗	1
shi fei tuo lv	施绯拖绿	1
shi er bu fei	施而不费	1
shi jin jie li	施衿结褵	1
pang ce	旁侧	1
pang chu	旁出	1
pang ya li	旁压力	1
pang ji	旁及	1
pang ting xi	旁听席	1
pang ting sheng	旁听生	1
pang zuo	旁坐	1
pang cha er	旁岔儿	1
pang yin qu zheng	旁引曲证	1
pang zheng bo yin	旁征博引	1
pang zhi qu yu	旁指曲谕	1
pang tui ce yin	旁推侧引	1
pang sou bo cai	旁搜博采	1
pang sou yuan shao	旁搜远绍	1
pang yao yin shan	旁摇阴煽	1
pang zhi	旁支	1
pang shou bo cai	旁收博采	1
pang qiao ce ji	旁敲侧击	1
pang wen sheng yi	旁文剩义	1
pang zhi mo jie	旁枝末节	1
pang qiu jun yan	旁求俊彦	1
pang qiu bo kao	旁求博考	1
pang zhu	旁注	1
pang xi qin shu	旁系亲属	1
pang ruo wu ren	旁若无人	1
pang luo	旁落	1
pang sou yuan shao	旁蒐远绍	1
pang xing xie shang	旁行斜上	1
pang jian ce chu	旁见侧出	1
pang guan zhe xiao ying	旁观者效应	1
pang guan zhe qing	旁观者清	1
pang zheng	旁证	1
pang lu	旁路	1
pang tong	旁通	1
pang tong qu chang	旁通曲畅	1
pang tong qu chang	旁通曲鬯	1
pang yi heng chu	旁逸横出	1
pang men	旁门	1
pang men wai dao	旁门外道	1
pang men xiao dao	旁门小道	1
pang men zuo dao	旁门左道	1
pang men xie dao	旁门邪道	1
pang gu	旁顾	1
pang wu	旁骛	1
lv cha fei	旅差费	1
lv you che	旅游车	1
lv you xie	旅游鞋	1
lv she	旅舍	1
lv xing bao	旅行包	1
lv ben	旅贲	1
xuan qian zhuan kun	旋乾转坤	1
xuan er	旋儿	1
xuan qian zhuan kun	旋干转坤	1
xuan de xuan shi	旋得旋失	1
xuan sheng xuan mie	旋生旋灭	1
xuan zhuan qian kun	旋转乾坤	1
xuan zhuan gan kun	旋转干坤	1
xuan zhuan men	旋转门	1
xuan zhuan can ting	旋转餐厅	1
jing qi juan shu	旌旗卷舒	1
yi ni feng guang	旖旎风光	1
qi bu xing zhi	旗布星峙	1
qi kai de sheng	旗开得胜	1
qi yu	旗语	1
qi gu xiang dang	旗鼓相当	1
wu yi bu bei	无一不备	1
wu yi bu zhi	无一不知	1
wu yi li wai	无一例外	1
wu yi shi chu	无一是处	1
wu wan da qian	无万大千	1
wu xia zhu chu	无下箸处	1
wu yu wei bi	无与为比	1
wu yu bi lun	无与比伦	1
wu si you xian	无丝有线	1
wu wei zhi zhi	无为之治	1
wu wei er cheng	无为而成	1
wu wei er zhi	无为而治	1
wu wei zi hua	无为自化	1
wu wei zi cheng	无为自成	1
wu hu bu ke	无乎不可	1
wu le wu xiu	无了无休	1
wu le gen di	无了根蒂	1
wu shi bu deng san bao dian	无事不登三宝殿	1
wu qin wu gu	无亲无故	1
wu ren zhi di	无人之地	1
wu ren qu	无人区	1
wu ren guo wen	无人过问	1
wu cong zhi hui	无从置喙	1
wu yi se ze	无以塞责	1
wu jia zhi bao	无价之宝	1
wu jia bao	无价宝	1
wu ren	无任	1
wu ren zhi lu	无任之禄	1
wu xiu wu le	无休无了	1
wu shang da ti	无伤大体	1
wu shang da ya	无伤大雅	1
wu shang wu xiu	无伤无臭	1
wu he	无何	1
wu he you zhi xiang	无何有之乡	1
wu he you xiang	无何有乡	1
wu fo chu cheng zun	无佛处称尊	1
wu pian wu bei	无偏无陂	1
wu gong hai shu cai	无公害蔬菜	1
wu guan da ti	无关大体	1
wu guan da ju	无关大局	1
wu qi lun bi	无其伦比	1
wu qi nai he	无其奈何	1
wu mian zhi wang	无冕之王	1
wu ji	无几	1
wu chu qi you	无出其右	1
wu li ke tu	无利可图	1
wu li hui tian	无力回天	1
wu gong gong lv	无功功率	1
wu dong wei da	无动为大	1
wu dong yu zhong	无动于中	1
wu qian dai wan	无千待万	1
wu qian wu wan	无千无万	1
wu hua	无华	1
wu ke bu ke	无可不可	1
wu ke zheng yi	无可争议	1
wu ke zheng bian	无可争辩	1
wu ke ming zhuang	无可名状	1
wu ke fou ren	无可否认	1
wu ke nai he hua luo qu	无可奈何花落去	1
wu ke feng gao	无可奉告	1
wu ke ru he	无可如何	1
wu ke zhi ze	无可指责	1
wu ke wu bu ke	无可无不可	1
wu ke nai he	无可柰何	1
wu ke bi lun	无可比伦	1
wu ke bi ni	无可比拟	1
wu ke bi xiang	无可比象	1
wu ke zhi hui	无可置喙	1
wu ke zhi yi	无可置疑	1
wu ke zhi bian	无可置辩	1
wu ke hui yan	无可讳言	1
wu ke fei yi	无可非议	1
wu ming zhi pu	无名之朴	1
wu ming zhi bei	无名之辈	1
wu ming xiao zu	无名小卒	1
wu ming tie	无名帖	1
wu ming shi	无名氏	1
wu ming zhong du	无名肿毒	1
wu tu zai pei	无土栽培	1
wu di ke rong	无地可容	1
wu di zi cuo	无地自厝	1
wu di zi chu	无地自处	1
wu jian bu cui	无坚不摧	1
wu jian bu xian	无坚不陷	1
wu sheng wu xiu	无声无臭	1
wu sheng pian	无声片	1
wu da bu da	无大不大	1
wu da wu xiao	无大无小	1
wu tou gao shi	无头告示	1
wu tou wu wei	无头无尾	1
wu tou an	无头案	1
wu qi bu you	无奇不有	1
wu nai he	无奈何	1
wu nai wo he	无奈我何	1
wu ru zhi he	无如之何	1
wu ru nai he	无如奈何	1
wu kong bu ru	无孔不入	1
wu kong bu zuan	无孔不钻	1
wu ning	无宁	1
wu jia ke ben	无家可奔	1
wu jia wu shi	无家无室	1
wu rong zhi yi	无容置疑	1
wu rong shen zhi di	无容身之地	1
wu kou bao si	无寇暴死	1
wu jin wu xiu	无尽无休	1
wu jin wu qiong	无尽无穷	1
wu qiao bu cheng shu	无巧不成书	1
wu qiao bu cheng hua	无巧不成话	1
wu gan	无干	1
wu ping bu po	无平不颇	1
wu you bu zhu	无幽不烛	1
wu di dong	无底洞	1
wu yong zhi yi	无庸置疑	1
wu xing zhi zhong	无形之中	1
wu ying deng	无影灯	1
wu wang bu ke	无往不克	1
wu wang bu li	无往不利	1
wu wang bu fu	无往不复	1
wu wang bu sheng	无往不胜	1
wu zheng bu xin	无征不信	1
wu dai shi gui	无待蓍龟	1
wu de er cheng	无德而称	1
wu si wu lv	无思无虑	1
wu e bu wei	无恶不为	1
wu e bu zuo	无恶不作	1
wu e bu zao	无恶不造	1
wu qing shao mian	无情少面	1
wu suo bu wei	无所不为	1
wu suo bu zuo	无所不作	1
wu suo bu bao	无所不包	1
wu suo bu ji	无所不及	1
wu suo bu ke	无所不可	1
wu suo bu bei	无所不备	1
wu suo bu rong	无所不容	1
wu suo bu jin qi ji	无所不尽其极	1
wu suo bu xiao	无所不晓	1
wu suo bu you	无所不有	1
wu suo bu yong qi ji	无所不用其极	1
wu suo bu zhi	无所不知	1
wu suo bu zhi	无所不至	1
wu suo bu tong	无所不通	1
wu suo zuo wei	无所作为	1
wu suo ke fou	无所可否	1
wu suo ji dan	无所忌惮	1
wu suo shi qi ji	无所施其伎	1
wu suo shi qi ji	无所施其技	1
wu suo yong xin	无所用心	1
wu suo wei dan	无所畏惮	1
wu suo zhong qing	无所重轻	1
wu suo gu dan	无所顾惮	1
wu ju wu ai	无拘无碍	1
wu ju wu fu	无拘无缚	1
wu ju shu	无拘束	1
wu shi bu ke	无施不可	1
wu shi bu xiao	无施不效	1
wu you lun bi	无有伦比	1
wu fu zhi sang	无服之丧	1
wu fu zhi shang	无服之殇	1
wu ji hua xue	无机化学	1
wu ji ke cheng	无机可乘	1
wu shu wu ju	无束无拘	1
wu du bu zhang fu	无毒不丈夫	1
wu mao da chong	无毛大虫	1
wu yan gong ye	无烟工业	1
wu zhao	无照	1
wu fu wu jun	无父无君	1
wu du you ou	无独有偶	1
wu li shu	无理数	1
wu yong gong	无用功	1
wu yong wu zhi di	无用武之地	1
wu jiang	无疆	1
wu jiang zhi xiu	无疆之休	1
wu di fang shi	无的放矢	1
wu yan bu jie dan	无盐不解淡	1
wu xiang	无相	1
wu xiang wu zuo	无相无作	1
wu zhuo	无着	1
wu zhi wang zuo	无知妄作	1
wu shen lun	无神论	1
wu si you bi	无私有弊	1
wu si you yi	无私有意	1
wu ji	无稽	1
wu ji zhi yan	无稽之言	1
wu qiong da	无穷大	1
wu qiong jin	无穷尽	1
wu kong bu ru	无空不入	1
wu li zhui zhi di	无立锥之地	1
wu jing da cai	无精嗒彩	1
wu jing da cai	无精打彩	1
wu xian dian chuan zhen	无线电传真	1
wu xian dian tai	无线电台	1
wu xian dian tong xin	无线电通信	1
wu feng tian yi	无缝天衣	1
wu feng gang guan	无缝钢管	1
wu zhi zhui di	无置锥地	1
wu chang ke duan	无肠可断	1
wu bei wu ce	无背无侧	1
wu jing er xing	无胫而行	1
wu neng wei yi	无能为役	1
wu xiu	无臭	1
wu ban bu shi	无般不识	1
wu se wu xiu	无色无臭	1
wu jie zhi	无节制	1
wu lv wu si	无虑无思	1
wu xing	无行	1
wu yan ke dui	无言可对	1
wu ji ke nai	无计可奈	1
wu ji ke shi	无计可施	1
wu ji nai he	无计奈何	1
wu ji ming tou piao	无记名投票	1
wu zu qing zhong	无足轻重	1
wu zu zhong qing	无足重轻	1
wu lu ke zou	无路可走	1
wu gui dian che	无轨电车	1
wu gu shou lei	无辜受累	1
wu bian feng yue	无边风月	1
wu guo	无过	1
wu yuan bu jie	无远不届	1
wu yuan fu jie	无远弗届	1
wu ji ke xun	无迹可寻	1
wu ji ke qiu	无迹可求	1
wu shi wu mo	无适无莫	1
wu di wu mo	无適无莫	1
wu zhe da hui	无遮大会	1
wu qian qi you	无铅汽油	1
wu jian dong xia	无间冬夏	1
wu jian ke cheng	无间可乘	1
wu jian ke si	无间可伺	1
wu jian shi fei	无间是非	1
wu zu	无阻	1
wu ji ke xun	无际可寻	1
wu xian da	无限大	1
wu xi ke cheng	无隙可乘	1
wu shuang qi	无霜期	1
wu mian mu jian jiang dong fu lao	无面目见江东父老	1
wu yan luo se	无颜落色	1
wu dian wu dao	无颠无倒	1
wu feng san chi lang	无风三尺浪	1
wu feng bu qi lang	无风不起浪	1
wu feng zuo lang	无风作浪	1
wu feng yang bo	无风扬波	1
wu feng sheng lang	无风生浪	1
wu feng qi lang	无风起浪	1
ji wang bu jiu	既往不咎	1
ri shang san gan	日上三竿	1
ri bu wo yu	日不我与	1
ri bu xia ji	日不暇给	1
ri bu yi ying	日不移影	1
ri bu yi gui	日不移晷	1
ri zhong wei shi	日中为市	1
ri zhong ze ze	日中则昃	1
ri zhong ze yi	日中则移	1
ri zhong jiang ze	日中将昃	1
ri zhong bi hui	日中必彗	1
ri zhong bi ze	日中必昃	1
ri zhong bi yuan	日中必湲	1
ri zhong bi yi	日中必移	1
ri li feng he	日丽风和	1
ri li feng qing	日丽风清	1
ri jiu tian chang	日久天长	1
ri jiu sui chang	日久岁长	1
ri jiu jian ren xin	日久见人心	1
ri qian xi ti	日乾夕惕	1
ri yi wei chang	日以为常	1
ri pian shi	日偏食	1
ri quan shi	日全食	1
ri chu bu qiong	日出不穷	1
ri xue yue ge	日削月割	1
ri xue yue juan	日削月朘	1
ri hua	日华	1
ri he feng nuan	日和风暖	1
ri chang	日场	1
ri yin yue sai	日堙月塞	1
ri zeng yue sheng	日增月盛	1
ri tou	日头	1
ri she	日射	1
ri she bing	日射病	1
ri jiu yue jiang	日就月将	1
ri ju yue zhu	日居月诸	1
ri yi yue geng	日异月更	1
ri yin yue chang	日引月长	1
ri xin yue sheng	日新月盛	1
ri xin yue zhu	日新月著	1
ri gan bu shi	日旰不食	1
ri gan wang shi	日旰忘食	1
ri gan wang can	日旰忘餐	1
ri ze bu shi	日昃不食	1
ri ze wang shi	日昃忘食	1
ri ze gan shi	日昃旰食	1
ri shai	日晒	1
ri yun	日晕	1
ri nuan feng he	日暖风和	1
ri nuan feng tian	日暖风恬	1
ri mu lu yuan	日暮路远	1
ri mu tu yuan	日暮途远	1
ri mu dao yuan	日暮道远	1
ri yue bu ju	日月不居	1
ri yue li tian	日月丽天	1
ri yue jiao shi	日月交食	1
ri yue qi chu	日月其除	1
ri yue shen chen	日月参辰	1
ri yue he bi	日月合壁	1
ri yue he bi	日月合璧	1
ri yue chong guang	日月重光	1
ri you wan ji	日有万机	1
ri juan yue jian	日朘月减	1
ri juan yue xue	日朘月削	1
ri mo	日没	1
ri jian yue ran	日渐月染	1
ri zhi feng chui	日炙风吹	1
ri zhi feng shai	日炙风筛	1
ri huan shi	日环食	1
ri li wan ji	日理万机	1
ri shen yi ri	日甚一日	1
ri xing yue xiu	日省月修	1
ri xing yue shi	日省月试	1
ri xing yue ke	日省月课	1
ri duan xin chang	日短心长	1
ri ji yue lei	日积月累	1
ri lei yue ji	日累月积	1
ri er man ren	日耳曼人	1
ri zhen wan mei	日臻完美	1
ri mo tu yuan	日莫途远	1
ri luo qian zhang	日落千丈	1
ri luo xi shan	日落西山	1
ri bao sang yu	日薄桑榆	1
ri bao yu yuan	日薄虞渊	1
ri bo xi shan	日薄西山	1
ri xing qian li	日行千里	1
ri jian	日见	1
ri jiao yan yue	日角偃月	1
ri jiao zhu ting	日角珠庭	1
ri jiao long ting	日角龙庭	1
ri jiao long yan	日角龙颜	1
ri ji bu	日记簿	1
ri ji zhang	日记账	1
ri xu duo shi	日许多时	1
ri xu shi jian	日许时间	1
ri shi wan yan	日试万言	1
ri song wu che	日诵五车	1
ri zhuan qian jie	日转千街	1
ri zhuan qian jie	日转千阶	1
ri jin chang an yuan	日近长安远	1
ri jin dou jin	日进斗金	1
ri chang yi xian	日长一线	1
ri chang si sui	日长似岁	1
ri shi	日食	1
ri shi wan qian	日食万钱	1
ri yin wang he	日饮亡何	1
ri yin wu he	日饮无何	1
dan bu bao xi	旦不报夕	1
dan xi huo fu	旦夕祸福	1
dan mu ru di	旦暮入地	1
dan zhong mu cheng	旦种暮成	1
dan jue	旦角	1
dan jue er	旦角儿	1
jiu shi chong ti	旧事重提	1
jiu chou su yuan	旧仇宿怨	1
jiu ti	旧体	1
jiu di	旧地	1
jiu di chong you	旧地重游	1
jiu da lu	旧大陆	1
jiu hao	旧好	1
jiu jia	旧家	1
jiu hen xin chou	旧恨新仇	1
jiu e	旧恶	1
jiu jiao	旧教	1
jiu kuang kuang	旧框框	1
jiu yan gui chao	旧燕归巢	1
jiu bing fu fa	旧病复发	1
jiu bing nan yi	旧病难医	1
jiu de bu qu xin de bu lai	旧的不去新的不来	1
jiu zhi	旧知	1
jiu shi qi shi dai	旧石器时代	1
jiu yue	旧约	1
jiu guan	旧观	1
jiu shi	旧识	1
jiu hua chong ti	旧话重提	1
jiu shuo	旧说	1
jiu diao chong tan	旧调重弹	1
jiu du	旧都	1
jiu yu	旧雨	1
jiu yu jin yu	旧雨今雨	1
jiu yu chong feng	旧雨重逢	1
zhi yao	旨要	1
zhi qu	旨趣	1
zao chan er	早产儿	1
zao zhan wu yao	早占勿药	1
zao chang	早场	1
zao chao	早朝	1
zao chao yan ba	早朝晏罢	1
zao qi bai hua	早期白话	1
zao zi xi	早自习	1
zao shuai	早衰	1
zao gai tao tai	早该淘汰	1
zao che	早车	1
zao jian	早间	1
gan shi zhi lao	旰食之劳	1
gan shi xiao yi	旰食宵衣	1
han bing chang	旱冰场	1
han bing xie	旱冰鞋	1
han qu	旱区	1
han di	旱地	1
han miao de yu	旱苗得雨	1
han ba wei nve	旱魃为虐	1
han mo	旱魔	1
shi bu zai lai	时不再来	1
shi bu ke shi	时不可失	1
shi bu wo yu	时不我与	1
shi bu wo dai	时不我待	1
shi heng yun tai	时亨运泰	1
shi dai gan	时代感	1
shi ling	时令	1
shi ling bing	时令病	1
shi jia	时价	1
shi xing	时兴	1
shi he sui feng	时和岁丰	1
shi he sui ren	时和岁稔	1
shi he nian feng	时和年丰	1
shi ri he sang	时日曷丧	1
shi lai yun xuan	时来运旋	1
shi lai yun zhuan	时来运转	1
shi shu feng yi	时殊风异	1
shi xing	时行	1
shi diao	时调	1
shi qi shi fu	时起时伏	1
shi guo jing qian	时过境迁	1
shi yun bu ji	时运不齐	1
shi yun heng tong	时运亨通	1
shi jian xing	时间性	1
shi yin shi jian	时隐时见	1
shi feng	时风	1
shi xian	时鲜	1
kuang shi qi cai	旷世奇才	1
kuang gu qi wen	旷古奇闻	1
kuang gu wei you	旷古未有	1
kuang fu yuan nv	旷夫怨女	1
kuang ri mi jiu	旷日弥久	1
kuang ri lei shi	旷日累时	1
kuang ri chang jiu	旷日长久	1
kuang ruo fa meng	旷若发蒙	1
kuang da bu ji	旷达不羁	1
kuang yuan	旷远	1
ang tou tian wai	昂头天外	1
ang tou ting xiong	昂头挺胸	1
ang tou kuo bu	昂头阔步	1
ang ang zi ruo	昂昂自若	1
ang ran zi de	昂然自得	1
ang ran zi ruo	昂然自若	1
ang cang	昂藏	1
ang cang qi chi	昂藏七尺	1
ze shi xiao yi	昃食宵衣	1
kun shan pian yu	昆山片玉	1
kun di zhi hao	昆弟之好	1
hao tian bu diao	昊天不吊	1
chang le	昌乐	1
chang ting lv shi	昌亭旅食	1
chang chu yang zao	昌歜羊枣	1
chang dou xian	昌都县	1
ming li	明丽	1
ming zheng an dou	明争暗斗	1
ming ren bu zuo an shi	明人不做暗事	1
ming ling	明令	1
ming er ge	明儿个	1
ming gong zheng yi	明公正义	1
ming gong zheng qi	明公正气	1
ming gong zheng dao	明公正道	1
ming jing	明净	1
ming xing bu lu	明刑不戮	1
ming xing bi jiao	明刑弼教	1
ming sheng an jiang	明升暗降	1
ming fa bu mei	明发不寐	1
ming tang zheng dao	明堂正道	1
ming chu	明处	1
ming hun zheng qu	明婚正娶	1
ming hun zheng pei	明婚正配	1
ming mei zheng qu	明媒正娶	1
ming mei zheng li	明媒正礼	1
ming du	明度	1
ming xin jian xing	明心见性	1
ming yang ce lou	明扬侧陋	1
ming qiang	明抢	1
ming qiang an tou	明抢暗偷	1
ming xiao da yan	明效大验	1
ming jiao bu bian	明教不变	1
ming xing dui	明星队	1
ming chun	明春	1
ming zhao hun meng	明昭昏蒙	1
ming huang huang	明晃晃	1
ming yue qing feng	明月清风	1
ming cha an fang	明查暗访	1
ming zheng dian xing	明正典刑	1
ming fa shen ling	明法审令	1
ming qu	明渠	1
ming wang	明王	1
ming zhu tan que	明珠弹雀	1
ming wa	明瓦	1
ming bai liao dang	明白了当	1
ming zhi gu fan	明知故犯	1
ming zhi gu wen	明知故问	1
ming chuang jing ji	明窗净几	1
ming chi jiao zhan	明耻教战	1
ming ruo guan huo	明若观火	1
ming bu	明补	1
ming jian wan li	明见万里	1
ming jiao deng	明角灯	1
ming shang bu fei	明赏不费	1
ming mian	明面	1
ming yan da xiao	明验大效	1
hun tian an di	昏天暗地	1
hun tian xi di	昏天熙地	1
hun tian hei di	昏天黑地	1
hun tou da nao	昏头打脑	1
hun tou da nao	昏头搭脑	1
hun tou hun nao	昏头昏脑	1
hun tou yun nao	昏头晕脑	1
hun tou zhuan xiang	昏头转向	1
hun ding chen xing	昏定晨省	1
hun yun	昏晕	1
hun kui wu neng	昏聩无能	1
hun mi bu xing	昏迷不省	1
hun mi bu xing	昏迷不醒	1
hun jing chong ming	昏镜重明	1
hun jing chong mo	昏镜重磨	1
yi yu shi yi	易于拾遗	1
yi wei	易位	1
yi su yi feng	易俗移风	1
yi kou yi shi	易口以食	1
yi tong fan zhang	易同反掌	1
yi di	易地	1
yi di er chu	易地而处	1
yi ru shi jie	易如拾芥	1
yi zi er jiao	易子而教	1
yi zi er shi	易子而食	1
yi sun	易损	1
yi ran	易燃	1
yi bao	易爆	1
yi huo	易货	1
yi huo mao yi	易货贸易	1
xi tian tong qing	昔天同庆	1
xing ti	星体	1
xing zhan	星占	1
xing hao	星号	1
xing san	星散	1
xing dou	星斗	1
xing xing luo luo	星星落落	1
xing tiao qi	星条旗	1
xing huo liao yuan	星火燎原	1
xing huo ji hua	星火计划	1
xing xiang	星相	1
xing li yue hui	星离月会	1
xing li yu san	星离雨散	1
xing yi dou zhuan	星移斗转	1
xing yi lou zhuan	星移漏转	1
xing luo yun san	星落云散	1
xing xing ye gui	星行夜归	1
xing xing dian zheng	星行电征	1
xing fei yun san	星飞云散	1
xing chi dian fa	星驰电发	1
ying shan hong	映山红	1
ying yue du shu	映月读书	1
ying xue nang ying	映雪囊萤	1
ying xue du shu	映雪读书	1
chun shang	春上	1
chun ling	春令	1
chun jia	春假	1
chun guang lou xie	春光漏泄	1
chun bing hu wei	春冰虎尾	1
chun fen	春分	1
chun hua	春化	1
chun hua qiu shi	春华秋实	1
chun juan	春卷	1
chun he jing ming	春和景明	1
chun hui da di	春回大地	1
chun da mai	春大麦	1
chun jing	春景	1
chun shen si hai	春深似海	1
chun qiu shan	春秋衫	1
chun qiu ding sheng	春秋鼎盛	1
chun zhong	春种	1
chun sun nu fa	春笋怒发	1
chun se liao ren	春色撩人	1
chun pa li zao	春葩丽藻	1
chun yin qiu she	春蚓秋蛇	1
chun can dao si si fang jin	春蚕到死丝方尽	1
chun she qiu yin	春蛇秋蚓	1
chun yu ru you	春雨如油	1
chun lu qiu shuang	春露秋霜	1
chun feng yi du	春风一度	1
chun feng hua yu	春风化雨	1
chun feng he qi	春风和气	1
chun feng xia yu	春风夏雨	1
chun feng de yi	春风得意	1
chun feng yi shui	春风沂水	1
chun feng man mian	春风满面	1
chun feng ye huo	春风野火	1
chun feng yu lu	春风雨露	1
chun feng feng ren	春风风人	1
mei di man tian	昧地瞒天	1
mei di man tian	昧地谩天	1
mei ji man xin	昧己瞒心	1
mei dan chen xing	昧旦晨兴	1
zuo er ge	昨儿个	1
zhao de se wei	昭德塞违	1
zhao ran ruo jie	昭然若揭	1
zhao long fa kui	昭聋发聩	1
zhao su	昭苏	1
zhao zhu	昭著	1
shi fei fen ming	是非分明	1
shi fei zhi wei duo kai kou	是非只为多开口	1
shi fei de shi	是非得失	1
shi fei qu zhi	是非曲直	1
shi fei wo	是非窝	1
shi fei zi you gong lun	是非自有公论	1
shi fei dian dao	是非颠倒	1
zhou qian xi ti	昼乾夕惕	1
zhou fu ye xing	昼伏夜行	1
zhou ye jian xing	昼夜兼行	1
zhou gan xi ti	昼干夕惕	1
zhou duo ye si	昼度夜思	1
zhou si ye xiang	昼思夜想	1
xian qin yang ming	显亲扬名	1
xian shan lu shui	显山露水	1
xian neng	显能	1
xian yao	显要	1
xian jian	显见	1
xian huo	显豁	1
xian lu tou jiao	显露头角	1
huang yao	晃摇	1
huang yan	晃眼	1
jin jian	晋见	1
yan an dan du	晏安酖毒	1
shai tai	晒台	1
shai chang	晒场	1
xiao zhi yi li	晓之以理	1
xiao yi da yi	晓以大义	1
xiao xing ye zhu	晓行夜住	1
xiao xing ye su	晓行夜宿	1
xiao feng can yue	晓风残月	1
yun hu hu	晕乎乎	1
yun jue	晕厥	1
yun chang	晕场	1
yun tou yun nao	晕头晕脑	1
yun ying	晕影	1
yun yun chen chen	晕晕沉沉	1
yun chi	晕池	1
yun chuan	晕船	1
yun guo qu	晕过去	1
yun zhen	晕针	1
yun gao	晕高	1
yun gao er	晕高儿	1
wan yi dian	晚一点	1
wan jie bu bao	晚节不保	1
wan jie bu zhong	晚节不终	1
wan jie huang hua	晚节黄花	1
wan shi dang rou	晚食当肉	1
wu jian	晤见	1
hui mang pi se	晦盲否塞	1
chen xing ye mei	晨兴夜寐	1
chen can mu sheng	晨参暮省	1
chen can mu li	晨参暮礼	1
chen ti xi ming	晨提夕命	1
chen hun ding xing	晨昏定省	1
chen wu	晨雾	1
chen shuang	晨霜	1
chen feng	晨风	1
zui mian ang bei	晬面盎背	1
pu tian za di	普天匝地	1
pu tian tong qing	普天同庆	1
pu tian shuai tu	普天率土	1
pu du	普度	1
pu du zhong sheng	普度众生	1
pu du qun sheng	普度群生	1
pu jiao	普教	1
pu ji zhong sheng	普济众生	1
pu ji qun sheng	普济群生	1
pu tong jiao yu	普通教育	1
pu jiang	普降	1
jing ru sang yu	景入桑榆	1
jing kuang	景况	1
jing sheng tun quan	景升豚犬	1
jing tian	景天	1
jing mu	景慕	1
jing jiao	景教	1
jing xing feng huang	景星凤凰	1
jing xing feng huang	景星凤皇	1
jing xing qing yun	景星庆云	1
jing xing lin feng	景星麟凤	1
jing tai lan	景泰蓝	1
jing pian	景片	1
jing xing	景行	1
jing yu	景遇	1
jing yang gang	景阳冈	1
jing po zu	景颇族	1
xi mao bian fa	晰毛辨发	1
qing he	晴和	1
qing hao	晴好	1
qing yu san	晴雨伞	1
qing yu biao	晴雨表	1
jing zhuang ti	晶状体	1
jing shi	晶石	1
zhi li shang shu	智力商数	1
zhi zhou wan wu	智周万物	1
zhi nang	智囊	1
zhi nang tuan	智囊团	1
zhi yuan xing fang	智圆行方	1
zhi xiao yan da	智小言大	1
zhi xiao mou da	智小谋大	1
zhi jin neng suo	智尽能索	1
zhi qin	智擒	1
zhi shu	智术	1
zhi qiong cai jin	智穷才尽	1
zhi neng xing	智能型	1
zhi cang guan zai	智藏瘝在	1
liang tai	晾台	1
liang yi fu	晾衣服	1
zan yong	暂用	1
zan xing	暂行	1
shu yu qi han	暑雨祁寒	1
nuan hu hu	暖乎乎	1
nuan dong	暖冬	1
nuan shui hu	暖水壶	1
nuan yi bao shi	暖衣饱食	1
nuan feng ji	暖风机	1
an zhong mo suo	暗中摸索	1
an zhong xing shi	暗中行事	1
an he	暗合	1
an chang	暗场	1
an shi bu qi	暗室不欺	1
an she di tu	暗射地图	1
an du jin zhen	暗度金针	1
an du chen cang	暗度陈仓	1
an kou er	暗扣儿	1
an dou ming zheng	暗斗明争	1
an jian zhong ren	暗箭中人	1
an jian nan fang	暗箭难防	1
an hong	暗红	1
an lv	暗绿	1
an lv xi hong	暗绿稀红	1
an bu	暗补	1
an yu	暗语	1
an zhuan	暗转	1
an chui da ren	暗锤打人	1
ai mei bu ming	暧昧不明	1
mu qu zhao lai	暮去朝来	1
mu si zhao san	暮四朝三	1
mu ye wu zhi	暮夜无知	1
mu xiang zhao si	暮想朝思	1
mu jing	暮景	1
mu jing sang yu	暮景桑榆	1
mu jing can guang	暮景残光	1
mu mu zhao zhao	暮暮朝朝	1
mu chu chao qin	暮楚朝秦	1
mu cuan zhao chong	暮爨朝舂	1
mu li chen can	暮礼晨参	1
mu cui zhao hong	暮翠朝红	1
mu guo zhao yu	暮虢朝虞	1
mu yu zhao yun	暮雨朝云	1
mu gu chao zhong	暮鼓朝钟	1
bao nei ling wai	暴内陵外	1
bao li ge ming	暴力革命	1
bao zu	暴卒	1
bao qu hao duo	暴取豪夺	1
bao li	暴吏	1
bao ke	暴客	1
bao shi	暴尸	1
bao li	暴戾	1
bao li zi sui	暴戾恣睢	1
bao lian	暴敛	1
bao lian heng zheng	暴敛横征	1
pu shai	暴晒	1
bao si	暴死	1
bao tian tian wu	暴殄天物	1
bao bi	暴毙	1
bao lie	暴烈	1
bao bing	暴病	1
bao tu	暴突	1
pu sai long men	暴腮龙门	1
bao hu ping he	暴虎冯河	1
bao nve	暴虐	1
bao nve wu dao	暴虐无道	1
pu yi lu guan	暴衣露冠	1
pu yi lu gai	暴衣露盖	1
bao tiao	暴跳	1
bao tiao ru lei	暴跳如雷	1
bao zao ru lei	暴躁如雷	1
bao lou wen xue	暴露文学	1
bao lu wu yi	暴露无遗	1
bao feng ji yu	暴风疾雨	1
bao feng zhou yu	暴风骤雨	1
bao yin bao shi	暴饮暴食	1
pu shu jian zhu	曝书见竹	1
bao guang biao	曝光表	1
pu shai	曝晒	1
pu bei shi qin	曝背食芹	1
pu lu	曝露	1
pu gu lv chang	曝骨履肠	1
qu bu li kou	曲不离口	1
qu bie zhen	曲别针	1
qu ju	曲剧	1
qu xue bi xing	曲学诐行	1
qu xue a shi	曲学阿世	1
qu chi	曲尺	1
qu jin qi miao	曲尽其妙	1
qu du	曲度	1
qu zhang	曲张	1
qu jing	曲径	1
qu jing tong you	曲径通幽	1
qu yi feng ying	曲意奉迎	1
qu yi cheng ying	曲意承迎	1
qu yi ying he	曲意迎合	1
qu yi feng ying	曲意逢迎	1
qu qu	曲曲	1
qu qu wan wan	曲曲弯弯	1
qu qu zhe zhe	曲曲折折	1
qu bing	曲柄	1
qu gun qiu	曲棍球	1
qu shui	曲水	1
qu shui liu shang	曲水流觞	1
qu jiang	曲江	1
qu chi	曲池	1
qu quan	曲泉	1
qu ze	曲泽	1
qu pai	曲牌	1
qu lv	曲率	1
qu zhi	曲直	1
qu mei feng jia	曲眉丰颊	1
qu tu xi xin	曲突徙薪	1
qu tu yi xin	曲突移薪	1
qu bi	曲笔	1
qu xian tu	曲线图	1
qu xian ban	曲线板	1
qu xian mei	曲线美	1
qu xian yun dong	曲线运动	1
qu zhong ren san	曲终人散	1
qu zhong zou ya	曲终奏雅	1
qu gong er zhen	曲肱而枕	1
qu shan	曲蟮	1
qu pu	曲谱	1
qu li guai wan	曲里拐弯	1
qu mei	曲霉	1
qu jing zeng	曲颈甑	1
qu gao he gua	曲高和寡	1
ye guang dan	曳光弹	1
ye wei ni tu	曳尾泥涂	1
ye wei tu zhong	曳尾涂中	1
ye ju wang men	曳裾王门	1
geng shang yi ceng lou	更上一层楼	1
geng shi	更事	1
geng pu nan jin	更仆难尽	1
geng pu nan shu	更仆难数	1
geng pu nan zhong	更仆难终	1
geng ling ming hao	更令明号	1
geng qi	更其	1
geng dong	更动	1
geng zu	更卒	1
geng ming gai xing	更名改姓	1
geng chang die he	更唱叠和	1
geng chang die he	更唱迭和	1
geng fu	更夫	1
geng shi	更始	1
geng xing gai wu	更姓改物	1
geng ding	更定	1
geng zhang	更张	1
geng xian gai zhe	更弦改辙	1
geng xian yi zhe	更弦易辙	1
geng dai gan ba	更待干罢	1
geng ci	更次	1
geng zheng cuo wu	更正错误	1
geng shen ren jing	更深人静	1
geng shen ye jing	更深夜静	1
geng sheng	更生	1
geng fan	更番	1
geng jin yi gan	更进一竿	1
geng chang meng duan	更长梦短	1
geng lan ren jing	更阑人静	1
geng nan pu shu	更难仆数	1
geng gu	更鼓	1
man wu	曼舞	1
zeng bu can ran	曾不惨然	1
zeng shen sha ren	曾参杀人	1
zeng sun	曾孙	1
ceng wu yu er	曾无与二	1
zeng mu tou zhu	曾母投杼	1
zeng zu	曾祖	1
zeng zu mu	曾祖母	1
zeng zu fu	曾祖父	1
ceng jing cang hai	曾经沧海	1
ti gu ren dan you	替古人担忧	1
ti tian xing dao	替天行道	1
ti kao	替考	1
ti shen yan yuan	替身演员	1
zui hou yi ke	最后一刻	1
zui hou de shen pan	最后的审判	1
zui hou de wan can	最后的晚餐	1
zui da gong yue shu	最大公约数	1
zui xiao gong bei shu	最小公倍数	1
yue zhong she gui	月中折桂	1
yue chan	月产	1
yue chan liang	月产量	1
yue ling	月令	1
yue fen pai	月份牌	1
yue fen pai er	月份牌儿	1
yue guang ru shui	月光如水	1
yue quan shi	月全食	1
yue tai	月台	1
yue tai piao	月台票	1
yue yuan hua hao	月圆花好	1
yue di yun jie	月地云阶	1
yue jun	月均	1
yue zhui hua zhe	月坠花折	1
yue xi hua zhao	月夕花朝	1
yue ye hua zhao	月夜花朝	1
yue tou er	月头儿	1
yue wei	月尾	1
yue yun	月晕	1
yue yun chu run	月晕础润	1
yue yun er feng	月晕而风	1
yue yue hong	月月红	1
yue lang feng qing	月朗风清	1
yue zhi	月氏	1
yue mo shen heng	月没参横	1
yue ya er	月牙儿	1
yue bai feng qing	月白风清	1
yue ying ze shi	月盈则食	1
yue xiang	月相	1
yue shi	月石	1
yue zhang xing ju	月章星句	1
yue que nan yuan	月缺难圆	1
yue luo shen heng	月落参横	1
yue luo xing chen	月落星沉	1
yue lu zhi ti	月露之体	1
yue lu feng yun	月露风云	1
yue shi	月食	1
yue hei feng gao	月黑风高	1
you yi xie	有一些	1
you yi li bi you yi bi	有一利必有一弊	1
you yi de yi	有一得一	1
you yi shou	有一手	1
you yi da mei yi da	有一搭没一搭	1
you yi wu er	有一无二	1
you san you liang	有三有俩	1
you liang xia zi	有两下子	1
you wei	有为	1
you shi zhi qiu	有事之秋	1
you chan zhe	有产者	1
you ren jia er	有人家儿	1
you yi shan chu	有以善处	1
you jia zheng quan	有价证券	1
you hui zi	有会子	1
you shang feng hua	有伤风化	1
you he mian mu	有何面目	1
you ni de	有你的	1
you li ke yuan	有例可援	1
you jie wu huan	有借无还	1
you chang xin wen	有偿新闻	1
you guang zhi	有光纸	1
you qi fu bi you qi zi	有其父必有其子	1
you ping you yi	有冯有翼	1
you feng lai yi	有凤来仪	1
you ping you ju	有凭有据	1
you li you bi	有利有弊	1
you jia wu yi	有加无已	1
you lao	有劳	1
you yong wu mou	有勇无谋	1
you yong you mou	有勇有谋	1
you yong zhi fang	有勇知方	1
you kou wu xin	有口无心	1
you kou wu xing	有口无行	1
you kou jie bei	有口皆碑	1
you kou nan fen	有口难分	1
you kou nan yan	有口难言	1
you kou nan bian	有口难辩	1
you si	有司	1
you ming wang shi	有名亡实	1
you ming wu shi	有名无实	1
you wei	有味	1
you wei er	有味儿	1
you xi	有喜	1
you zui wu xin	有嘴无心	1
you zui mei xin	有嘴没心	1
you zui mei she	有嘴没舌	1
you guo nan tou	有国难投	1
you zeng wu yi	有增无已	1
you zeng wu sun	有增无损	1
you sheng wu shi	有声无实	1
you sheng wu qi	有声无气	1
you sheng mei qi	有声没气	1
you sheng dian ying	有声电影	1
you sheng du wu	有声读物	1
you bei wu huan	有备无患	1
you tian wu ri	有天无日	1
you tian mei ri	有天没日	1
you tian mei ri tou	有天没日头	1
you tou wu wei	有头无尾	1
you tou wu nao	有头无脑	1
you tou you wei	有头有尾	1
you tou you nao	有头有脑	1
you tou you lian	有头有脸	1
you tou mei nao	有头没脑	1
you tou nao	有头脑	1
you jiang xiao shou	有奖销售	1
you nv huai chun	有女怀春	1
you nai bian shi niang	有奶便是娘	1
you nai jiu shi niang	有奶就是娘	1
you shi wu zhong	有始无终	1
you shi you zu	有始有卒	1
you shi you zhong	有始有终	1
you zi wan shi zu	有子万事足	1
you hai wu li	有害无利	1
you jia nan ben	有家难奔	1
you chao shi	有巢氏	1
you ji wu ren	有己无人	1
you nian	有年	1
you nian wu yue	有年无月	1
you di	有底	1
you xing sun hao	有形损耗	1
you zheng wu zhan	有征无战	1
you de	有德	1
you xin li	有心力	1
you xin wu li	有心无力	1
you xin you yi	有心有意	1
you zhi bu zai nian gao	有志不在年高	1
you zhi zhi shi	有志之士	1
you zhi wu shi	有志无时	1
you zhi jing cheng	有志竟成	1
you zhi zhe shi jing cheng	有志者事竟成	1
you xing	有性	1
you xing za jiao	有性杂交	1
you xing sheng zhi	有性生殖	1
you shi wu kong	有恃无恐	1
you shi wu kong	有恃毋恐	1
you heng	有恒	1
you kui	有愧	1
you cheng	有成	1
you wo wu ren	有我无人	1
you cai wu ming	有才无命	1
you sun yu	有损于	1
you sun wu yi	有损无益	1
you ju	有据	1
you jiu	有救	1
you jiao wu lei	有教无类	1
you wen wu xing	有文无行	1
you fang	有方	1
you wu xiang tong	有无相通	1
you ri zi	有日子	1
you jiu	有旧	1
you ben you yuan	有本有原	1
you ben you yuan	有本有源	1
you ji ti	有机体	1
you ji hua he wu	有机化合物	1
you ji hua xue	有机化学	1
you ji ke cheng	有机可乘	1
you ji he cheng	有机合成	1
you ji bo li	有机玻璃	1
you ji fei liao	有机肥料	1
you ji zhi	有机质	1
you ji suan	有机酸	1
you tiao you li	有条有理	1
you lai wu hui	有来无回	1
you lai you wang	有来有往	1
you ban you yan	有板有眼	1
you zhi you ye	有枝有叶	1
you zhi tian ye	有枝添叶	1
you ran	有染	1
you gen you di	有根有底	1
you gen you miao	有根有苗	1
you an ke cha	有案可查	1
you an ke ji	有案可稽	1
you leng you jiao	有棱有角	1
you mu you yang	有模有样	1
you si wu er	有死无二	1
you qi	有气	1
you qi wu li	有气无力	1
you qi wu yan	有气无烟	1
you qi mei li	有气没力	1
you qiu bi ying	有求必应	1
you wu you ze	有物有则	1
you li fen shi	有理分式	1
you li shi	有理式	1
you li shu	有理数	1
you li fang cheng	有理方程	1
you sheng	有生	1
you sheng yi lai	有生以来	1
you sheng li liang	有生力量	1
you mu gong jian	有目共见	1
you mu gong shang	有目共赏	1
you mu wu du	有目无睹	1
you pan	有盼	1
you pan er	有盼儿	1
you yan bu shi tai shan	有眼不识泰山	1
you yan ru mang	有眼如盲	1
you yan wu zhu	有眼无珠	1
you yan wu tong	有眼无瞳	1
you ai	有碍	1
you shen lun	有神论	1
you fu tong xiang	有福同享	1
you qiong	有穷	1
you kong er	有空儿	1
you zhang ke xun	有章可循	1
you yue zai xian	有约在先	1
you xian guang bo	有线广播	1
you xian dian hua	有线电话	1
you yuan qian li lai xiang hui	有缘千里来相会	1
you chi nan fei	有翅难飞	1
you chi qie ge	有耻且格	1
you dan you shi	有胆有识	1
you jiao shu chu	有脚书厨	1
you jiao shu chu	有脚书橱	1
you jiao yang chun	有脚阳春	1
you lian	有脸	1
you zhi	有致	1
you se ren zhong	有色人种	1
you se yan jing	有色眼镜	1
you jie	有节	1
you ruo	有若	1
you pin ke cheng	有蠙可乘	1
you xue you rou	有血有肉	1
you yan	有言	1
you yan zai xian	有言在先	1
you shi	有识	1
you shuo you xiao	有说有笑	1
you fu zhong wang	有负众望	1
you cai you shi	有财有势	1
you lai	有赖	1
you ti lei	有蹄类	1
you gui dian che	有轨电车	1
you zhe	有辙	1
you guo zhi wu bu ji	有过之无不及	1
you guo zhi er wu bu ji	有过之而无不及	1
you jin wu tui	有进无退	1
you dao shi	有道是	1
you qian you shi	有钱有势	1
you qian neng shi gui tui mo	有钱能使鬼推磨	1
you men er	有门儿	1
you wen bi da	有问必答	1
you xian	有闲	1
you wen bi lu	有闻必录	1
you xi ke cheng	有隙可乘	1
you ling	有零	1
you qing	有顷	1
you feng you hua	有风有化	1
you bi zi you yan	有鼻子有眼	1
peng bi wei jian	朋比为奸	1
fu sang	服丧	1
fu ren	服人	1
fu zhong	服众	1
fu di zuo xiao	服低做小	1
fu qin	服勤	1
fu chai yi	服差役	1
fu tie	服帖	1
fu shi	服式	1
fu fu tie tie	服服帖帖	1
fu fu tie tie	服服贴贴	1
fu du	服毒	1
fu fa	服法	1
fu man	服满	1
fu niu cheng ma	服牛乘马	1
fu tian li se	服田力穑	1
fu zui	服罪	1
fu lao	服老	1
fu ying	服膺	1
fu se	服色	1
fu zhuang shi	服装师	1
fu tie	服贴	1
fu ruan	服软	1
shuo feng	朔风	1
lang yue qing feng	朗月清风	1
lang lang shang kou	朗朗上口	1
lang lang qian kun	朗朗乾坤	1
wang qi jian xiang	望其肩项	1
wang qi xiang bei	望其项背	1
wang chen bu ji	望尘不及	1
wang chen piao sheng	望尘僄声	1
wang chen ben bei	望尘奔北	1
wang chen ben kui	望尘奔溃	1
wang chen zhui ji	望尘追迹	1
wang wu yi shi	望屋以食	1
wang wu er shi	望屋而食	1
wang ying chuai qing	望影揣情	1
wang yang xing tan	望洋兴叹	1
wang yan jiang chuan	望眼将穿	1
wang kong zhuo ying	望空捉影	1
wang biao zhi li	望表知里	1
wang wen wen qie	望闻问切	1
wang que xie en	望阙谢恩	1
wang feng xiang ying	望风响应	1
wang feng xi zhi	望风希指	1
wang feng xi zhi	望风希旨	1
wang feng pu ying	望风扑影	1
wang feng cheng zhi	望风承旨	1
wang feng pi mi	望风披靡	1
wang feng bu ying	望风捕影	1
wang feng er tao	望风而逃	1
wang feng er dun	望风而遁	1
wang feng er jiang	望风而降	1
wang feng er mi	望风而靡	1
zhao san mu er	朝三暮二	1
zhao san mu si	朝三暮四	1
zhao bu bao xi	朝不保夕	1
zhao bu bao mu	朝不保暮	1
zhao bu ji xi	朝不及夕	1
zhao bu lv xi	朝不虑夕	1
zhao bu mou xi	朝不谋夕	1
zhao qian xi ti	朝乾夕惕	1
zhao qian xi dang	朝乾夕愓	1
zhao yun mu yu	朝云暮雨	1
zhao ling xi gai	朝令夕改	1
zhao ling mu gai	朝令暮改	1
zhao hui	朝会	1
zhao qian xi ti	朝前夕惕	1
zhao sheng mu ge	朝升暮合	1
zhao hua xi xiu	朝华夕秀	1
zhao fa xi zhi	朝发夕至	1
zhao fa mu zhi	朝发暮至	1
zhao yi mu zhi	朝夷暮跖	1
zhao zou xi zhao	朝奏夕召	1
zhao zou mu zhao	朝奏暮召	1
zhao si mu xiang	朝思暮想	1
zhao cheng xi hui	朝成夕毁	1
zhao cheng mu bian	朝成暮徧	1
zhao cheng mu hui	朝成暮毁	1
zhao cheng mu bian	朝成暮遍	1
zhao she mu she	朝折暮折	1
zhao pan mu she	朝攀暮折	1
chao zheng	朝政	1
zhao si xi si	朝斯夕斯	1
zhao ri	朝日	1
chao ri guan xi	朝日关系	1
zhao mu	朝暮	1
zhao geng mu gai	朝更暮改	1
chao fu	朝服	1
zhao zhao mu mu	朝朝暮暮	1
zhao liang mu zhou	朝梁暮周	1
zhao liang mu jin	朝梁暮晋	1
zhao liang mu chen	朝梁暮陈	1
zhao huan mu le	朝欢暮乐	1
zhao ge ye xian	朝歌夜弦	1
zhao ge mu xian	朝歌暮弦	1
zhao qi peng bo	朝气蓬勃	1
zhao sheng xi si	朝生夕死	1
zhao sheng mu si	朝生暮死	1
zhao zhong mu huo	朝种暮获	1
zhao qin mu chu	朝秦暮楚	1
zhao chuan mu sai	朝穿暮塞	1
chao zhang guo dian	朝章国典	1
chao zhang guo gu	朝章国故	1
chao gang	朝纲	1
zhao jing mu shi	朝经暮史	1
chao chen	朝臣	1
zhao rong xi mie	朝荣夕灭	1
zhao yi dong shi	朝衣东市	1
chao jian	朝见	1
chao jin	朝觐	1
chao jin sheng di	朝觐圣地	1
chao gong	朝贡	1
zhao chen mu shi	朝趁暮食	1
zhao guo xi gai	朝过夕改	1
chao li wu ren mo zuo guan	朝里无人莫做官	1
chao ye shang xia	朝野上下	1
zhao zhong mu gu	朝钟暮鼓	1
zhao zhong mu gu	朝锺暮鼓	1
zhao wen xi gai	朝闻夕改	1
zhao wen xi si	朝闻夕死	1
zhao wen dao xi si ke yi	朝闻道夕死可矣	1
chao yang dan feng	朝阳丹凤	1
chao yang hua	朝阳花	1
zhao yang ming feng	朝阳鸣凤	1
zhao lu	朝露	1
zhao lu ke zhi	朝露溘至	1
zhao yong xi sun	朝饔夕飧	1
zhao ji xi yan	朝齑夕盐	1
zhao ji mu yan	朝齑暮盐	1
qi zhong kao shi	期中考试	1
qi ji	期冀	1
ji nian	期年	1
qi shu	期数	1
qi qi	期期	1
qi qi ai ai	期期艾艾	1
qi qiu	期求	1
qi piao	期票	1
qi kao	期考	1
qi men	期门	1
qi yi zhi shou	期颐之寿	1
mu ren shi xin	木人石心	1
mu ou xi	木偶戏	1
mu ou pian	木偶片	1
mu hua shi	木化石	1
mu huai shan tui	木坏山颓	1
mu sai	木塞	1
mu tou ren	木头人	1
mu tou xie	木头屑	1
mu tou mu nao	木头木脑	1
mu chi	木尺	1
mu gan niao qi	木干鸟栖	1
mu xin shi fu	木心石腹	1
mu pai	木排	1
mu gan	木杆	1
mu gang	木杠	1
mu tiao	木条	1
mu shan	木栅	1
mu qiao	木桥	1
mu bang	木棒	1
mu mu	木模	1
mu wa	木瓦	1
mu shi xin chang	木石心肠	1
mu long	木笼	1
mu luo gui ben	木落归本	1
mu zuan	木钻	1
mu diao ni su	木雕泥塑	1
wei wei bu ke	未为不可	1
wei liao	未了	1
wei liao gong an	未了公案	1
wei wang ren	未亡人	1
wei bian	未便	1
wei ji	未几	1
wei bu	未卜	1
wei bu xian zhi	未卜先知	1
wei ke	未可	1
wei ke hou fei	未可厚非	1
wei ke tong ri er yu	未可同日而语	1
wei gan gou tong	未敢苟同	1
wei bao zha dan	未爆炸弹	1
wei zhi wan yi	未知万一	1
wei lao xian shuai	未老先衰	1
wei neng mian su	未能免俗	1
wei ai fang xing	未艾方兴	1
wei shi yi ding	未识一丁	1
wei xiang	未详	1
wei zu qing zhong	未足轻重	1
wei da yi jian	未达一间	1
wei feng xian yu	未风先雨	1
mo liao	末了	1
mo ye	末叶	1
mo da bu diao	末大不掉	1
mo da bi zhe	末大必折	1
mo ru zhi he	末如之何	1
mo shao	末梢	1
mo shao shen jing	末梢神经	1
mo jie	末节	1
mo jie xi xing	末节细行	1
mo lu zhi nan	末路之难	1
ben ce	本册	1
ben tong mo yi	本同末异	1
ben tong mo li	本同末离	1
ben gu zhi rong	本固枝荣	1
ben gu bang ning	本固邦宁	1
ben jia	本家	1
ben di	本底	1
ben dang	本当	1
ben xing nan yi	本性难移	1
ben xi	本戏	1
ben zhi bai shi	本支百世	1
ben zu	本族	1
ben mo dao zhi	本末倒置	1
ben ben fen fen	本本分分	1
ben zhi bai shi	本枝百世	1
ben xiang	本相	1
ben xiang bi lu	本相毕露	1
ben piao	本票	1
ben ji	本纪	1
shu ye	术业	1
shu ke	术科	1
zhu chun yu mian	朱唇玉面	1
zhu chun hao chi	朱唇皓齿	1
zhu chun fen mian	朱唇粉面	1
zhu mo	朱墨	1
zhu gan yu qi	朱干玉戚	1
zhu xian san tan	朱弦三叹	1
zhu pi	朱批	1
zhu wen	朱文	1
zhu lou bi wa	朱楼碧瓦	1
zhu lou qi hu	朱楼绮户	1
zhu pan yu dui	朱槃玉敦	1
zhu jin	朱槿	1
zhu qi	朱漆	1
zhu meng bi wa	朱甍碧瓦	1
zhu pan yu dui	朱盘玉敦	1
zhu sha	朱砂	1
zhu bi	朱笔	1
zhu hong	朱红	1
zhu yi shi zhe	朱衣使者	1
zhu yi dian tou	朱衣点头	1
zhu nuo	朱诺	1
zhu fan zao gai	朱轓皁盖	1
zhu fan zao gai	朱轓皂盖	1
zhu lun hua gu	朱轮华毂	1
zhu men	朱门	1
zhu men xiu hu	朱门绣户	1
zhu ge qing lou	朱阁青楼	1
zhu chen zhi hao	朱陈之好	1
zhu que xuan wu	朱雀玄武	1
zhu yan lv fa	朱颜绿发	1
zhu yan cui fa	朱颜翠发	1
zhu yan he fa	朱颜鹤发	1
zhu ying	朱鹦	1
po dao	朴刀	1
pu hou	朴厚	1
pu xue	朴学	1
pu shi wu hua	朴实无华	1
pu zhuo	朴拙	1
pu zhuo zhi cai	朴斫之材	1
pu zhi	朴直	1
po xiao	朴硝	1
pu su wu hua	朴素无华	1
pu mao	朴茂	1
pu ne cheng du	朴讷诚笃	1
pu zhi	朴质	1
pu lou	朴陋	1
duo yi da jiao	朵颐大嚼	1
ji bu ke shi	机不可失	1
ji bu rong fa	机不容发	1
ji bu xuan zhong	机不旋踵	1
ji shi bu mi	机事不密	1
ji hui zhu yi	机会主义	1
ji wei	机位	1
ji guan pao	机关炮	1
ji guan yong jin	机关用尽	1
ji guan suan jin	机关算尽	1
ji guan che	机关车	1
ji hua	机化	1
ji qi jiao ta che	机器脚踏车	1
ji zhu yi jia	机杼一家	1
ji xie lun	机械论	1
ji zhi	机织	1
ji yao	机要	1
ji yao yuan	机要员	1
ji yao mi shu	机要秘书	1
ji zhou	机轴	1
ji zai	机载	1
ji jiang	机降	1
ji nan qing shi	机难轻失	1
xiu huai	朽坏	1
xiu mu bu ke diao	朽木不可雕	1
xiu mu bu diao	朽木不雕	1
xiu mu nan diao	朽木难彫	1
xiu mu nan diao	朽木难雕	1
xiu tiao fu suo	朽条腐索	1
xiu ji bu diao	朽棘不彫	1
xiu ji bu diao	朽棘不雕	1
xiu gu zhong rou	朽骨重肉	1
sha ren bu zha yan	杀人不眨眼	1
sha ren bu jian xue	杀人不见血	1
sha jia	杀价	1
sha shang zha dan	杀伤炸弹	1
sha chu chong wei	杀出重围	1
sha tou	杀头	1
sha qi qiu jiang	杀妻求将	1
sha zhi jiao zi	杀彘教子	1
sha shi jian	杀时间	1
sha jun ji	杀菌剂	1
sha yi suo shi	杀衣缩食	1
sha feng jing	杀风景	1
sha ma hui che	杀马毁车	1
sha ji wei shu	杀鸡为黍	1
sha ji xia hou	杀鸡吓猴	1
sha ji mo bo	杀鸡抹脖	1
za chu	杂处	1
za jia	杂家	1
za cha	杂差	1
za ban	杂拌	1
za ban er	杂拌儿	1
za mao	杂毛	1
za ta	杂沓	1
za zheng	杂症	1
za shuo	杂说	1
za huo pu	杂货铺	1
za yuan er	杂院儿	1
za shi	杂食	1
quan qie	权且	1
quan zuo	权作	1
quan qing zhong wai	权倾中外	1
quan jun li qi	权均力齐	1
quan shu	权数	1
quan shu	权术	1
quan yu	权欲	1
quan yu xun xin	权欲熏心	1
quan neng	权能	1
quan heng qing zhong	权衡轻重	1
quan hao shi yao	权豪势要	1
quan zhong wang chong	权重望崇	1
quan zhong zhi bei	权重秩卑	1
quan qian jiao yi	权钱交易	1
yu chuan pi du	杅穿皮蠹	1
gan ta	杆塔	1
gan cheng	杆秤	1
cha zi	杈子	1
sha mu	杉木	1
shan shu	杉树	1
li bu ke nei xi	李卜克内西	1
li guang bu hou	李广不侯	1
li guang wei feng	李广未封	1
li guang nan feng	李广难封	1
li bai tao hong	李白桃红	1
li guo tong zhou	李郭同舟	1
li guo tong chuan	李郭同船	1
xing ren cha	杏仁茶	1
xing he	杏核	1
xing hong	杏红	1
xing hua chun yu	杏花春雨	1
xing yu li yun	杏雨梨云	1
cai you gan ji	材优干济	1
cai ju zhi da	材剧志大	1
cai da nan yong	材大难用	1
cai xiu xing hui	材朽行秽	1
cai shu zhi da	材疏志大	1
cai neng jian bei	材能兼备	1
cai mao xing jie	材茂行洁	1
cai mao xing jie	材茂行絜	1
cai bo zhi shuai	材薄质衰	1
cai qing de bo	材轻德薄	1
cai gao zhi shen	材高知深	1
cun gong suo	村公所	1
cun fu	村夫	1
cun fu su zi	村夫俗子	1
cun fu ye lao	村夫野老	1
cun tou	村头	1
cun xue jiu yu	村学究语	1
cun rong	村容	1
cun sheng bo chang	村生泊长	1
cun she	村舍	1
cun gui min yue	村规民约	1
cun mao	村貌	1
cun ye pi fu	村野匹夫	1
zhang lv xiang cong	杖履相从	1
zhang lv zong heng	杖履纵横	1
du kou jie she	杜口结舌	1
du jian fang wei	杜渐防微	1
du jian fang meng	杜渐防萌	1
du jian chu wei	杜渐除微	1
du er e wen	杜耳恶闻	1
du men bu chu	杜门不出	1
du men que sao	杜门却扫	1
du men ping ji	杜门屏迹	1
du juan ti xue	杜鹃啼血	1
du mo wei shi	杜默为诗	1
shu shang qi xia	束上起下	1
shu xiu zi hao	束修自好	1
shu fa	束发	1
shu fa feng bo	束发封帛	1
shu dai jie fa	束带结发	1
shu guang jiu xia	束广就狭	1
shu ge juan jia	束戈卷甲	1
shu shou dai si	束手待死	1
shu shou dai bi	束手待毙	1
shu shou pang guan	束手旁观	1
shu shou wu shu	束手无术	1
shu jiao guan wen	束教管闻	1
shu chuan wei zhu	束椽为柱	1
shu yun ju huo	束缊举火	1
shu yun qing huo	束缊请火	1
shu yun huan fu	束缊还妇	1
shu pu wei pu	束蒲为脯	1
shu shen zi hao	束身自好	1
shu ma xian che	束马县车	1
shu ma xuan che	束马悬车	1
gang fu	杠夫	1
gang tou	杠头	1
gang zi	杠子	1
gang gang	杠杠	1
gang ling	杠铃	1
tiao san wo si	条三窝四	1
tiao ling	条令	1
tiao jian ci ji	条件刺激	1
tiao xiu ye guan	条修叶贯	1
tiao ru ye guan	条入叶贯	1
tiao ji	条几	1
tiao deng	条凳	1
tiao fen lv xi	条分缕析	1
tiao fen jie jie	条分节解	1
tiao gan	条干	1
tiao xing	条形	1
tiao bo	条播	1
tiao tiao kuai kuai	条条块块	1
tiao tiao da lu tong luo ma	条条大路通罗马	1
tiao tiao gang gang	条条杠杠	1
tiao tiao kuang kuang	条条框框	1
tiao an	条案	1
tiao zhuo	条桌	1
tiao zhuang	条状	1
tiao chang	条畅	1
tiao hen	条痕	1
tiao shi	条石	1
tiao rong	条绒	1
tiao gui	条规	1
tiao jie zhi pi	条解支劈	1
tiao guan	条贯	1
tiao guan bu fen	条贯部分	1
tiao chen	条陈	1
lai bu de	来不得	1
lai shi bu ke dai	来世不可待	1
lai li bu ming	来历不明	1
lai qu fen ming	来去分明	1
lai hui piao	来回票	1
lai chu bu yi	来处不易	1
lai hao xi shi	来好息师	1
lai liao	来料	1
lai ri da nan	来日大难	1
lai ri fang chang	来日方长	1
lai lai qu qu	来来去去	1
lai zhe bu shan	来者不善	1
lai zhe bu ju	来者不拒	1
lai zhe ke zhui	来者可追	1
lai zhe ju shang	来者居上	1
lai er bu wang fei li ye	来而不往非礼也	1
lai su	来苏	1
lai lu bu ming	来路不明	1
lai hong qu yan	来鸿去燕	1
yang mu	杨木	1
yang zhu qi qi	杨朱泣岐	1
yang sheng huang que	杨生黄雀	1
yang chuan san ye	杨穿三叶	1
yang que xian huan	杨雀衔环	1
bei zhong zhi wu	杯中之物	1
bei zhong wu	杯中物	1
bei zhong she ying	杯中蛇影	1
bei gong she ying	杯弓蛇影	1
bei ying she gong	杯影蛇弓	1
bei shui che xin	杯水车薪	1
bei pan lang ji	杯盘狼藉	1
bei she huan ying	杯蛇幻影	1
bei she gui che	杯蛇鬼车	1
bei jiu jie yuan	杯酒解怨	1
yao bu ke wen	杳不可闻	1
yao wu xin xi	杳无信息	1
yao wu yin xin	杳无音信	1
zhu zhou zhi kong	杼柚之空	1
zhu zhou qi kong	杼柚其空	1
zhu zhou kong xu	杼柚空虚	1
song jin	松劲	1
song kou qi	松口气	1
song ye	松叶	1
song ta er	松塔儿	1
song xing he gu	松形鹤骨	1
song zhi	松枝	1
song zhi gua jian	松枝挂剑	1
song bai zhi shou	松柏之寿	1
song bai zhi zhi	松柏之志	1
song bai zhi mao	松柏之茂	1
song bai hou diao	松柏后凋	1
song bai han meng	松柏寒盟	1
song yun zhi jie	松筠之节	1
song jie	松节	1
song jie you	松节油	1
song luo gong yi	松萝共倚	1
ban shang za ding	板上砸钉	1
ban shang ding ding	板上钉钉	1
ban shua	板刷	1
ban ban liu shi si	板板六十四	1
ban zheng	板正	1
ban jie	板结	1
ban pu	板铺	1
ji le shi jie	极乐世界	1
ji le niao	极乐鸟	1
ji quan	极圈	1
ji da zhi	极大值	1
ji tian wang di	极天罔地	1
ji tian pan di	极天蟠地	1
ji tian ji di	极天际地	1
ji shou wu jiang	极寿无疆	1
ji zuo	极左	1
ji wang zhi lai	极往知来	1
ji xing fen zi	极性分子	1
ji e	极恶	1
ji e bu she	极恶不赦	1
ji e qiong xiong	极恶穷凶	1
ji qing jin zhi	极情尽致	1
ji qing zong yu	极情纵欲	1
ji zhi qiong si	极智穷思	1
ji shen yan ji	极深研几	1
ji shen yan ji	极深研幾	1
ji sheng	极盛	1
ji mu yuan wang	极目远望	1
ji mu yuan tiao	极目远眺	1
ji zhong bu fan	极重不反	1
ji zhong nan fan	极重难返	1
ji liang	极量	1
gou zhu wu	构筑物	1
gou zao di zhen	构造地震	1
pi pa men xiang	枇杷门巷	1
wang kou jiao she	枉口嚼舌	1
wang mo jiao sheng	枉墨矫绳	1
wang chi zhi xun	枉尺直寻	1
wang ji zheng ren	枉己正人	1
wang qu zhi cou	枉曲直凑	1
wang wu nan xiao	枉物难消	1
wang zhi tong guan	枉直同贯	1
wang jiao guo ji	枉矫过激	1
wang fei gong fu	枉费工夫	1
wang fei xin si	枉费心思	1
xi jiao li qin	析交离亲	1
xi gui dan jue	析圭儋爵	1
xi gui fen zu	析圭分组	1
xi gui dan jue	析圭担爵	1
xi yi	析疑	1
xi yi kuang miu	析疑匡谬	1
xi lv fen tiao	析缕分条	1
xi gan tu dan	析肝吐胆	1
xi gu er chui	析骨而炊	1
zhen zhong hong bao	枕中鸿宝	1
zhen tou feng	枕头风	1
zhen shan qi gu	枕山栖谷	1
zhen shan bi jiang	枕山臂江	1
zhen xi guo shi	枕席过师	1
zhen xi huan shi	枕席还师	1
zhen gan zhi chou	枕干之雠	1
zhen ge yi dai	枕戈以待	1
zhen ge dai ming	枕戈待命	1
zhen ge dai di	枕戈待敌	1
zhen ge dai dan	枕戈待旦	1
zhen ge han ma	枕戈汗马	1
zhen ge qi xue	枕戈泣血	1
zhen ge yin xue	枕戈饮血	1
zhen qu jie zao	枕曲藉糟	1
zhen liu shu shi	枕流漱石	1
zhen shi shu liu	枕石嗽流	1
zhen shi qin sheng	枕石寝绳	1
zhen shi shu liu	枕石漱流	1
zhen jie	枕藉	1
zhen gu	枕骨	1
zhen qu jie zao	枕麹藉糟	1
lin xia qing feng	林下清风	1
lin xia feng du	林下风度	1
lin xia feng qi	林下风气	1
lin xia feng zhi	林下风致	1
lin xia feng fan	林下风范	1
lin xia feng yun	林下风韵	1
lin xia gao feng	林下高风	1
lin guan	林冠	1
lin wu yuan	林务员	1
lin qi gu yin	林栖谷隐	1
lin dian	林甸	1
lin yin dao	林荫道	1
guo bu qi ran	果不其然	1
guo dan pi	果丹皮	1
guo yu zi xin	果于自信	1
guo xing xin shang	果刑信赏	1
guo zi lu	果子露	1
guo gan	果干	1
guo gan er	果干儿	1
guo liao	果料	1
guo zhi	果枝	1
guo he	果核	1
guo shu di luo	果熟蒂落	1
guo xing yu de	果行育德	1
zhi ya	枝丫	1
zhi fen ye san	枝分叶散	1
zhi fen lv jie	枝分缕解	1
zhi bie tiao yi	枝别条异	1
zhi ye fu shu	枝叶扶疏	1
zhi ye fu su	枝叶扶苏	1
zhi ye xiang chi	枝叶相持	1
zhi wai sheng zhi	枝外生枝	1
zhi da yu ben	枝大于本	1
zhi zi	枝子	1
zhi dui ye bi	枝对叶比	1
zhi bu ye fen	枝布叶分	1
zhi gan	枝干	1
zhi gan xiang chi	枝干相持	1
zhi jie	枝接	1
zhi mo sheng gen	枝末生根	1
zhi cha	枝杈	1
zhi zhi jie jie	枝枝节节	1
zhi ke	枝柯	1
zhi shao	枝梢	1
zhi wu	枝梧	1
zhi liu ye bu	枝流叶布	1
zhi yuan pai ben	枝源派本	1
zhi fan ye mao	枝繁叶茂	1
zhi jie	枝节	1
zhi jie heng sheng	枝节横生	1
zhi man	枝蔓	1
zhi ci man yu	枝词蔓语	1
zhi ci man shuo	枝词蔓说	1
zhi ci man yu	枝辞蔓语	1
zhi fu ye cong	枝附叶从	1
zhi fu ye zhuo	枝附叶着	1
zhi fu ye zhuo	枝附叶著	1
zhi fu ye lian	枝附叶连	1
zhi fu ying cong	枝附影从	1
cong shu	枞树	1
zong yang	枞阳	1
shu yao	枢要	1
shu zhou	枢轴	1
zao zi	枣子	1
zao he	枣核	1
zao ni	枣泥	1
zao hong	枣红	1
zao hong se	枣红色	1
qiang ci	枪刺	1
qiang zi er	枪子儿	1
qiang dan	枪弹	1
qiang da chu tou niao	枪打出头鸟	1
qiang ba	枪把	1
qiang shu	枪术	1
qiang gan	枪杆	1
qiang gan zi	枪杆子	1
qiang lin dan yu	枪林弹雨	1
qiang zhi	枪枝	1
qiang liu dan	枪榴弹	1
qiang pao	枪炮	1
qiang yan pao yu	枪烟炮雨	1
qiang yan pao yu	枪烟砲雨	1
xiao jiang	枭将	1
xiao she gui guai	枭蛇鬼怪	1
ku ti hui xin	枯体灰心	1
ku gan	枯干	1
ku mu fa rong	枯木发荣	1
ku zhi	枯枝	1
ku zhi zai chun	枯枝再春	1
ku zhi bai ye	枯枝败叶	1
ku shu sheng hua	枯树生华	1
ku miao wang yu	枯苗望雨	1
ku gu	枯骨	1
ku gu zhi yu	枯骨之馀	1
ku gu sheng rou	枯骨生肉	1
zhi ke	枳壳	1
xiao fu cong gong	枵腹从公	1
xiao fu zhong chao	枵腹终朝	1
jia bu zhu	架不住	1
jia zi gong	架子工	1
jia zi hua	架子花	1
jia zi che	架子车	1
jia de zhu	架得住	1
jia huang zao kong	架谎凿空	1
gou ju	枸橘	1
ju yuan	枸橼	1
bai xiang	柏乡	1
bai you	柏油	1
bo you zhi	柏油纸	1
bai you lu	柏油路	1
bai zhou zhi jie	柏舟之节	1
bai zhou zhi shi	柏舟之誓	1
ran fang	染坊	1
ran du	染毒	1
ran shen ke gu	染神刻骨	1
ran xu zhong chi	染须种齿	1
ran feng xi su	染风习俗	1
rou hua	柔化	1
rou zi sha	柔姿纱	1
rou xin ruo gu	柔心弱骨	1
rou qing xia gu	柔情侠骨	1
rou qing chuo tai	柔情绰态	1
rou shu	柔术	1
rou zhi nen ye	柔枝嫩叶	1
rou zhi nen tiao	柔枝嫩条	1
rou jin cui gu	柔筋脆骨	1
rou er bu fan	柔而不犯	1
rou chang bai jie	柔肠百结	1
rou chang bai zhuan	柔肠百转	1
rou fu ruo ti	柔肤弱体	1
rou neng zhi gang	柔能制刚	1
rou ru gang tu	柔茹刚吐	1
rou yuan huai lai	柔远怀来	1
rou yuan huai er	柔远怀迩	1
rou yuan sui huai	柔远绥怀	1
rou yuan neng er	柔远能迩	1
rou yuan zhen er	柔远镇迩	1
you mu	柚木	1
gui shang	柜上	1
gui fang	柜房	1
gui chu	柜橱	1
zuo si chou	柞丝绸	1
zuo mu	柞木	1
zuo shu	柞树	1
zha shui	柞水	1
zuo chou	柞绸	1
zuo can	柞蚕	1
cha ti	查体	1
cha kan	查勘	1
cha qin	查勤	1
cha hao tai	查号台	1
cha shao	查哨	1
cha ye	查夜	1
cha dui	查对	1
cha xun	查寻	1
cha gang	查岗	1
cha zhang	查帐	1
cha fang	查房	1
cha kou	查扣	1
cha chao	查抄	1
cha wu shi ju	查无实据	1
zha zha	查查	1
cha he	查核	1
cha an	查案	1
cha jian	查检	1
cha dian	查点	1
cha zhao	查照	1
cha piao	查票	1
cha jin	查禁	1
cha si	查私	1
cha jiu	查究	1
cha ji	查缉	1
cha jiao	查缴	1
cha kao	查考	1
cha fang	查访	1
cha zhang	查账	1
cha pu	查铺	1
cha wen	查问	1
jiu che	柩车	1
jian tie	柬帖	1
zhu tian ta di	柱天踏地	1
zhu xiao qing da	柱小倾大	1
zhu shi	柱石	1
zhu shi zhi jian	柱石之坚	1
liu ti	柳体	1
liu ye	柳叶	1
liu ye mei	柳叶眉	1
liu yao tao yan	柳夭桃艳	1
liu zi xi	柳子戏	1
liu xiang	柳巷	1
liu xiang hua jie	柳巷花街	1
liu zhe hua can	柳折花残	1
liu tiao	柳条	1
liu tiao mao	柳条帽	1
liu zhi	柳枝	1
liu shao	柳梢	1
liu mei dao shu	柳眉倒竖	1
liu lv tao hong	柳绿桃红	1
liu lv hua hong	柳绿花红	1
liu yin	柳荫	1
liu ying hua yan	柳莺花燕	1
liu jie hua xiang	柳街花巷	1
liu men zhu xiang	柳门竹巷	1
liu gu yan jin	柳骨颜筋	1
chai duo	柴垛	1
chai hui gu li	柴毁骨立	1
chai gou bu	柴沟堡	1
chai li bu e	柴立不阿	1
chai mi fu qi	柴米夫妻	1
chai da mu pen di	柴达木盆地	1
zha zi	栅子	1
shan ji	栅极	1
zha men	栅门	1
biao zhun da qi ya	标准大气压	1
biao zhun shi qu	标准时区	1
biao zhun yu	标准语	1
biao tong fa yi	标同伐异	1
biao di	标底	1
biao du	标度	1
biao qing duo qu	标情夺趣	1
biao xin chuang yi	标新创异	1
biao zhi ye lu	标枝野鹿	1
biao yang	标样	1
biao liang	标量	1
biao ti yin yue	标题音乐	1
zhi bi lin cha	栉比鳞差	1
zhi mu feng yu	栉沐风雨	1
zhi shuang mu lu	栉霜沐露	1
zhi feng mu yu	栉风沐雨	1
zhi feng shi yu	栉风酾雨	1
dong she cui huai	栋折榱坏	1
dong zhe cui beng	栋折榱崩	1
li mu	栎木	1
li shu	栎树	1
li yang yu jin	栎阳雨金	1
lan gan	栏干	1
lan gui	栏柜	1
lan shan	栏栅	1
shu shang kai hua	树上开花	1
shu su li hua	树俗立化	1
shu dao gen cui	树倒根摧	1
shu dao hu sun san	树倒猢孙散	1
shu dao hu sun san	树倒猢狲散	1
shu guan	树冠	1
shu tong ba yi	树同拔异	1
shu da zhao feng	树大招风	1
shu da gen shen	树大根深	1
shu cha	树杈	1
shu yu xi er feng bu ting	树欲息而风不停	1
shu yu jing er feng bu ting	树欲静而风不停	1
shu yu jing er feng bu ning	树欲静而风不宁	1
shu yu jing er feng bu zhi	树欲静而风不止	1
shu bei li zhuan	树碑立传	1
shu hang zi	树行子	1
shu gao zhao feng	树高招风	1
shu ling	树龄	1
shuan se	栓塞	1
shuan pi li	栓皮栎	1
qi qiu yin gu	栖丘饮谷	1
qi chong ye jian	栖冲业简	1
qi ju	栖居	1
xi xi	栖栖	1
qi qi huang huang	栖栖遑遑	1
qi zhi	栖止	1
qi shen	栖身	1
qi xia	栖霞	1
qi feng xiu yu	栖风宿雨	1
li bao	栗暴	1
xiao kan	校刊	1
xiao wu	校务	1
jiao kan	校勘	1
xiao yi	校医	1
xiao shi	校史	1
jiao chang	校场	1
xiao zhi	校址	1
xiao guan	校官	1
jiao dui yuan	校对员	1
xiao wei	校尉	1
xiao gong	校工	1
xiao hui	校徽	1
jiao gai	校改	1
xiao qi	校旗	1
jiao ben	校本	1
jiao yang	校样	1
jiao he	校核	1
xiao ge	校歌	1
jiao zhu	校注	1
jiao dian	校点	1
xiao duan tui chang	校短推长	1
jiao duan liang chang	校短量长	1
xiao gui	校规	1
jiao ding	校订	1
xiao xun	校训	1
jiao yue	校阅	1
xiao feng	校风	1
zhu xing	株型	1
zhu lian man yin	株连蔓引	1
yang dai	样带	1
yang ban xi	样板戏	1
he ren	核仁	1
hu er	核儿	1
he jian	核减	1
he fan ying	核反应	1
he fan ying dui	核反应堆	1
he long duan	核垄断	1
he zi	核子	1
he shen	核审	1
he fei liao	核废料	1
he dan tou	核弹头	1
he xin qi kan	核心期刊	1
he zhan zheng	核战争	1
he guo	核果	1
he tao ren er	核桃仁儿	1
he tao wa	核桃凹	1
he ran liao	核燃料	1
he bao zha	核爆炸	1
he dian chang	核电厂	1
he ci gong zhen	核磁共振	1
he tang he suan	核糖核酸	1
he mo	核膜	1
he dan bai	核蛋白	1
he zhuang zhi	核装置	1
he ji	核计	1
he e zha	核讹诈	1
he zhang	核账	1
he zi	核资	1
he yan	核验	1
he huang su	核黄素	1
gen hao	根号	1
gen zhuang ye mao	根壮叶茂	1
gen gu ji bao	根孤伎薄	1
gen di	根底	1
gen zhi shu	根指数	1
gen ju pan hu	根据槃互	1
gen ju pan hu	根据盘互	1
gen zhu jie pan	根株结盘	1
gen zhu fu li	根株附丽	1
gen chuan pian wa	根椽片瓦	1
gen shen ye mao	根深叶茂	1
gen shen zhi mao	根深枝茂	1
gen shen di gu	根深柢固	1
gen shen di jie	根深蒂结	1
gen sheng tu zhang	根生土长	1
gen liu jun	根瘤菌	1
gen pan di jie	根盘蒂结	1
gen jie pan gu	根结盘固	1
gen jie pan ju	根结盘据	1
gen pan jie cuo	根蟠节错	1
ge bu xiang ru	格不相入	1
ge sha bu lun	格杀不论	1
ge sha wu lun	格杀勿论	1
ge sha fu lun	格杀弗论	1
ge sha wu lun	格杀无论	1
ge lin ni zhi shi jian	格林尼治时间	1
ge ge bu tu	格格不吐	1
ge ge bu na	格格不纳	1
ge wu zhi zhi	格物致知	1
ge zhi	格纸	1
ge gao yi yuan	格高意远	1
zai dao	栽倒	1
zai shu	栽树	1
zai gen tou	栽跟头	1
jie ao bu gong	桀傲不恭	1
jie ao bu xun	桀傲不驯	1
jie ao bu xun	桀敖不驯	1
jie ao bu gong	桀骜不恭	1
jie ao bu xun	桀骜不逊	1
jie ao bu xun	桀骜不驯	1
jie ao nan xun	桀骜难驯	1
heng jia	桁架	1
gui zi lan sun	桂子兰孙	1
gui she yi zhi	桂折一枝	1
gui she lan cui	桂折兰摧	1
gui lin yi zhi	桂林一枝	1
gui zhi	桂枝	1
gui zhi pian yu	桂枝片玉	1
gui yu zhi di	桂玉之地	1
gui jiu jiao jiang	桂酒椒浆	1
tao li zhi jiao	桃李之教	1
tao li chun feng	桃李春风	1
tao lai li da	桃来李答	1
tao he	桃核	1
tao hong	桃红	1
tao hong liu lv	桃红柳绿	1
tao hua shan	桃花扇	1
tao qi liu qu	桃蹊柳曲	1
tao su	桃酥	1
guang lang	桄榔	1
wei gan	桅杆	1
kuang ding	框定	1
an zhi	案值	1
an jia xiu bing	案甲休兵	1
zhuo yi ban deng	桌椅板凳	1
zhuo mian shang	桌面上	1
zhuo mian er shang	桌面儿上	1
tong shu	桐树	1
tong zi	桐籽	1
sang zhong zhi xi	桑中之喜	1
sang zhong zhi yue	桑中之约	1
sang ye	桑叶	1
sang tu chou miu	桑土绸缪	1
sang hu juan shu	桑户棬枢	1
sang shen	桑椹	1
sang yu zhi jing	桑榆之景	1
sang yu mu jing	桑榆暮景	1
sang yu mo jing	桑榆末景	1
sang gei ba er	桑给巴尔	1
sang yin bu xi	桑荫不徙	1
sang yin wei yi	桑荫未移	1
sang luo wa jie	桑落瓦解	1
sang shen	桑葚	1
sang ren er	桑葚儿	1
sang jian zhi yong	桑间之咏	1
sang jian zhi yue	桑间之约	1
sang jian zhi yin	桑间之音	1
sang jian pu shang	桑间濮上	1
jie geng	桔梗	1
jie gao	桔槔	1
ya cha	桠杈	1
ya zhi	桠枝	1
rao dong mai	桡动脉	1
rao gu	桡骨	1
qiao tai	桥台	1
qiao tou bao	桥头堡	1
qiao gong	桥拱	1
qiao lan	桥栏	1
qiao shen	桥身	1
jiang ye	桨叶	1
fu gu xiang ying	桴鼓相应	1
liang shang jun zi	梁上君子	1
liang meng xiang jing	梁孟相敬	1
mei qi he zi	梅妻鹤子	1
mei hua jiang	梅花奖	1
bang zi	梆子	1
bang zi qiang	梆子腔	1
geng se	梗塞	1
geng fan ping piao	梗泛萍漂	1
geng zhe bo zi	梗着脖子	1
geng wan bu hua	梗顽不化	1
meng zhong shuo meng	梦中说梦	1
meng huan pao ying	梦幻泡影	1
meng xiang dian dao	梦想颠倒	1
meng sa liao ding	梦撒寮丁	1
meng sa liao ding	梦撒撩丁	1
meng jian zhou gong	梦见周公	1
meng li nan ke	梦里南轲	1
meng hun dian dao	梦魂颠倒	1
wu tong yi ye luo	梧桐一叶落	1
wu tong duan jiao	梧桐断角	1
li yuan zi di	梨园子弟	1
li yuan di zi	梨园弟子	1
li mei ai fa	梨眉艾发	1
li hua dai yu	梨花带雨	1
suo tian mo di	梭天摸地	1
shu zhuang da ban	梳妆打扮	1
fan ce bei ye	梵册贝叶	1
fan cha	梵刹	1
fan bai	梵呗	1
fan ya ling	梵哑铃	1
tao wu	梼杌	1
mian qu	棉区	1
mian da yi	棉大衣	1
mian hou er	棉猴儿	1
mian hong zhi zhu	棉红蜘蛛	1
mian xian wei	棉纤维	1
mian zhi pin	棉织品	1
qi bu cuo zhi	棋布错峙	1
qi lei	棋类	1
qi yuan	棋苑	1
qi shu xian zhao	棋输先着	1
qi shu xian zhuo	棋输先著	1
qi feng	棋风	1
qi gao yi zhao	棋高一着	1
gun er cha	棍儿茶	1
gun bang	棍棒	1
bang he	棒喝	1
bang tou	棒头	1
bang zi mian	棒子面	1
bang da yuan yang	棒打鸳鸯	1
bang zhen	棒针	1
ji ci	棘刺	1
ji di jing tian	棘地荆天	1
peng juan	棚圈	1
peng che	棚车	1
tang di	棠棣	1
di tang	棣棠	1
sen luo wan xiang	森罗万象	1
leng zhu	棱柱	1
leng xian	棱线	1
leng zhui	棱锥	1
leng jing	棱镜	1
yi dian	椅垫	1
zhi fa chong guan	植发冲冠	1
zhi fa chuan guan	植发穿冠	1
zhi shan qing e	植善倾恶	1
zhi mian	植棉	1
zhi wu qun luo	植物群落	1
chui mai tu gou	椎埋屠狗	1
chui mai gou qie	椎埋狗窃	1
chui tian qiang di	椎天抢地	1
chui xin ou xue	椎心呕血	1
chui xin qi xue	椎心泣血	1
chui xin dun zu	椎心顿足	1
chui xin yin qi	椎心饮泣	1
chui niu fa zhong	椎牛发冢	1
chui niu sha xue	椎牛歃血	1
chui niu xiang shi	椎牛飨士	1
chui fu bo ti	椎肤剥体	1
chui fu bo sui	椎肤剥髓	1
chui xiong die zu	椎胸跌足	1
chui xiong dun zu	椎胸顿足	1
chui ying dun zu	椎膺顿足	1
chui feng xian zhen	椎锋陷阵	1
chui feng xian chen	椎锋陷陈	1
zhui ji bu yi	椎髻布衣	1
jiao fen gui zhe	椒焚桂折	1
ye zi shu	椰子树	1
ye shu	椰树	1
duan shu	椴树	1
chun shu	椿树	1
chun xuan bing mao	椿萱并茂	1
xie zi	楔子	1
chu yun xiang yu	楚云湘雨	1
chu ju	楚剧	1
chu nang zhi qing	楚囊之情	1
chu qiu xiang dui	楚囚相对	1
chu tian yun yu	楚天云雨	1
chu wei wu tou	楚尾吴头	1
chu gong fu de	楚弓复得	1
chu gong chu de	楚弓楚得	1
chu de chu gong	楚得楚弓	1
chu meng yun yu	楚梦云雨	1
chu chu bu fan	楚楚不凡	1
chu chu ke ren	楚楚可人	1
chu chu ke lian	楚楚可怜	1
chu chu ke ai	楚楚可爱	1
chu chu you zhi	楚楚有致	1
chu ge si he	楚歌四合	1
chu bi sui zhen	楚璧隋珍	1
chu yao xian xi	楚腰纤细	1
chu yu wu yun	楚雨巫云	1
ku yun shang sui	楛耘伤岁	1
leng qie	楞伽	1
leng chang	楞场	1
leng tou dai nao	楞头呆脑	1
leng tou leng nao	楞头楞脑	1
leng tou ke nao	楞头磕脑	1
leng mei heng yan	楞眉横眼	1
xuan tou	楦头	1
ji xing fen zi	極性分子	1
lou qu	楼区	1
lou tai	楼台	1
lou tai ting ge	楼台亭阁	1
lou tang guan suo	楼堂馆所	1
lou ti jian	楼梯间	1
lou qun	楼群	1
lou guan	楼观	1
lou ge ting tai	楼阁亭台	1
lou ge tai xie	楼阁台榭	1
gai nian hua	概念化	1
gai kuo xing	概括性	1
gai shu	概数	1
gai lv lun	概率论	1
gai lve	概略	1
gai mo neng wai	概莫能外	1
gai guan	概观	1
gai yan zhi	概言之	1
gai shuo	概说	1
gai mao	概貌	1
yu zhong	榆中	1
yu ye mei	榆叶梅	1
yu mu ge da	榆木疙瘩	1
yu mu nao ke	榆木脑壳	1
yu fang zhi jian	榆枋之见	1
yu ming dou zhong	榆瞑豆重	1
yu qian	榆钱	1
lang tou	榔头	1
bang shang wu ming	榜上无名	1
bang shu	榜书	1
bang wen	榜文	1
bang yan	榜眼	1
bang e	榜额	1
fei zi	榧子	1
zha you chang	榨油厂	1
sun tou	榫头	1
sun zi	榫子	1
cui beng dong she	榱崩栋折	1
cui dong beng she	榱栋崩折	1
liu dan	榴弹	1
liu dan pao	榴弹炮	1
liu xian dan	榴霰弹	1
gu duo	榾柮	1
gao mu	槁木	1
gao su ye xing	槁苏暍醒	1
gao xiang mo chi	槁项没齿	1
pan gen cuo jie	槃根错节	1
shuo xue man xiu	槊血满袖	1
chui ren ti yi	槌仁提义	1
chui xiong ta di	槌胸蹋地	1
huai nan yi meng	槐南一梦	1
huai hua	槐花	1
jian hua long he	槛花笼鹤	1
bin zi	槟子	1
cao fang	槽坊	1
cao tou	槽头	1
cao zi	槽子	1
cao che	槽车	1
cao gang	槽钢	1
fan long	樊笼	1
fan li	樊篱	1
chu li yong cai	樗栎庸材	1
mo yin	模印	1
mu zi	模子	1
mo shan fan shui	模山范水	1
mo shi shi bie	模式识别	1
mo ben	模本	1
mo leng	模棱	1
mo leng liang ke	模棱两可	1
mo leng liang duan	模棱两端	1
mo mo hu hu	模模糊糊	1
heng qi shu ba	横七竖八	1
heng san shu si	横三竖四	1
heng san shun si	横三顺四	1
heng shi	横事	1
heng gen	横亘	1
heng cong chuan guan	横从穿贯	1
heng dao shu wo	横倒竖卧	1
heng sai bu wen	横僿不文	1
heng chong zhi zhuang	横冲直撞	1
heng chong zhi chuang	横冲直闯	1
heng dao jie fu	横刀揭斧	1
heng dao yue ma	横刀跃马	1
heng qie mian	横切面	1
heng lie	横列	1
heng jia	横加	1
heng jia geng zu	横加梗阻	1
heng bian	横匾	1
heng xiang lian he	横向联合	1
heng zuo biao	横坐标	1
heng shi	横尸	1
heng feng ce ling	横峰侧岭	1
heng zheng bao lian	横征暴敛	1
heng zheng bao fu	横征暴赋	1
heng zheng ke yi	横征苛役	1
heng zheng ke lian	横征苛敛	1
heng xin	横心	1
heng zi	横恣	1
heng en lan shang	横恩滥赏	1
heng ge pan ma	横戈盘马	1
heng ge yue ma	横戈跃马	1
heng sao qian jun	横扫千军	1
heng pi	横批	1
heng qiang wu duo	横抢武夺	1
heng qiang ying duo	横抢硬夺	1
heng pi	横披	1
heng tuo dao che	横拖倒扯	1
heng tuo dao zhuai	横拖倒拽	1
heng tuo shu la	横拖竖拉	1
heng lan shu dang	横拦竖挡	1
heng tiao bi zi shu tiao yan	横挑鼻子竖挑眼	1
heng pai	横排	1
heng duan	横断	1
heng duan mian	横断面	1
heng wu ji dan	横无忌惮	1
heng shi	横是	1
heng bao	横暴	1
heng mu	横木	1
heng qiang yue ma	横枪跃马	1
heng biao	横标	1
heng shuo fu shi	横槊赋诗	1
heng si	横死	1
heng yang fei huo	横殃飞祸	1
heng du	横渡	1
heng yi	横溢	1
heng zai fei huo	横灾飞祸	1
heng sheng	横生	1
heng sheng zhi jie	横生枝节	1
heng zhi	横直	1
heng mei	横眉	1
heng mei leng dui	横眉冷对	1
heng mei leng dui qian fu zhi	横眉冷对千夫指	1
heng mei leng mu	横眉冷目	1
heng mei leng yan	横眉冷眼	1
heng mei nu mu	横眉努目	1
heng mei tu qi	横眉吐气	1
heng mei nu mu	横眉怒目	1
heng mei nu shi	横眉怒视	1
heng mei deng mu	横眉瞪目	1
heng mei deng yan	横眉瞪眼	1
heng mei li mu	横眉立目	1
heng mei li yan	横眉立眼	1
heng mei shu mu	横眉竖目	1
heng mei shu yan	横眉竖眼	1
heng huo	横祸	1
heng huo fei zai	横祸非灾	1
heng huo fei zai	横祸飞灾	1
heng ke bao lian	横科暴敛	1
heng kong	横空	1
heng di	横笛	1
heng wen ji	横纹肌	1
heng xiang jie chu	横翔捷出	1
heng lian	横联	1
heng rou	横肉	1
heng cao zhi gong	横草之功	1
heng man	横蛮	1
heng man bu jiang li	横蛮不讲理	1
heng man wu li	横蛮无理	1
heng xing bu fa	横行不法	1
heng xing tian xia	横行天下	1
heng xing wu ji	横行无忌	1
heng xing zhi zhuang	横行直撞	1
heng xing zhi zou	横行直走	1
heng xing ni shi	横行逆施	1
heng xing ba dao	横行霸道	1
heng jie	横街	1
heng jian ce chu	横见侧出	1
heng yi	横议	1
heng hua	横话	1
heng shuo shu shuo	横说竖说	1
heng cai	横财	1
heng guan	横贯	1
heng fu bao lian	横赋暴敛	1
heng yue	横越	1
heng tang shu wo	横躺竖卧	1
heng zhou	横轴	1
heng guo	横过	1
heng ni	横逆	1
heng zao	横遭	1
heng zhe shu dang	横遮竖挡	1
heng jin tuo yu	横金拖玉	1
heng zhen shu xian	横针竖线	1
heng dui	横队	1
heng ge	横隔	1
heng e	横额	1
heng qu bie wu	横驱别骛	1
qiao fu	樵夫	1
qiao su bu cuan	樵苏不爨	1
qiao su shi cuan	樵苏失爨	1
zun zu zhe chong	樽俎折冲	1
zun jiu lun wen	樽酒论文	1
gan lan zhi	橄榄枝	1
gan lan shi	橄榄石	1
gan lan lv	橄榄绿	1
gan lan se	橄榄色	1
ju hua wei zhi	橘化为枳	1
ju zi zhi	橘子汁	1
ju zhi	橘汁	1
ju hong	橘红	1
ju luo	橘络	1
ju huang	橘黄	1
cheng hong	橙红	1
cheng huang ju lv	橙黄桔绿	1
cheng huang ju lv	橙黄橘绿	1
jue zi	橛子	1
xiang pi tu zhang	橡皮图章	1
xiang pi quan	橡皮圈	1
xiang pi ni	橡皮泥	1
xiang pi fa	橡皮筏	1
xiang pi tang	橡皮糖	1
xiang pi gao	橡皮膏	1
xiang pi ting	橡皮艇	1
xiang pi ding zi	橡皮钉子	1
tan mu	檀木	1
tan lang	檀郎	1
tan lang xie nv	檀郎谢女	1
tan xiang shan	檀香扇	1
tan xiang mu	檀香木	1
yan xia	檐下	1
yan kou	檐口	1
yan tou	檐头	1
yan liu	檐溜	1
lin zi	檩子	1
lin tiao	檩条	1
qian huo	欠火	1
ci da lu	次大陆	1
ci zhang	次长	1
huan hu que yue	欢呼雀跃	1
huan xi yuan jia	欢喜冤家	1
huan xi ruo kuang	欢喜若狂	1
huan chang	欢场	1
huan hao	欢好	1
huan du	欢度	1
huan xin ruo kuang	欢欣若狂	1
huan ge xiao yu	欢歌笑语	1
huan ruo ping sheng	欢若平生	1
huan tiao	欢跳	1
huan beng luan tiao	欢蹦乱跳	1
huan beng luan tiao	欢迸乱跳	1
xin xin zi de	欣欣自得	1
xin ran zi de	欣然自得	1
xin wen	欣闻	1
ou ya da lu	欧亚大陆	1
ou ti	欧体	1
ou hua	欧化	1
ou luo ba ren zhong	欧罗巴人种	1
ou feng	欧风	1
ou feng mei yu	欧风美雨	1
yu jia zhi zui	欲加之罪	1
yu qu gu yu	欲取姑予	1
yu qu gu yu	欲取故予	1
yu he nan tian	欲壑难填	1
yu de er gan xin	欲得而甘心	1
yu qin gu zong	欲擒故纵	1
yu gai mi zhang	欲盖弥彰	1
yu gai er zhang	欲盖而彰	1
yu su bu da	欲速不达	1
yu su ze bu da	欲速则不达	1
qi qin li luo	欹嵚历落	1
qi san man si	欺三瞒四	1
qi shang man xia	欺上瞒下	1
qi shang wang xia	欺上罔下	1
qi shang meng xia	欺上蒙下	1
qi ren tai shen	欺人太甚	1
qi jun wang shang	欺君罔上	1
qi hong	欺哄	1
qi shan pa e	欺善怕恶	1
qi da ya xiao	欺大压小	1
qi tian wang di	欺天罔地	1
qi tian kuang di	欺天诳地	1
qi man	欺瞒	1
qi meng	欺蒙	1
qi hang ba shi	欺行霸市	1
kuan xing	款型	1
kuan qu	款曲	1
kuan qu zhou zhi	款曲周至	1
kuan ye	款爷	1
kuan zhi	款识	1
kuan yu wen yan	款语温言	1
sha xue	歃血	1
sha xue wei meng	歃血为盟	1
xie liang	歇凉	1
xie hou yu	歇后语	1
xie su	歇宿	1
xie zhi	歇枝	1
ge yu si	歌于斯	1
ge zi xi	歌仔戏	1
ge tai wu xie	歌台舞榭	1
ge yong dui	歌咏队	1
ge nv	歌女	1
ge dai	歌带	1
ge pian er	歌片儿	1
ge wu ji	歌舞伎	1
ge ying wu yan	歌莺舞燕	1
ge xing	歌行	1
she xian	歙县	1
she qi e jiao	歙漆阿胶	1
zhi ge wei wu	止戈为武	1
zhi ge xing ren	止戈兴仁	1
zhi ge san ma	止戈散马	1
zhi bao jin fei	止暴禁非	1
zhi xie	止泻	1
zhi ke si mei	止渴思梅	1
zhi xue ji	止血剂	1
zhi tan feng yue	止谈风月	1
zheng ye	正业	1
zheng zhong xia huai	正中下怀	1
zheng zhong ji huai	正中己怀	1
zheng yi xing	正义性	1
zheng shu	正书	1
zheng ren jun zi	正人君子	1
zheng zhuan	正传	1
zheng wei	正位	1
zheng ti	正体	1
zheng er ba jing	正儿巴经	1
zheng ce	正册	1
zheng guan li xia	正冠李下	1
zheng guan na lv	正冠纳履	1
zheng xiong	正凶	1
zheng chu	正出	1
zheng qie	正切	1
zheng ju	正剧	1
zheng ge	正割	1
zheng ting	正厅	1
zheng shi	正史	1
zheng hao	正号	1
zheng ming ding fen	正名定分	1
zheng gao	正告	1
zheng tang	正堂	1
zheng sheng ya yin	正声雅音	1
zheng duo bian xing	正多边形	1
zheng duo mian ti	正多面体	1
zheng da guang ming	正大光明	1
zheng da tang huang	正大堂煌	1
zheng da tang huang	正大堂皇	1
zheng shi	正始	1
zheng shi zhi yin	正始之音	1
zheng zi	正字	1
zheng zi fa	正字法	1
zheng ding	正定	1
zheng shi	正室	1
zheng gong	正宫	1
zheng rong kang se	正容亢色	1
zheng wu	正屋	1
zheng zuo	正座	1
zheng xian	正弦	1
zheng dang zhong	正当中	1
zheng dang nian	正当年	1
zheng dang shi	正当时	1
zheng dang fang wei	正当防卫	1
zheng de	正德	1
zheng xin	正心	1
zheng xin cheng yi	正心诚意	1
zheng fang	正房	1
zheng shou	正手	1
zheng jiao	正教	1
zheng shu	正数	1
zheng ri	正日	1
zheng ri zi	正日子	1
zheng dan	正旦	1
zheng shi	正时	1
zheng ming gong dao	正明公道	1
zheng shuo	正朔	1
zheng ben qing yuan	正本清源	1
zheng ben cheng yuan	正本澄源	1
zheng ji	正极	1
zheng ge	正格	1
zheng liang	正梁	1
zheng kai	正楷	1
zheng zheng zhi qi	正正之旗	1
zheng zheng tang tang	正正堂堂	1
zheng zheng qi qi	正正气气	1
zheng zheng jing jing	正正经经	1
zheng bu	正步	1
zheng dian	正殿	1
zheng bi li	正比例	1
zheng qi lin ran	正气凛然	1
zheng zhi	正治	1
zheng fa zhi du	正法直度	1
zheng fa yan cang	正法眼藏	1
zheng pian	正片	1
zheng pai	正牌	1
zheng fan	正犯	1
zheng li	正理	1
zheng li ping zhi	正理平治	1
zheng yong	正用	1
zheng dian	正电	1
zheng dian he	正电荷	1
zheng yan	正盐	1
zheng zhi wu si	正直无私	1
zheng zhi wu xie	正直无邪	1
zheng yan	正眼	1
zheng jing ba ben	正经八本	1
zheng jing ba ban	正经八板	1
zheng jing ba bai	正经八百	1
zheng bian	正编	1
zheng se	正色	1
zheng se wei yan	正色危言	1
zheng se li sheng	正色厉声	1
zheng se gan yan	正色敢言	1
zheng se zhi sheng	正色直绳	1
zheng se zhi yan	正色直言	1
zheng xing	正行	1
zheng jin wei zuo	正襟危坐	1
zheng jian	正见	1
zheng gui jun	正规军	1
zheng gui zhan	正规战	1
zheng shi sheng xing	正视绳行	1
zheng yan bu hui	正言不讳	1
zheng yan li se	正言厉色	1
zheng yan li yan	正言厉颜	1
zheng yan zhi jian	正言直谏	1
zheng lun	正论	1
zheng hua	正话	1
zheng wu	正误	1
zheng ke	正课	1
zheng lu	正路	1
zheng shen	正身	1
zheng shen ming fa	正身明法	1
zheng shen qing xin	正身清心	1
zheng shen shuai xia	正身率下	1
zheng tu	正途	1
zheng yang	正阳	1
zheng mian ren wu	正面人物	1
zheng yin	正音	1
zheng yin fa	正音法	1
zheng yan li se	正颜厉色	1
zheng gu	正骨	1
ci zhong san mei	此中三昧	1
ci shi ti da	此事体大	1
ci dong bi ying	此动彼应	1
ci fa bi ying	此发彼应	1
ci hu bi ying	此呼彼应	1
ci chang bi he	此唱彼和	1
ci di wu yin san bai liang	此地无银三百两	1
ci jie bi jiang	此界彼疆	1
ci jiang er jie	此疆尔界	1
ci qi bi luo	此起彼落	1
ci wen bi nan	此问彼难	1
ci feng bu ke zhang	此风不可长	1
bu lv pan shan	步履蹒跚	1
bu dou ta gang	步斗踏罡	1
bu bu wei ying	步步为营	1
bu xian xing zhen	步线行针	1
bu gang ta dou	步罡踏斗	1
bu diao yi zhi	步调一致	1
bu diao kuai su	步调快速	1
wu bu shan zuo	武不善作	1
wu chang	武场	1
wu fu	武夫	1
wu dang shan	武当山	1
wu xi	武戏	1
wu dou	武斗	1
wu duan zhuan heng	武断专横	1
wu duan xiang qu	武断乡曲	1
wu jue wu ren	武爵武任	1
wu hang	武行	1
qi lu wang yang	歧路亡羊	1
wai bu heng leng	歪不横楞	1
wai zui he shang	歪嘴和尚	1
wai xin xie yi	歪心邪意	1
wai da zheng zhao	歪打正着	1
wai wai dao dao	歪歪倒倒	1
wai men xie dao	歪门邪道	1
wai feng	歪风	1
wai feng xie qi	歪风邪气	1
dai nian	歹念	1
dai du	歹毒	1
si bu hui gai	死不悔改	1
si bu gai hui	死不改悔	1
si bu xuan zhong	死不旋踵	1
si bu ming mu	死不瞑目	1
si bu zu xi	死不足惜	1
si qie bu xiu	死且不朽	1
si zhong qiu huo	死中求活	1
si zhong qiu sheng	死中求生	1
si wang wu ri	死亡无日	1
si wang zhen jie	死亡枕藉	1
si wang xian	死亡线	1
si xin	死信	1
si bie	死别	1
si bie sheng li	死别生离	1
si jing er	死劲儿	1
si qi	死契	1
si dui tou	死对头	1
si xiang	死巷	1
si dang	死当	1
si de qi suo	死得其所	1
si xin da di	死心搭地	1
si xin luo di	死心落地	1
si xin ta di	死心踏地	1
si xing	死性	1
si kou er	死扣儿	1
si wu zang shen zhi di	死无葬身之地	1
si you yu lu	死有余僇	1
si you yu zui	死有余罪	1
si you yu zhu	死有余诛	1
si you yu ze	死有余责	1
si you yu gu	死有余辜	1
si qi	死期	1
si mo huo yang	死模活样	1
si huo shan	死火山	1
si sheng cun wang	死生存亡	1
si zheng	死症	1
si jie	死结	1
si chan ying mo	死缠硬磨	1
si lao hu	死老虎	1
si er bu xiu	死而不朽	1
si hu tong	死胡同	1
si jie	死节	1
si yao mian zi	死要面子	1
si ji ying bei	死记硬背	1
si shuo huo shuo	死说活说	1
si zhu ge xia zou sheng zhong da	死诸葛吓走生仲达	1
si zhu ge neng zou sheng zhong da	死诸葛能走生仲达	1
si du shu	死读书	1
si bai tu di	死败涂地	1
si zhong tai shan	死重泰山	1
si qian	死钱	1
si nan	死难	1
si ma dang huo ma yi	死马当活马医	1
si gu geng rou	死骨更肉	1
jian di	歼敌	1
xun jiao	殉教	1
xun jie	殉节	1
xun nan	殉难	1
shu gong jing jie	殊功劲节	1
shu fang tong zhi	殊方同致	1
shu tu tong hui	殊涂同会	1
shu tu tong gui	殊涂同归	1
shu tu tong zhi	殊涂同致	1
shu zhi tong gui	殊致同归	1
shu yan bie yu	殊言别语	1
shu lu tong gui	殊路同归	1
shu tu tong gui	殊途同归	1
can bing bai jiang	残兵败将	1
can jun bai jiang	残军败将	1
can fei	残匪	1
can juan	残卷	1
can nian mu jing	残年暮景	1
can jiu	残旧	1
can bao bu ren	残暴不仁	1
can ci	残次	1
can du	残毒	1
can tang sheng fan	残汤剩饭	1
can pian	残片	1
can ji che	残疾车	1
can bian lie jian	残编裂简	1
can que bu quan	残缺不全	1
can gao sheng fu	残膏剩馥	1
can yun hui	残运会	1
can ji	残迹	1
yun shen bu xu	殒身不恤	1
dan si ji lv	殚思极虑	1
dan jian qia wen	殚见洽闻	1
bin che	殡车	1
ti yun you yu	殢云尤雨	1
ti yu you yun	殢雨尤云	1
ou dou	殴斗	1
duan zhang	段长	1
yin shang	殷商	1
yin xu	殷墟	1
yin tian bi ri	殷天蔽日	1
yin shi	殷实	1
yin fu	殷富	1
yin you	殷忧	1
yin yin	殷殷	1
yin yin tun tun	殷殷屯屯	1
yin min fu cai	殷民阜财	1
yin hao shu kong	殷浩书空	1
yan hong	殷红	1
yin jian	殷鉴	1
yin jian bu yuan	殷鉴不远	1
hui bu wei shen	毁不危身	1
hui bu mie xing	毁不灭性	1
hui guan lie chang	毁冠裂裳	1
hui jia shu guo	毁家纾国	1
hui jia shu nan	毁家纾难	1
hui fang wa he	毁方瓦合	1
hui wa hua man	毁瓦画墁	1
hui yue	毁约	1
hui zhou wei duo	毁舟为杕	1
hui yu bu yi	毁誉不一	1
hui yu can ban	毁誉参半	1
hui zheng	毁证	1
hui che sha ma	毁车杀马	1
hui zhong wei duo	毁钟为铎	1
hui feng bai su	毁风败俗	1
gu ji jian mo	毂击肩摩	1
wu ning	毋宁	1
wu yong hui yan	毋庸讳言	1
mu ye cha	母夜叉	1
mu dai	母带	1
mu jiao	母教	1
mu chu	母畜	1
mu xi	母系	1
mu nan zhi ri	母难之日	1
mei fan bu wang	每饭不忘	1
du xing	毒刑	1
du ci	毒刺	1
du ji	毒剂	1
du hua	毒化	1
du shou	毒手	1
du shou zun qian	毒手尊前	1
du shou zun quan	毒手尊拳	1
du sha	毒杀	1
du qi zha dan	毒气炸弹	1
du zhi	毒汁	1
du long e wu	毒泷恶雾	1
du ye	毒液	1
du yan	毒焰	1
du ya	毒牙	1
du fan	毒犯	1
du wa si	毒瓦斯	1
du yin	毒瘾	1
du jian	毒箭	1
du xian	毒腺	1
du cao	毒草	1
du jun	毒菌	1
du xun	毒蕈	1
du chong	毒虫	1
du she meng shou	毒蛇猛兽	1
du e	毒蛾	1
du ji	毒计	1
du mou	毒谋	1
du fu sheng lian	毒赋剩敛	1
du la	毒辣	1
du la la	毒辣辣	1
du jiu	毒酒	1
du wu	毒雾	1
du er	毒饵	1
du mo hen guai	毒魔狠怪	1
du long	毒龙	1
yu zi yun sun	毓子孕孙	1
bi zhong bu tong	比众不同	1
bi li chi	比例尺	1
bi xing	比兴	1
bi le tuo li ya	比勒陀利亚	1
bi yu shi dang	比喻失当	1
bi wu ke feng	比屋可封	1
bi sui bu deng	比岁不登	1
bi gan	比干	1
bi nian bu deng	比年不登	1
bi hu ke feng	比户可封	1
bi shou hua jiao	比手划脚	1
bi quan liang li	比权量力	1
bi wu jia shi	比物假事	1
bi wu zhu shi	比物属事	1
bi mu lian zhi	比目连枝	1
bi lei cong shi	比类从事	1
bi yi lian zhi	比翼连枝	1
bi yi qi fei	比翼齐飞	1
bi jian bing qi	比肩并起	1
bi jian xi zhong	比肩系踵	1
bi jian qi sheng	比肩齐声	1
bi jiao jia ge	比较价格	1
bi jiao yu yan xue	比较语言学	1
bi liang	比量	1
bi liang qi guan	比量齐观	1
bi qi gong yu yi yi	毕其功于一役	1
bi bao	毕剥	1
bi li tong xin	毕力同心	1
bi xiao	毕肖	1
bi da ge la si	毕达哥拉斯	1
bi yu ji feng	毕雨箕风	1
bi lu	毕露	1
mao ya tou	毛丫头	1
mao shua	毛刷	1
mao ci	毛刺	1
mao nan zu	毛南族	1
mao fa bu shuang	毛发不爽	1
mao fa si su	毛发丝粟	1
mao fa zhi gong	毛发之功	1
mao fa dao shu	毛发倒竖	1
mao fa song ran	毛发悚然	1
mao fa song ran	毛发耸然	1
mao ni	毛呢	1
mao di huang	毛地黄	1
mao tou	毛头	1
mao tou xiao zi	毛头小子	1
mao tou mao nao	毛头毛脑	1
mao jin bei	毛巾被	1
mao la	毛拉	1
mao tiao	毛条	1
mao sen gu li	毛森骨立	1
mao mao yu	毛毛雨	1
mao ze dong si xiang	毛泽东思想	1
mao ze dong xuan ji	毛泽东选集	1
mao huo	毛活	1
mao qu	毛渠	1
mao bai yang	毛白杨	1
mao shi	毛石	1
mao piao	毛票	1
mao bi zi	毛笔字	1
mao zhi pin	毛织品	1
mao yu ling luo	毛羽零落	1
mao bei xin	毛背心	1
mao ge	毛葛	1
mao han	毛蚶	1
mao sui	毛遂	1
mao sui duo jing	毛遂堕井	1
mao sui zi jian	毛遂自荐	1
mao zhong	毛重	1
mao gu song ran	毛骨竦然	1
mao gu song ran	毛骨耸然	1
zhan shang tuo mao	毡上拖毛	1
zhan zi	毡子	1
hao bu jie yi	毫不介意	1
hao bu han hu	毫不含糊	1
hao bu xie yi	毫不屑意	1
hao bu hui yan	毫不讳言	1
hao fen lv xi	毫分缕析	1
hao li bu shuang	毫厘不爽	1
hao fa bu shuang	毫发不爽	1
hao fa si su	毫发丝粟	1
hao wu yi yi	毫无疑义	1
hao mao bu fan	毫毛不犯	1
min bu kan ming	民不堪命	1
min bu liao sheng	民不聊生	1
min wei gui jun wei qing	民为贵君为轻	1
min zhu gai ge	民主改革	1
min zhu ji zhong zhi	民主集中制	1
min shi quan li	民事权利	1
min shi fa ting	民事法庭	1
min yi shi wei tian	民以食为天	1
min bao yu xin	民保于信	1
min ban gong zhu	民办公助	1
min he nian feng	民和年丰	1
min he nian ren	民和年稔	1
min fu	民夫	1
min jia	民家	1
min fu guo qiang	民富国强	1
min xin bu yi	民心不壹	1
min zu gong tong yu	民族共同语	1
min zu zi jue quan	民族自决权	1
min zu zi ben	民族资本	1
min zu yun dong	民族运动	1
min you cai se	民有菜色	1
min xiao	民校	1
min yin guo fu	民殷国富	1
min yin cai fu	民殷财阜	1
min chun su hou	民淳俗厚	1
min qiong cai kui	民穷财匮	1
min qiong cai jin	民穷财尽	1
min yue	民约	1
min bao wu yu	民胞物与	1
min zhi min gao	民脂民膏	1
min gao min zhi	民膏民脂	1
min zei du fu	民贼独夫	1
min jian gu shi	民间故事	1
min jian wen xue	民间文学	1
min shi	民食	1
qi bu gong	气不公	1
qi bu fen er	气不忿儿	1
qi bu guo	气不过	1
qi yi xiang tou	气义相投	1
qi ke dou niu	气克斗牛	1
qi chong chong	气冲冲	1
qi chong dou niu	气冲斗牛	1
qi chong niu dou	气冲牛斗	1
qi chong xiao han	气冲霄汉	1
qi shi pang bo	气势磅礴	1
qi ya biao	气压表	1
qi xu xu	气吁吁	1
qi tun niu dou	气吞牛斗	1
qi wei xiang tou	气味相投	1
qi quan	气圈	1
qi tou shang	气头上	1
qi ceng	气层	1
qi de zhi man	气得志满	1
qi ji bai sang	气急败丧	1
qi xi yan yan	气息奄奄	1
qi fen tian ying	气愤填膺	1
qi shu	气数	1
qi xuan	气旋	1
qi yong ru shan	气涌如山	1
qi man zhi de	气满志得	1
qi yan xun tian	气焰熏天	1
qi sheng	气盛	1
qi mai	气脉	1
qi xue fang gang	气血方刚	1
qi yi xiang tou	气谊相投	1
qi xiang wan qian	气象万千	1
qi guan chang hong	气贯长虹	1
qi lun ji	气轮机	1
qi men	气闷	1
qi fa	气阀	1
qing dan	氢弹	1
qing yang hua jia	氢氧化钾	1
hai qi	氦气	1
yang hua gong	氧化汞	1
yang hua tong	氧化铜	1
yang ba	氧吧	1
yang qi ping	氧气瓶	1
lv hua wu	氯化物	1
lv hua na	氯化钠	1
lv hua jia	氯化钾	1
qing hua wu	氰化物	1
qing hua jia	氰化钾	1
shui zhong zhuo yue	水中捉月	1
shui zhong lao yue	水中捞月	1
shui zhong zhuo yan	水中著盐	1
shui pei feng shang	水佩风裳	1
shui jing e fei	水净鹅飞	1
shui dao yu xing	水到鱼行	1
shui shua shi	水刷石	1
shui ji	水剂	1
shui li fa dian	水力发电	1
shui ya ji	水压机	1
shui fa	水发	1
shui he	水合	1
shui he wu	水合物	1
shui ba	水吧	1
shui di	水地	1
shui tou	水头	1
shui su shan xing	水宿山行	1
shui su feng can	水宿风餐	1
shui chi	水尺	1
shui jin shan qiong	水尽山穷	1
shui jin e fei	水尽鹅飞	1
shui mu dian ying	水幕电影	1
shui di lao yue	水底捞月	1
shui di lao zhen	水底捞针	1
shui di mo yue	水底摸月	1
shui di na gua	水底纳瓜	1
shui xun huan	水循环	1
shui fang	水房	1
shui wen zhan	水文站	1
shui dou	水斗	1
shui jing deng long	水晶灯笼	1
shui jing shi	水晶石	1
shui nuan	水暖	1
shui qu liu	水曲柳	1
shui yue guan yin	水月观音	1
shui mu qing hua	水木清华	1
shui shan	水杉	1
shui guo tang	水果糖	1
shui ku shi lan	水枯石烂	1
shui gui	水柜	1
shui shan	水栅	1
shui xie bu tong	水楔不通	1
shui xie bu lou	水泄不漏	1
shui xie bu tou	水泄不透	1
shui xie bu tong	水泄不通	1
shui po	水泊	1
shui fa	水法	1
shui ze	水泽	1
shui xi bu	水洗布	1
shui xie bu tong	水洩不通	1
shui liu yun san	水流云散	1
shui liu hua luo	水流花落	1
shui jiao di	水浇地	1
shui fu lian	水浮莲	1
shui lin lin	水淋淋	1
shui qu	水渠	1
shui liu	水溜	1
shui di shi chuan	水滴石穿	1
shui piao er	水漂儿	1
shui huo bu jian rong	水火不兼容	1
shui huo bu xiang rong	水火不相容	1
shui huo bu ci	水火不辞	1
shui huo bu bi	水火不避	1
shui huo zhi zhong	水火之中	1
shui huo gun	水火棍	1
shui pao	水炮	1
shui shi qing hua	水石清华	1
shui mo	水磨	1
shui mo gong fu	水磨工夫	1
shui mo shi	水磨石	1
shui qiong shan jin	水穷山尽	1
shui mi wu gan	水米无干	1
shui hong	水红	1
shui wen	水纹	1
shui lv	水绿	1
shui fei	水肥	1
shui neng	水能	1
shui yao zi	水舀子	1
shui cai bu jiao	水菜不交	1
shui luo gui cao	水落归槽	1
shui luo gui cao	水落归漕	1
shui luo guan	水落管	1
shui she	水蛇	1
shui she yao	水蛇腰	1
shui diao ge tou	水调歌头	1
shui che	水车	1
shui lun fa dian ji	水轮发电机	1
shui lun ji	水轮机	1
shui guo di pi shi	水过地皮湿	1
shui guo ya bei	水过鸭背	1
shui yuan shan yao	水远山遥	1
shui yuan shan chang	水远山长	1
shui zhang chuan gao	水长船高	1
shui lu za chen	水陆杂陈	1
shui xue	水靴	1
yong bu mo mie	永不磨灭	1
yong chui bu xiu	永垂不朽	1
yong ning	永宁	1
yong zhi bu wang	永志不忘	1
yong wu ning ri	永无宁日	1
yong bao qing chun	永葆青春	1
yong zhu	永驻	1
qiu zhi bu de	求之不得	1
qiu qin	求亲	1
qiu qin gao you	求亲告友	1
qiu qin kao you	求亲靠友	1
qiu ren bu ru qiu ji	求人不如求己	1
qiu ren de ren	求仁得仁	1
qiu tong cun yi	求同存异	1
qiu he	求和	1
qiu shi	求师	1
qiu xin	求新	1
qiu zhi	求治	1
qiu jiang de jiu	求浆得酒	1
qiu zhen	求真	1
qiu zhi yu	求知欲	1
qiu zhi ruo ke	求知若渴	1
qiu shen bai fo	求神拜佛	1
qiu shen wen bu	求神问卜	1
qiu wen	求稳	1
qiu sheng	求胜	1
qiu jian	求见	1
qiu zhen	求诊	1
qiu xian ruo ke	求贤若渴	1
qiu guo yu gong	求过于供	1
qiu xiang	求降	1
qiu yu	求雨	1
cuan zi	汆子	1
hui zhan	汇展	1
hui kuan dan	汇款单	1
han bao bao	汉堡包	1
han xue jia	汉学家	1
han jia	汉家	1
han xian	汉显	1
han bai yu shi	汉白玉石	1
han yu pin yin fang an	汉语拼音方案	1
han zei bu liang li	汉贼不两立	1
cha gang	汊港	1
han bu gan chu	汗不敢出	1
han chu qia bei	汗出洽背	1
han chu jia bei	汗出浃背	1
han ru yu xia	汗如雨下	1
han ban	汗斑	1
han jin jin	汗津津	1
han qia gu li	汗洽股栗	1
han liu jia bei	汗流夹背	1
han liu jie zhong	汗流接踵	1
han liu qia bei	汗流洽背	1
han liu qia yi	汗流洽衣	1
han liu jia ti	汗流浃体	1
han liu jia fu	汗流浃肤	1
han liu jia bei	汗流浃背	1
han liu jia zhong	汗流浃踵	1
han liu man mian	汗流满面	1
han liu zhi zhong	汗流至踵	1
han cen cen	汗涔涔	1
han ye	汗液	1
han lin lin	汗淋淋	1
han zi	汗渍	1
han zi zi	汗渍渍	1
han niu chong wu	汗牛充屋	1
han niu chong dong	汗牛充栋	1
han niu sai dong	汗牛塞栋	1
han jian	汗碱	1
han bei xin	汗背心	1
han jiao	汗脚	1
han xue yan che	汗血盐车	1
han shan	汗衫	1
han gua	汗褂	1
han gua er	汗褂儿	1
han qing	汗青	1
han qing tou bai	汗青头白	1
han yan wu di	汗颜无地	1
han ma zhi gong	汗马之功	1
han ma zhi lao	汗马之劳	1
han ma gong lao	汗马功劳	1
ru nan chen ji	汝南晨鸡	1
ru cheng ren ye	汝成人耶	1
gong xiu hong	汞溴红	1
jiang dong fu lao	江东父老	1
jiang nan hai bei	江南海北	1
jiang zuo yi wu	江左夷吾	1
jiang shui bu fan he shui	江水不犯河水	1
jiang han chao zong	江汉朝宗	1
jiang he xing di	江河行地	1
jiang yang da dao	江洋大盗	1
jiang hai bu ni xiao liu	江海不逆小流	1
jiang yan cai jin	江淹才尽	1
jiang fan hai dao	江翻海倒	1
jiang lang cai jin	江郎才尽	1
jiang lang cai yan	江郎才掩	1
jiang du	江都	1
chi zhong wu	池中物	1
chi yu tang yan	池鱼堂燕	1
chi yu mu yan	池鱼幕燕	1
chi yu long niao	池鱼笼鸟	1
wu ni zhuo shui	污泥浊水	1
wu wu	污物	1
wu yan hui yu	污言秽语	1
tang ji	汤剂	1
tang shao	汤勺	1
tang bao	汤包	1
tang qu san mian	汤去三面	1
tang tuan	汤团	1
tang tou	汤头	1
tang tou ge	汤头歌	1
tang po zi	汤婆子	1
tang shui	汤水	1
tang chi	汤池	1
tang chi tie cheng	汤池铁城	1
tang quan	汤泉	1
tang shao huo re	汤烧火热	1
tang wan	汤碗	1
tang guan	汤罐	1
tang yao	汤药	1
tang guo	汤锅	1
tang mian	汤面	1
gu gu	汩汩	1
gu mo	汩没	1
wang yang da hai	汪洋大海	1
wang yang da si	汪洋大肆	1
wen shang	汶上	1
wen yang tian fan	汶阳田反	1
xiong yong peng pai	汹涌彭湃	1
xiong yong peng pai	汹涌淜湃	1
xiong yong peng pai	汹涌澎湃	1
qi hua	汽化	1
qi hua re	汽化热	1
qi you dan	汽油弹	1
qi che zhi zao chang	汽车制造厂	1
qi lun fa dian ji	汽轮发电机	1
yi shui chun feng	沂水春风	1
wo di	沃地	1
yuan jiang jiu lei	沅江九肋	1
chen bo jue li	沈博绝丽	1
shen si	沈思	1
shen yao pan bin	沈腰潘鬓	1
shen shi ren bi	沈诗任笔	1
chen yuan mo bai	沉冤莫白	1
chen yuan mo xue	沉冤莫雪	1
chen bo jue li	沉博绝丽	1
chen yin bu jue	沉吟不决	1
chen yin zhang ju	沉吟章句	1
chen di	沉底	1
chen si shu lv	沉思熟虑	1
chen yi	沉毅	1
chen fu fu yang	沉浮俯仰	1
chen ke su ji	沉疴宿疾	1
chen ke nan qi	沉疴难起	1
chen gu zi ruo	沉痼自若	1
chen zhuo tong kuai	沉着痛快	1
chen zhu tong kuai	沉著痛快	1
chen mou yan lv	沉谋研虑	1
chen mou chong lv	沉谋重虑	1
chen mi bu wu	沉迷不悟	1
chen zhong gua yan	沉重寡言	1
chen zhong shao yan	沉重少言	1
chen jiang feng	沉降缝	1
chen yu luo yan	沉鱼落雁	1
qi cha	沏茶	1
mu hou er guan	沐猴而冠	1
mu hou yi guan	沐猴衣冠	1
mu yu zhi feng	沐雨栉风	1
mu yu shu feng	沐雨梳风	1
mu yu jing shuang	沐雨经霜	1
mu lu shu feng	沐露梳风	1
mu lu zhan shuang	沐露沾霜	1
ta gang fu ling	沓冈复岭	1
ta zi	沓子	1
ta lai zhong zhi	沓来踵至	1
ta lai jun zhi	沓来麕至	1
sha ding yu	沙丁鱼	1
sha e	沙俄	1
sha bao	沙包	1
sha hua	沙化	1
sha shen	沙参	1
sha fa yi	沙发椅	1
sha nang	沙囊	1
sha tu	沙土	1
sha keng	沙坑	1
sha ba	沙坝	1
sha dui	沙堆	1
sha hai	沙害	1
sha an	沙岸	1
sha shi	沙市	1
sha mi	沙弥	1
sha wen zhu yi	沙文主义	1
sha bao	沙暴	1
sha guo	沙果	1
sha zao	沙枣	1
sha liu	沙柳	1
sha li	沙梨	1
sha ji	沙棘	1
sha sha sheng	沙沙声	1
sha zhou	沙洲	1
sha yu	沙浴	1
sha zai	沙灾	1
sha te a la bo	沙特阿拉伯	1
sha tian	沙田	1
sha yan	沙眼	1
sha shi	沙石	1
sha li	沙砾	1
sha qi	沙碛	1
sha chuan	沙船	1
sha huang	沙荒	1
sha chong	沙虫	1
sha dai	沙袋	1
sha zhi	沙质	1
sha li tao jin	沙里淘金	1
sha jin	沙金	1
sha guo	沙锅	1
sha men	沙门	1
sha diao	沙雕	1
sha yu	沙鱼	1
sha ji	沙鸡	1
sha ou	沙鸥	1
sha ou xiang ji	沙鸥翔集	1
pei yu gan lin	沛雨甘霖	1
gou kan	沟坎	1
gou qian	沟堑	1
mei shang mei xia	没上没下	1
mo shi	没世	1
mo shi bu wang	没世不忘	1
mo shi bu yu	没世不渝	1
mo shi wu cheng	没世无称	1
mo shi wu wen	没世无闻	1
mo shi qiong nian	没世穷年	1
mo shi nan wang	没世难忘	1
mei shi ren	没事人	1
mo ru	没入	1
mei wei yin yu	没卫饮羽	1
mei ke nai he	没可奈何	1
mei wei	没味	1
mei ming	没命	1
mei duo shao	没多少	1
mei da mei xiao	没大没小	1
mei tou mo wei	没头没尾	1
mei tou mei nao	没头没脑	1
mei tou mei lian	没头没脸	1
mei tou nao	没头脑	1
mei tou cang ying	没头苍蝇	1
mo nai he	没奈何	1
mei wan mei liao	没完没了	1
mei jia mei ye	没家没业	1
mei wu jia liang	没屋架梁	1
mei ying er	没影儿	1
mei tiao er	没挑儿	1
mei you kong	没有空	1
mei lai tou	没来头	1
mei lai you	没来由	1
mei cha mei li	没查没利	1
mei yang er	没样儿	1
mei mao da chong	没毛大虫	1
mo mo wu wen	没没无闻	1
mei fa er	没法儿	1
mei fa nai he	没法奈何	1
mei fa mei tian	没法没天	1
mei shen mei qian	没深没浅	1
mei pi mei lian	没皮没脸	1
mei mei mei yan	没眉没眼	1
mei zhuo luo	没着落	1
mei shi yin yu	没石饮羽	1
mei jing ta cai	没精塌彩	1
mei jing da cai	没精打彩	1
mei jing da cai	没精打采	1
mei jing mei cai	没精没彩	1
mei yuan	没缘	1
mei xiu	没羞	1
mei er bu xiu	没而不朽	1
mei sao	没臊	1
mo yao	没药	1
mo zhong yi shi	没衷一是	1
mei ji nai he	没计奈何	1
mei ci er	没词儿	1
mei hua zhao hua	没话找话	1
mei pu er	没谱儿	1
mei qu	没趣	1
mei qing mei zhong	没轻没重	1
mei bian er	没边儿	1
mo guo	没过	1
mei li mei wai	没里没外	1
mei jin sha yu	没金铩羽	1
mo jin yin yu	没金饮羽	1
mei men er	没门儿	1
mei mian zi	没面子	1
mei dian mei dao	没颠没倒	1
mo chi	没齿	1
mo chi bu wang	没齿不忘	1
mo chi wu yuan	没齿无怨	1
mo chi nan wang	没齿难忘	1
ou mo jin yan	沤沫槿艳	1
ou fu pao ying	沤浮泡影	1
ou zhu jin yan	沤珠槿艳	1
ou fei	沤肥	1
li dan duo gan	沥胆堕肝	1
li dan zhuo gan	沥胆濯肝	1
li dan hui gan	沥胆隳肝	1
li xue kou xin	沥血叩心	1
li xue pi xin	沥血披心	1
li xue pi gan	沥血披肝	1
lun wang	沦亡	1
lun mo	沦没	1
lun luo feng chen	沦落风尘	1
lun xian qu	沦陷区	1
cang hai heng liu	沧海横流	1
mo er	沫儿	1
mo zi	沫子	1
ju ru	沮洳	1
he bu chu tu	河不出图	1
he bo wei huan	河伯为患	1
he qing yue luo	河倾月落	1
he bei bang zi	河北梆子	1
he nan zhui zi	河南坠子	1
he nan bang zi	河南梆子	1
he tong shui mi	河同水密	1
he ba	河坝	1
he ben hai ju	河奔海聚	1
he di	河底	1
he xie yue luo	河斜月落	1
he qu	河曲	1
he shui bu xi chuan	河水不洗船	1
he shui bu fan jing shui	河水不犯井水	1
he sha	河沙	1
he sha shi jie	河沙世界	1
he ni	河泥	1
he hai bu ze xi liu	河海不择细流	1
he he hai gan	河涸海干	1
he qing nan si	河清难俟	1
he qu	河渠	1
he gang	河港	1
he lian hai yi	河溓海夷	1
he lian hai yan	河溓海晏	1
he xi	河系	1
he luo hai gan	河落海干	1
he bang	河蚌	1
he jian	河间	1
he xian	河鲜	1
fei tian zhen di	沸天震地	1
fei fei shang shang	沸沸汤汤	1
you guang ke jian	油光可鉴	1
you qu	油区	1
you zui er	油嘴儿	1
you fang	油坊	1
you bi xiang che	油壁香车	1
you tou guang gun	油头光棍	1
you tou hua nao	油头滑脑	1
you tou hua lian	油头滑脸	1
you tou hua mian	油头滑面	1
you tou fen mian	油头粉面	1
you gan huo jin	油干火尽	1
you gan deng jin	油干灯尽	1
you gan deng cao jin	油干灯草尽	1
you xing	油星	1
you tong	油桶	1
you qi liu	油气流	1
you ni	油泥	1
you jiao huo liao	油浇火燎	1
you qi jiang	油漆匠	1
you zha tu dou pian	油炸土豆片	1
you zha guo	油炸果	1
you zha gui	油炸鬼	1
you jian huo liao	油煎火燎	1
you dian hun he che	油电混合车	1
you shi	油石	1
you piao er	油票儿	1
you guan	油管	1
you lou	油篓	1
you lv	油绿	1
you guan	油罐	1
you guan che	油罐车	1
you zhi ma hua	油脂麻花	1
you qiang hua diao	油腔滑调	1
you gao	油膏	1
you cang	油藏	1
you zhi	油质	1
you che	油车	1
you ji	油迹	1
zhi sang	治丧	1
zhi jia	治家	1
zhi shan	治山	1
zhi fu	治服	1
zhi sha	治沙	1
zhi qiong	治穷	1
zhi huang	治黄	1
zhao di	沼地	1
zhao ze di	沼泽地	1
gu ming gan yu	沽名干誉	1
gu ming yao yu	沽名要誉	1
zhan qin	沾亲	1
zhan qin dai you	沾亲带友	1
zhan qin dai gu	沾亲带故	1
zhan hua	沾化	1
zhan zhan zi hao	沾沾自好	1
zhan ni dai shui	沾泥带水	1
zhan feng re cao	沾风惹草	1
yan tiao	沿条	1
yan tiao er	沿条儿	1
xie jin	泄劲	1
xie di	泄底	1
xie hen	泄恨	1
xie fen	泄愤	1
xie shui	泄水	1
xie ta	泄沓	1
xie xie	泄泻	1
xie hong	泄洪	1
xie hong dao	泄洪道	1
xie lou tian ji	泄漏天机	1
xie lou tian ji	泄露天机	1
quan yong	泉涌	1
quan shi gao huang	泉石膏肓	1
po di	泊地	1
bo che	泊车	1
mi niao xi tong	泌尿系统	1
bi yang	泌阳	1
fa bu chuan liu er	法不传六耳	1
fa bu xun qing	法不徇情	1
fa bu ze zhong	法不责众	1
fa bu e gui	法不阿贵	1
fa hui	法会	1
fa hao	法号	1
fa xiang jia su du	法向加速度	1
fa guo hao	法国号	1
fa chang	法场	1
fa ding ren shu	法定人数	1
fa jia	法家	1
fa jia bi shi	法家拂士	1
fa tie	法帖	1
fa du	法度	1
fa lv xing wei	法律行为	1
fa la di	法拉第	1
fa wu ke dai	法无可贷	1
fa xiang	法相	1
fa ji	法纪	1
fa mai zhun sheng	法脉准绳	1
fa lun chang zhuan	法轮常转	1
fa lang	法郎	1
fan hua	泛化	1
fan zhai fu jia	泛宅浮家	1
fan ying qu dang	泛应曲当	1
fan hao mo cang	泛浩摩苍	1
fan shen lun	泛神论	1
fan cheng	泛称	1
fan lun	泛论	1
pao zhi	泡制	1
pao zi	泡子	1
pao ying	泡影	1
pao tong	泡桐	1
pao mo su liao	泡沫塑料	1
pao mo jing ji	泡沫经济	1
pao pao sha	泡泡纱	1
pao zhang	泡涨	1
pao xuan	泡漩	1
pao bing hao	泡病号	1
pao zhao ta	泡罩塔	1
pao mo gu	泡蘑菇	1
pao huo	泡货	1
pao fan	泡饭	1
bo zhu yun wei	波属云委	1
bo si mao	波斯猫	1
bo bo lu lu	波波碌碌	1
bo luo sai xi	波罗塞戏	1
bo luo di hai	波罗的海	1
bo hai yun zhu	波骇云属	1
qi xia ru yu	泣下如雨	1
qi bu ke yang	泣不可仰	1
qi shu hang xia	泣数行下	1
qi ti ru yu	泣涕如雨	1
qi xue	泣血	1
qi xue chui ying	泣血捶膺	1
qi xue zhen ge	泣血枕戈	1
qi xue ji sang	泣血稽颡	1
ni zhong yin ci	泥中隐刺	1
ni wan	泥丸	1
ni ren	泥人	1
ni gu	泥古	1
ni gu bu hua	泥古不化	1
ni gu ju fang	泥古拘方	1
ni gu fei jin	泥古非今	1
ni ming shi shi	泥名失实	1
ni keng	泥坑	1
ni pi	泥坯	1
ni gou	泥垢	1
ni su	泥塑	1
ni su mu diao	泥塑木雕	1
ni tang	泥塘	1
ni duo fo da	泥多佛大	1
ni wa wa	泥娃娃	1
ni zi	泥子	1
ni feng	泥封	1
ni yan	泥岩	1
ni shui	泥水	1
ni shui jiang	泥水匠	1
ni wu	泥污	1
ni sha ju xia	泥沙俱下	1
ni zhao	泥沼	1
ni nao	泥淖	1
ni tan	泥滩	1
ni hui	泥灰	1
ni tan	泥炭	1
ni niu ru hai	泥牛入海	1
ni zhu wa gou	泥猪瓦狗	1
ni zhu jie gou	泥猪疥狗	1
ni zhu lai gou	泥猪癞狗	1
ni wa jiang	泥瓦匠	1
ni wa gong	泥瓦工	1
nie er bu zi	泥而不滓	1
ni tai	泥胎	1
ni chuan du he	泥船渡河	1
ni pu sa	泥菩萨	1
ni pu sa guo jiang	泥菩萨过江	1
ni pan bu zi	泥蟠不滓	1
ni zu ju ren	泥足巨人	1
ni che wa ma	泥车瓦马	1
ni jin wan dian	泥金万点	1
ni fan wan	泥饭碗	1
lei ru quan yong	泪如泉涌	1
lei ru yu xia	泪如雨下	1
lei gan chang duan	泪干肠断	1
min mo	泯没	1
tai ning	泰宁	1
tai shan bu rang tu rang	泰山不让土壤	1
tai shan qi tui	泰山其颓	1
tai shan bei dou	泰山北斗	1
tai shan ya luan	泰山压卵	1
tai shan ya ding	泰山压顶	1
tai shan pan shi	泰山盘石	1
tai shan shi gan dang	泰山石敢当	1
tai shan pan shi	泰山磐石	1
tai lai pi wang	泰来否往	1
tai lai pi ji	泰来否极	1
tai ji er pi	泰极而否	1
tai ran chu zhi	泰然处之	1
tai ran zi ruo	泰然自若	1
tai yu	泰语	1
yang yang da guo	泱泱大国	1
yang yang da feng	泱泱大风	1
xie du	泻肚	1
po la	泼剌	1
po tian da huo	泼天大祸	1
po shui jie	泼水节	1
po shui nan shou	泼水难收	1
po sa	泼洒	1
ze lan	泽兰	1
ze ji ku gu	泽及枯骨	1
ze wen mo ya	泽吻磨牙	1
ze guo	泽国	1
ze xie	泽泻	1
ze bei hou shi	泽被后世	1
jing wei bu fen	泾渭不分	1
jing wei fen ming	泾渭分明	1
jing wei zi fen	泾渭自分	1
jie ji cong gong	洁己从公	1
jie fu	洁肤	1
jie shen lei xing	洁身累行	1
jie shen zi hao	洁身自好	1
yang wei zhong yong	洋为中用	1
yang hua	洋化	1
yang wei er	洋味儿	1
yang di huang	洋地黄	1
yang chang	洋场	1
yang fu	洋服	1
yang yang da guan	洋洋大观	1
yang yang de yi	洋洋得意	1
yang yang sa sa	洋洋洒洒	1
yang yang sa sa	洋洋纚纚	1
yang yang zi de	洋洋自得	1
yang xiang	洋相	1
yang hong	洋红	1
yang hang	洋行	1
yang che	洋车	1
yang li yang qi	洋里洋气	1
sa jia	洒家	1
sa xin geng shi	洒心更始	1
sa sao	洒扫	1
sa sao ying dui	洒扫应对	1
sa shui che	洒水车	1
sa lei	洒泪	1
sa sa	洒洒	1
sa sa xiao xiao	洒洒潇潇	1
sa gou xie	洒狗血	1
xi san	洗三	1
xi bing mu ma	洗兵牧马	1
xi yuan	洗冤	1
xi ji	洗剂	1
xi jie	洗劫	1
xi jie yi kong	洗劫一空	1
xi yin	洗印	1
xi fa jing	洗发精	1
xi gou ni xia	洗垢匿瑕	1
xi gou qiu xia	洗垢求瑕	1
xi gou qiu ban	洗垢求瘢	1
xi gou suo ban	洗垢索瘢	1
xi chen	洗尘	1
xi xin hui mian	洗心回面	1
xi xin huan gu	洗心换骨	1
xi xin di lv	洗心涤虑	1
xi xin zi xin	洗心自新	1
xi xin ge mian	洗心革面	1
xi shou bu gan	洗手不干	1
xi shou feng gong	洗手奉公	1
xi shou feng zhi	洗手奉职	1
xi ran	洗染	1
xi ran dian	洗染店	1
xi shuan	洗涮	1
xi zhuo	洗濯	1
xi zhuo mo cui	洗濯磨淬	1
xi tang	洗烫	1
xi mei	洗煤	1
xi mei chang	洗煤厂	1
xi mei shua mu	洗眉刷目	1
xi lian	洗练	1
xi er gong ting	洗耳恭听	1
xi er gong ting	洗耳拱听	1
xi chang	洗肠	1
xi chang di wei	洗肠涤胃	1
xi wei	洗胃	1
xi jiao shang chuan	洗脚上船	1
xi tuo	洗脱	1
xi lian pen	洗脸盆	1
xi yi dian	洗衣店	1
xi xue	洗雪	1
xi xue bu fu	洗雪逋负	1
xi jing jiu lu	洗颈就戮	1
xi sui fa mao	洗髓伐毛	1
dong zhong ken qing	洞中肯綮	1
dong tian fu di	洞天福地	1
dong ru guan huo	洞如观火	1
dong cha yi qie	洞察一切	1
dong cha qi jian	洞察其奸	1
dong you zhu yuan	洞幽烛远	1
dong zhu qi jian	洞烛其奸	1
dong ruo guan huo	洞若观火	1
dong jian	洞见	1
dong jian zheng jie	洞见症结	1
dong jian fei xing	洞鉴废兴	1
dong yin zhu wei	洞隐烛微	1
jin guan xian sai	津关险塞	1
jin yao	津要	1
hong qiao shao shu	洪乔捎书	1
hong da	洪大	1
hong shui heng liu	洪水横流	1
hong ze	洪泽	1
hong ze hu	洪泽湖	1
hong lu liao fa	洪炉燎发	1
hong fu qi tian	洪福齐天	1
hong dou la si	洪都拉斯	1
hong liang	洪量	1
zhou ji dao dan	洲际导弹	1
zhou ji dan dao dao dan	洲际弹道导弹	1
huo si	活似	1
huo bian	活便	1
huo fen	活分	1
huo bo sheng tun	活剥生吞	1
huo dong fen zi	活动分子	1
huo dong shi	活动室	1
huo dong jia	活动家	1
huo di tu	活地图	1
huo di yu	活地狱	1
huo mai	活埋	1
huo zi yin shua	活字印刷	1
huo jiao cai	活教材	1
huo qi cun kuan	活期存款	1
huo jie	活结	1
huo luo	活络	1
huo jian gui	活见鬼	1
huo beng huo tiao	活蹦活跳	1
huo yan wang	活阎王	1
huo ba zi	活靶子	1
huo shi	活食	1
huo xian xian	活鲜鲜	1
huo long xian jian	活龙鲜健	1
qia wen qiang ji	洽闻强记	1
pai bu shi	派不是	1
pai huo er	派活儿	1
liu li	流丽	1
liu bie	流别	1
liu hua	流化	1
liu tian che di	流天澈地	1
liu shi lv	流失率	1
liu shi sheng	流失生	1
liu nian bu li	流年不利	1
liu nian si shui	流年似水	1
liu dan	流弹	1
liu san	流散	1
liu du	流毒	1
liu mang wu chan zhe	流氓无产者	1
liu shui chao zong	流水朝宗	1
liu shui luo hua	流水落花	1
liu shui xing yun	流水行云	1
liu han jia bei	流汗浃背	1
liu ni wang fan	流溺忘反	1
liu li suo wei	流离琐尾	1
liu li zhuan xi	流离转徙	1
liu li dian zhi	流离颠疐	1
liu luo ta xiang	流落他乡	1
liu luo tian ya	流落天涯	1
liu luo shi suo	流落失所	1
liu luo jiang hu	流落江湖	1
liu luo feng chen	流落风尘	1
liu xie	流血	1
liu xue qian li	流血千里	1
liu xue piao lu	流血漂卤	1
liu xing kan zhi	流行坎止	1
liu xing xing gan mao	流行性感冒	1
liu xing bing	流行病	1
liu xing se	流行色	1
liu yan hun hua	流言混话	1
liu yan fei yu	流言蜚语	1
liu yan feng yu	流言风语	1
liu yan fei yu	流言飞语	1
liu zhi shi wu	流质食物	1
liu zhuan shui	流转税	1
liu tong quan	流通券	1
liu jin shuo shi	流金铄石	1
liu feng	流风	1
liu feng yu su	流风余俗	1
liu feng yu yun	流风余韵	1
liu feng hui xue	流风回雪	1
liu feng yi ji	流风遗迹	1
liu shi	流食	1
jia bei han liu	浃背汗流	1
qian xue	浅学	1
qian chang	浅尝	1
qian chang zhe zhi	浅尝辄止	1
qian xi jin qiu	浅希近求	1
qian zhen di chang	浅斟低唱	1
qian ming	浅明	1
qian yi	浅易	1
qian shui	浅水	1
qian fu diao	浅浮雕	1
qian hai	浅海	1
qian dan	浅淡	1
qian tan	浅滩	1
qian bai	浅白	1
qian geng	浅耕	1
qian biao	浅表	1
qian jian	浅见	1
qian jian gua wen	浅见寡闻	1
qian shuo	浅说	1
qian jin	浅近	1
qian lou	浅陋	1
qian lu	浅露	1
jiang guo	浆果	1
jiang shui bu jiao	浆水不交	1
jiang zhi	浆汁	1
jiang xi	浆洗	1
jiang ye	浆液	1
jiang jiu huo rou	浆酒藿肉	1
jiang jiu huo rou	浆酒霍肉	1
jiao di	浇地	1
jiao tou	浇头	1
jiao sa	浇洒	1
jiao chun san pu	浇淳散朴	1
jiao bo	浇薄	1
jiao chun san pu	浇醇散朴	1
jiao feng bo su	浇风薄俗	1
zhuo du	浊度	1
zhuo shui	浊水	1
zhuo lang	浊浪	1
zhuo gu fan tai	浊骨凡胎	1
ce duo	测度	1
ce cha	测查	1
ce ju	测距	1
ce liang xue	测量学	1
ce zhen	测震	1
ji shi	济世	1
ji shi zhi cai	济世之才	1
ji shi kuang shi	济世匡时	1
ji shi an ren	济世安人	1
ji shi an min	济世安民	1
ji shi an bang	济世安邦	1
ji shi jiu ren	济世救人	1
ji shi	济事	1
ji ren li wu	济人利物	1
ji gong	济公	1
ji zhu	济助	1
ji kun fu wei	济困扶危	1
ji han zhen pin	济寒赈贫	1
ji ruo fu qing	济弱扶倾	1
ji ruo chu qiang	济弱锄强	1
ji he fen zhou	济河焚舟	1
ji ji	济济	1
ji ji yi tang	济济一堂	1
ji si	济私	1
ji qiao piao feng	济窍飘风	1
ji ku lian pin	济苦怜贫	1
ji pin	济贫	1
ji pin ba ku	济贫拔苦	1
hun si	浑似	1
hun su he guang	浑俗和光	1
hun tou hun nao	浑头浑脑	1
hun jia	浑家	1
hun lun tun zao	浑抡吞枣	1
hun piao	浑朴	1
hun shui mo yu	浑水摸鱼	1
hun ran yi ti	浑然一体	1
hun ran wu zhi	浑然无知	1
hun qiu er	浑球儿	1
hun shen shang xia	浑身上下	1
hun shen mao han	浑身冒汗	1
hun shen xie shu	浑身解数	1
xu shu guan	浒墅关	1
nong mo zhong cai	浓墨重彩	1
nong zhuang yan mo	浓妆艳抹	1
nong zhuang yan fu	浓妆艳服	1
nong mo dan zhuang	浓抹淡妆	1
nong mei da yan	浓眉大眼	1
nong lv	浓绿	1
nong yin	浓荫	1
nong yin bi ri	浓荫蔽日	1
nong zhuang yan mo	浓装艳抹	1
nong yin	浓阴	1
hao qi chang cun	浩气长存	1
hao hao shang shang	浩浩汤汤	1
hao fan	浩繁	1
lang tou	浪头	1
lang zi hui tou	浪子回头	1
lang zi hui tou jin bu huan	浪子回头金不换	1
lang zi zai xiang	浪子宰相	1
lang feng	浪峰	1
fu yi da bai	浮一大白	1
fu yun zhao lu	浮云朝露	1
fu dong hui lv	浮动汇率	1
fu ming bo li	浮名薄利	1
fu sheng qie xiang	浮声切响	1
fu tou hua nao	浮头滑脑	1
fu kua feng	浮夸风	1
fu jia fan zhai	浮家泛宅	1
fu shou le she	浮收勒折	1
fu shou le suo	浮收勒索	1
fu wen qiao yu	浮文巧语	1
fu qian	浮浅	1
fu piao	浮漂	1
fu gua shen li	浮瓜沈李	1
fu sheng liu ji	浮生六记	1
fu sheng qie xiang	浮生切响	1
fu sheng ruo meng	浮生若梦	1
fu bai zai bi	浮白载笔	1
fu pi liao cao	浮皮潦草	1
fu shi	浮石	1
fu shi chen mu	浮石沉木	1
fu er bu shi	浮而不实	1
fu yu xu ci	浮语虚辞	1
yu fo	浴佛	1
yu xue	浴血	1
yu xue fen zhan	浴血奋战	1
hai bu yang bo	海不扬波	1
hai bu bo yi	海不波溢	1
hai zhong lao yue	海中捞月	1
hai shou	海兽	1
hai nei wu shuang	海内无双	1
hai nei ding fei	海内鼎沸	1
hai jun hang kong bing	海军航空兵	1
hai bei tian nan	海北天南	1
hai shen wei	海参崴	1
hai yuan	海员	1
hai wai guan xi	海外关系	1
hai wai qi tan	海外奇谈	1
hai ling	海岭	1
hai ping xian	海平线	1
hai di lao yue	海底捞月	1
hai di lao zhen	海底捞针	1
hai de bao da xue	海德堡大学	1
hai shan	海扇	1
hai ku shi lan	海枯石烂	1
hai ku jian di	海枯见底	1
hai shui bu ke dou liang	海水不可斗量	1
hai shui yu	海水浴	1
hai shui nan liang	海水难量	1
hai fei shan lie	海沸山裂	1
hai yang quan	海洋权	1
hai ya tian jiao	海涯天角	1
hai han di fu	海涵地负	1
hai he shi lan	海涸石烂	1
hai wang xing	海王星	1
hai jiang	海疆	1
hai jin	海禁	1
hai yue shan meng	海约山盟	1
hai tai	海苔	1
hai she	海蛇	1
hai jiao tian ya	海角天涯	1
hai jiao tian yu	海角天隅	1
hai diao	海钓	1
hai nan	海难	1
hai yu	海鱼	1
hai man	海鳗	1
jin mo	浸没	1
jin xi	浸洗	1
jin zhong	浸种	1
tu ge xiang wu	涂歌巷舞	1
tu pian	涂片	1
tu zhi mo fen	涂脂抹粉	1
nie er bu zi	涅而不淄	1
nie er bu zi	涅而不缁	1
xiao hua xian	消化腺	1
xiao hua mei	消化酶	1
xiao xi ying chong	消息盈冲	1
xiao chou jie men	消愁解闷	1
xiao du gui	消毒柜	1
xiao yan pian	消炎片	1
xiao shi hui	消石灰	1
xiao ci	消磁	1
xiao fei jie gou	消费结构	1
xiao zhang	消长	1
xiao shi	消食	1
she ji mian	涉及面	1
she wai hun yin	涉外婚姻	1
she bi cheng qu	涉笔成趣	1
yong quan	涌泉	1
yong liu	涌流	1
yong lang	涌浪	1
yong chao	涌潮	1
xian zhe lian	涎着脸	1
xian yan xian yu	涎言涎语	1
juan di bu sheng	涓滴不剩	1
juan di bu lou	涓滴不漏	1
juan di bu yi	涓滴不遗	1
ti si heng liu	涕泗横流	1
ti si pang tuo	涕泗滂沲	1
ti si zong heng	涕泗纵横	1
ti ling ru yu	涕零如雨	1
wo xuan	涡旋	1
guo he	涡河	1
wo liu	涡流	1
wo lun ji	涡轮机	1
huan fa da hao	涣发大号	1
huan han da hao	涣汗大号	1
huan ruo bing xiao	涣若冰消	1
huan ruo bing shi	涣若冰释	1
di ka	涤卡	1
di di wu lei	涤地无类	1
di gu geng xin	涤故更新	1
zhang shui	涨水	1
zhang chao	涨潮	1
zhang hong	涨红	1
zhang hong le lian	涨红了脸	1
zhang luo	涨落	1
zhang qian	涨钱	1
zhang feng	涨风	1
se yu yan lun	涩于言论	1
shuan xi	涮洗	1
shuan yang rou	涮羊肉	1
shuan rou	涮肉	1
ye ti zha dan	液体炸弹	1
ye ya you	液压油	1
he si gan lv	涸思干虑	1
he ze er yu	涸泽而渔	1
he yu de shui	涸鱼得水	1
he fu de shui	涸鲋得水	1
lin yu qi	淋浴器	1
lin lin	淋淋	1
tang han	淌汗	1
tao qi bao	淘气包	1
tao sha qu jin	淘沙取金	1
tao sha de jin	淘沙得金	1
tao xi	淘洗	1
dan zhuang nong mo	淡妆浓抹	1
dan zhuang qing mo	淡妆轻抹	1
dan sao e mei	淡扫蛾眉	1
dan ru nong mo	淡汝浓抹	1
dan bo ming zhi	淡泊明志	1
dan ran chu zhi	淡然处之	1
dan hong	淡红	1
dan lv	淡绿	1
dan er bu yan	淡而不厌	1
dan qing	淡青	1
yu se	淤塞	1
yu xue	淤血	1
yin xin ni xing	淫心匿行	1
yin yan xie yu	淫言媟语	1
yin yan xia yu	淫言狎语	1
yin yan bi xing	淫言诐行	1
yin ci xie yu	淫词亵语	1
yin ci hui yu	淫词秽语	1
yin ci yan qu	淫词艳曲	1
yin ci hui yu	淫辞秽语	1
yin ci xie shuo	淫辞邪说	1
yin yu	淫雨	1
huai nan ji quan	淮南鸡犬	1
huai ju wei zhi	淮橘为枳	1
huai wang ji gou	淮王鸡狗	1
shen zhong du xing	深中笃行	1
shen zhong ken qing	深中肯綮	1
shen zhong yin hou	深中隐厚	1
shen wei	深为	1
shen ren hou ze	深仁厚泽	1
shen chou da hen	深仇大恨	1
shen chou xiu yuan	深仇宿怨	1
shen chou zhong yuan	深仇重怨	1
shen ru gao huang	深入膏肓	1
shen ru gu sui	深入骨髓	1
shen qie zhe ming	深切着明	1
shen qie zhe bai	深切着白	1
shen qie zhu ming	深切著明	1
shen qie zhu bai	深切著白	1
shen ci shu sui	深刺腧髓	1
shen li qian qi	深厉浅揭	1
shen shou qi hai	深受其害	1
shen tu yuan suan	深图远算	1
shen ao mo ce	深奥莫测	1
shen zhai da yuan	深宅大院	1
shen shan chang gu	深山长谷	1
shen xiang	深巷	1
shen guang	深广	1
shen de ren xin	深得人心	1
shen si ku suo	深思苦索	1
shen si yuan lv	深思远虑	1
shen kong	深恐	1
shen wu tong ji	深恶痛嫉	1
shen wu tong ji	深恶痛疾	1
shen qing di li	深情底理	1
shen wei zhong lv	深惟重虑	1
shen jiong gu yao	深扃固钥	1
shen wen fu hui	深文傅会	1
shen wen zhou na	深文周内	1
shen wen da yi	深文大义	1
shen wen qu she	深文曲折	1
shen wen fu hui	深文附会	1
shen ming da yi	深明大义	1
shen geng ban ye	深更半夜	1
shen gen gu di	深根固柢	1
shen gen ning ji	深根宁极	1
shen gen pan jie	深根蟠结	1
shen shui zha dan	深水炸弹	1
shen you yuan ji	深猷远计	1
shen xing	深省	1
shen zhi zhuo jian	深知灼见	1
shen fan	深翻	1
shen cang ruo xu	深藏若虚	1
shen jian yuan lv	深见远虑	1
shen ji yuan lv	深计远虑	1
shen mou yuan lve	深谋远略	1
shen mou yuan lv	深谋远虑	1
shen gu wei ling	深谷为陵	1
shen chang	深长	1
shen chou da hen	深雠大恨	1
chun yu	淳于	1
chun hua	淳化	1
chun hou	淳厚	1
chun mei	淳美	1
hun shi mo wang	混世魔王	1
hun wei yi ti	混为一体	1
hun zuo yi tan	混作一谈	1
hun su he guang	混俗和光	1
hun yang	混养	1
hun ning zhi jiang	混凝纸浆	1
hun shuang	混双	1
hun he mian er	混合面儿	1
hun he	混和	1
hun sheng	混声	1
hun zi	混子	1
hun zhang	混帐	1
hun ying lan ying	混应滥应	1
hun zhan yi chang	混战一场	1
hun shui lao yu	混水捞鱼	1
hun shui mo yu	混水摸鱼	1
hun dun bu fen	混沌不分	1
hun huo	混活	1
hun xiao shi fei	混淆是非	1
hun xiao shi ting	混淆视听	1
hun xiao hei bai	混淆黑白	1
hun hun e e	混混噩噩	1
hun hun yun yun	混混沄沄	1
hun hun dun dun	混混沌沌	1
hun ran yi ti	混然一体	1
hun ran tian cheng	混然天成	1
hun qiu er	混球儿	1
hun xue er	混血儿	1
hun fan	混饭	1
yan hui guan tong	淹会贯通	1
yan mai	淹埋	1
yan ni	淹溺	1
tian ding	添丁	1
tian cai	添彩	1
tian zhi jia ye	添枝加叶	1
tian zhi zeng ye	添枝增叶	1
tian zhi jie ye	添枝接叶	1
tian yan zhe cu	添盐着醋	1
tian zhuan jia wa	添砖加瓦	1
tian se	添色	1
qing jing ji mie	清净寂灭	1
qing jing wu wei	清净无为	1
qing jun ce	清君侧	1
qing guan neng duan jia wu shi	清官能断家务事	1
qing guan nan duan jia wu shi	清官难断家务事	1
qing han	清寒	1
qing ku	清库	1
qing lian zheng zhi	清廉正直	1
qing wei dan yuan	清微淡远	1
qing xin shao yu	清心少欲	1
qing wa	清挖	1
qing shui wu da yu	清水无大鱼	1
qing tang gua shui	清汤寡水	1
qing jie che	清洁车	1
qing lie ke jian	清洌可鉴	1
qing zhuo tong liu	清浊同流	1
qing yu	清淤	1
qing yuan zheng ben	清源正本	1
qing fei	清肺	1
qing ying xiu che	清莹秀澈	1
qing ci li ju	清词丽句	1
qing pin ru xi	清贫如洗	1
qing ci li ju	清辞丽句	1
qing ci li qu	清辞丽曲	1
qing dou zi fu	清都紫府	1
qing dou zi wei	清都紫微	1
qing dou jiang que	清都绛阙	1
qing zhang	清障	1
qing jing wu wei	清静无为	1
qing feng liang xiu	清风两袖	1
qing feng liang jie	清风亮节	1
qing feng jing jie	清风劲节	1
qing feng jun jie	清风峻节	1
qing feng ming yue	清风明月	1
qing feng lang yue	清风朗月	1
qing feng gao jie	清风高节	1
yuan tu yuan suan	渊图远算	1
yuan yong feng li	渊涌风厉	1
yuan juan huo hu	渊涓蠖濩	1
yuan qing yu jie	渊清玉絜	1
yuan ting yue zhi	渊渟岳峙	1
yuan ting yue li	渊渟岳立	1
yuan ting ze hui	渊渟泽汇	1
yuan yuan you zi	渊源有自	1
yuan yuan you zi lai	渊源有自来	1
yuan mou yuan lve	渊谋远略	1
yuan yu cong que	渊鱼丛雀	1
du zhi zui	渎职罪	1
jian bu ke zhang	渐不可长	1
jian ren mo yi	渐仁摩义	1
jian ren mo yi	渐仁摩谊	1
jian ru jia jing	渐入佳境	1
jian xian	渐显	1
jian ran	渐染	1
jian ru	渐洳	1
jian zi	渐渍	1
jian zhi jia jing	渐至佳境	1
mian chi	渑池	1
mian chi zhi gong	渑池之功	1
yu ren de li	渔人得利	1
yu duo qin mou	渔夺侵牟	1
yu zheng	渔政	1
yu weng de li	渔翁得利	1
yu yang pi gu	渔阳鞞鼓	1
du tou	渡头	1
zha tu	渣土	1
wen qing ding xing	温凊定省	1
wen su	温宿	1
wen xi shan zhen	温席扇枕	1
wen du biao	温度表	1
wen qing mo mo	温情脉脉	1
wen kong	温控	1
wen gu zhi xin	温故知新	1
wen zhen shan xi	温枕扇席	1
wen rou dun hou	温柔敦厚	1
wen run er ze	温润而泽	1
wen qin shan zhen	温衾扇枕	1
wen jue	温觉	1
gang wu	港务	1
gang wu ju	港务局	1
gang wu jian du	港务监督	1
gang wei er	港味儿	1
gang ke	港客	1
gang cha	港汊	1
gang jing	港警	1
gang huo	港货	1
gang zi	港资	1
ke chen wan hu	渴尘万斛	1
ke nian	渴念	1
ke pan	渴盼	1
ke ji ben quan	渴骥奔泉	1
you xing	游兴	1
you yong	游勇	1
you yi	游医	1
you hui mo zhuan	游回磨转	1
you yuan hui	游园会	1
you shan wan jing	游山玩景	1
you lang	游廊	1
you bi you fang	游必有方	1
you si wang xiang	游思妄想	1
you xi san mei	游戏三昧	1
you xi ren shi	游戏人世	1
you xi ren jian	游戏人间	1
you xi ka	游戏卡	1
you xi chen huan	游戏尘寰	1
you xi bi mo	游戏笔墨	1
you xi han mo	游戏翰墨	1
you shou hao xian	游手好闲	1
you biao ka chi	游标卡尺	1
you yong ku cha	游泳裤衩	1
you mu cheng guan	游目骋观	1
you yi bu ding	游移不定	1
you cheng	游程	1
you yi ji	游艺机	1
you dang bu ji	游荡不羁	1
you feng xi die	游蜂戏蝶	1
you yu	游鱼	1
miao bu zu dao	渺不足道	1
miao wu yin xin	渺无音信	1
miao miao	渺渺	1
miao yuan	渺远	1
jian xi	湔洗	1
hu guang	湖光	1
hu bei da gu	湖北大鼓	1
hu guang	湖广	1
hu xin	湖心	1
hu cha	湖汊	1
hu ze	湖泽	1
hu tian	湖田	1
hu bi	湖笔	1
hu lv	湖绿	1
hu se	湖色	1
hu lan	湖蓝	1
xiang fu ren	湘夫人	1
xiang fei zhu	湘妃竹	1
xiang fang yan	湘方言	1
xiang lian	湘莲	1
xiang yu	湘语	1
zhan en wang hui	湛恩汪濊	1
jiao ai	湫隘	1
yan mo	湮没	1
yan mo wu wen	湮没无闻	1
wan tou	湾头	1
wan bo	湾泊	1
shi hu hu	湿乎乎	1
shi du ji	湿度计	1
shi lin lin	湿淋淋	1
shi rou ban gan chai	湿肉伴干柴	1
kui bu cheng jun	溃不成军	1
kui luan	溃乱	1
kui bing	溃兵	1
kui bing you yong	溃兵游勇	1
kui jun	溃军	1
kui jue	溃决	1
kui wei	溃围	1
kui di	溃堤	1
kui san	溃散	1
kui min	溃民	1
kui mie	溃灭	1
hui nong	溃脓	1
kui bai	溃败	1
kui tui	溃退	1
kui tao	溃逃	1
jian she	溅射	1
jian shui	溅水	1
jian wu	溅污	1
jian shi	溅湿	1
jian luo	溅落	1
tang bian	溏便	1
yuan di	源地	1
yuan tou huo shui	源头活水	1
yuan quan wan hu	源泉万斛	1
yuan yuan	源源	1
yuan yuan bu jue	源源不绝	1
ke xian zhao lu	溘先朝露	1
ke ran chang wang	溘然长往	1
ke ran chang shi	溘然长逝	1
liu zhi hu ye	溜之乎也	1
liu zhi da ji	溜之大吉	1
liu guang	溜光	1
liu bing chang	溜冰场	1
liu hao	溜号	1
liu yuan	溜圆	1
liu zi	溜子	1
liu kai	溜开	1
liu diao	溜掉	1
liu han bing	溜旱冰	1
liu cao	溜槽	1
liu liu zhuan	溜溜转	1
liu hua	溜滑	1
liu suo	溜索	1
liu jian bang	溜肩膀	1
liu bian	溜边	1
liu xu pai ma	溜须拍马	1
yi mei	溢美	1
yi mei zhi yu	溢美之语	1
yi mei yi wu	溢美溢恶	1
pu tian tong qing	溥天同庆	1
pu tian shuai tu	溥天率土	1
su shui xing zhou	溯水行舟	1
su liu zhui yuan	溯流追源	1
su duan jing wei	溯端竟委	1
yin liu	溵溜	1
rong he	溶合	1
rong dou	溶斗	1
rong rong	溶溶	1
rong xue	溶血	1
rong jie du	溶解度	1
ni ying	溺婴	1
ni xin mie zhi	溺心灭质	1
ni si	溺死	1
ru shu	溽暑	1
ru re	溽热	1
pang tuo da yu	滂沱大雨	1
dian ju	滇剧	1
zi man nan tu	滋蔓难图	1
zi zhang	滋长	1
hua bu ji liu	滑不唧溜	1
hua bing chang	滑冰场	1
hua tian xia zhi da ji	滑天下之大稽	1
hua tou	滑头	1
hua tou hua nao	滑头滑脑	1
hua nen	滑嫩	1
hua ni yang bo	滑泥扬波	1
hua run	滑润	1
hua liu	滑溜	1
hua shuang	滑爽	1
hua shi	滑石	1
hua shi fen	滑石粉	1
hua ji ju	滑稽剧	1
hua ji xi	滑稽戏	1
hua che	滑车	1
hua dao	滑道	1
hua xue shan	滑雪衫	1
tao tian	滔天	1
tao tian da zui	滔天大罪	1
tao tian zui xing	滔天罪行	1
tao tao bu jin	滔滔不尽	1
tao tao bu duan	滔滔不断	1
tao tao bu jie	滔滔不竭	1
tao tao gu gu	滔滔汩汩	1
gun dong shi	滚动式	1
gun dong zhou cheng	滚动轴承	1
gun mu	滚木	1
gun zhu zhou cheng	滚柱轴承	1
gun ti	滚梯	1
gun re	滚热	1
gun zhu zhou cheng	滚珠轴承	1
gun fan	滚翻	1
gun luo	滚落	1
gun zhou	滚轴	1
gun xue qiu	滚雪球	1
gun lei	滚雷	1
zhi hong	滞洪	1
man bu zai hu	满不在乎	1
man bu zai yi	满不在意	1
man qin	满勤	1
man yuan	满员	1
man zuo feng sheng	满坐风生	1
man cheng feng yu	满城风雨	1
man tang hong	满堂红	1
man chu	满处	1
man tian xing dou	满天星斗	1
man zuo feng sheng	满座风生	1
man huai xin xin	满怀信心	1
man da man suan	满打满算	1
man qi	满期	1
man jiang hong	满江红	1
man man dang dang	满满当当	1
man mu qi liang	满目凄凉	1
man zhi kong yan	满纸空言	1
man er bu yi	满而不溢	1
man lian chun feng	满脸春风	1
man fu lao sao	满腹牢骚	1
man fu hu yi	满腹狐疑	1
man fu yi tuan	满腹疑团	1
man fu jing lun	满腹经纶	1
man xiu chun feng	满袖春风	1
man fu he	满负荷	1
man zai er gui	满载而归	1
man mian chun feng	满面春风	1
man mian hong guang	满面红光	1
lv guo	滤过	1
lan fa	滥发	1
lan bu	滥捕	1
lan yu chong shu	滥竽充数	1
lan diao	滥调	1
bin hai qu	滨海区	1
tan di	滩地	1
tan tou	滩头	1
tan yang	滩羊	1
di shui bu lou	滴水不漏	1
di shui bu chan	滴水不羼	1
di shui chuan shi	滴水穿石	1
di shui nan xiao	滴水难消	1
di tang	滴淌	1
di liu er	滴溜儿	1
di liu liu	滴溜溜	1
di di da da	滴滴答答	1
di chong	滴虫	1
di lu yan zhu	滴露研朱	1
di lu yan zhu	滴露研珠	1
piao liang hua	漂亮话	1
piao er	漂儿	1
piao ran	漂染	1
piao mu jin fan	漂母进饭	1
piao bo wu ding	漂泊无定	1
piao xi	漂洗	1
piao hai	漂海	1
piao you	漂游	1
piao bai fen	漂白粉	1
piao li	漂砾	1
piao peng duan geng	漂蓬断梗	1
piao ling peng duan	漂零蓬断	1
qi bao xian	漆包线	1
qi jiang	漆匠	1
qi hua	漆画	1
qi pi	漆皮	1
lou guang	漏光	1
lou zhi nan man	漏卮难满	1
lou ye	漏夜	1
lou zi	漏子	1
lou jin geng lan	漏尽更阑	1
lou jin zhong ming	漏尽钟鸣	1
lou jin zhong ming	漏尽锺鸣	1
lou bao	漏报	1
lou jian	漏检	1
lou xie	漏泄	1
lou xie tian ji	漏泄天机	1
lou xie chun guang	漏泄春光	1
lou wang	漏网	1
lou feng	漏风	1
yan bing chang	演兵场	1
yan zou jia	演奏家	1
yan bo ting	演播厅	1
yan qi	演期	1
yan zhi yuan	演职员	1
mo bu guan xin	漠不关心	1
mo bu xiang guan	漠不相关	1
mo bei	漠北	1
mo nan	漠南	1
mo mo	漠漠	1
han zang	漢藏	1
man bu jia yi	漫不加意	1
man bu jing yi	漫不经意	1
man juan	漫卷	1
man fan she	漫反射	1
man di man tian	漫地漫天	1
man tian za di	漫天匝地	1
man tian jiao jia	漫天叫价	1
man tian da huang	漫天大谎	1
man tian kai jia	漫天开价	1
man tian yan di	漫天掩地	1
man tian gai di	漫天盖地	1
man tian yao jia	漫天要价	1
man tian guo hai	漫天过海	1
man tian bian di	漫天遍地	1
man shan sai ye	漫山塞野	1
man tiao si li	漫条斯理	1
man liu	漫流	1
man guan	漫灌	1
man bi	漫笔	1
man cang hui dao	漫藏诲盗	1
man hua	漫话	1
man shuo	漫说	1
man dao	漫道	1
ta he	漯河	1
shu xi	漱洗	1
shu liu zhen shi	漱流枕石	1
shu shi zhen liu	漱石枕流	1
xiao sa feng liu	潇洒风流	1
lian yan	潋滟	1
pan duo la	潘多拉	1
pan wen le zhi	潘文乐旨	1
qian xiu yin de	潜休隐德	1
qian guang yin de	潜光隐德	1
qian guang yin yao	潜光隐耀	1
qian tai ci	潜台词	1
qian hui	潜回	1
qian shan yin shi	潜山隐市	1
qian de mi xing	潜德秘行	1
qian de yin xing	潜德隐行	1
qian shui beng	潜水泵	1
qian liu	潜流	1
qian xiao mo hua	潜消默化	1
qian zi an zhang	潜滋暗长	1
qian ru mo hua	潜濡默化	1
qian ru mo bei	潜濡默被	1
qian shen hei gui	潜神嘿规	1
qian yi hei duo	潜移嘿夺	1
qian yi an hua	潜移暗化	1
qian yi mo zhuan	潜移默转	1
qian jing yan si	潜精研思	1
qian jing ji si	潜精积思	1
qian hang	潜航	1
qian xue	潜血	1
qian zong yin ji	潜踪隐迹	1
qian fan	潜返	1
qian yin	潜隐	1
huang chi nong bing	潢池弄兵	1
huang chi dao nong	潢池盗弄	1
liao dao	潦倒	1
lao yuan jin tian	潦原浸天	1
liao cao	潦草	1
chao hu hu	潮乎乎	1
chao ju	潮剧	1
chao tou	潮头	1
chao cha	潮差	1
chao yong	潮涌	1
chao run	潮润	1
chao zhang chao luo	潮涨潮落	1
chao hong	潮红	1
chao jie	潮解	1
shan shan	潸潸	1
shan ran	潸然	1
cheng jing	澄净	1
cheng si miao lv	澄思渺虑	1
cheng ming	澄明	1
cheng jiang	澄江	1
cheng jiang ru lian	澄江如练	1
cheng tai	澄汰	1
deng sha	澄沙	1
deng sha tai li	澄沙汰砾	1
cheng qing tian xia	澄清天下	1
cheng che	澄澈	1
cheng bi	澄碧	1
cheng shen li xing	澄神离形	1
deng jie	澄结	1
cheng ying	澄莹	1
che di cheng qing	澈底澄清	1
lan dao bo sui	澜倒波随	1
ao da li ya ren	澳大利亚人	1
ao kang	澳抗	1
tan tai	澹台	1
dan bo gua yu	澹泊寡欲	1
dan dan	澹澹	1
ji guang zhao pai	激光照排	1
ji qie	激切	1
ji bian	激变	1
ji jiang	激将	1
ji jiang fa	激将法	1
ji fen tian ying	激忿填膺	1
ji yang	激扬	1
ji bo ting jiao	激薄停浇	1
ji jin fen zi	激进分子	1
ji jin pai	激进派	1
hao liang zhi shang	濠梁之上	1
zhuo wu yang qing	濯污扬清	1
zhuo zhuo	濯濯	1
zhuo zu zhuo ying	濯足濯缨	1
han hai	瀚海	1
ying tai	瀛台	1
guan zhi	灌制	1
guan fu ma zuo	灌夫骂坐	1
guan fu ma zuo	灌夫骂座	1
guan xi	灌洗	1
guan jiang	灌浆	1
guan qu	灌渠	1
guan gai qu	灌溉渠	1
guan mi tang	灌米汤	1
guan ding	灌顶	1
huo shang jia you	火上加油	1
huo shang nong bing	火上弄冰	1
huo shang jiao you	火上浇油	1
huo shang tian you	火上添油	1
huo zhong qu li	火中取栗	1
huo mao san zhang	火冒三丈	1
huo mao san chi	火冒三尺	1
huo li fa dian	火力发电	1
huo hua chang	火化场	1
huo chang	火场	1
huo fu	火夫	1
huo tou	火头	1
huo tou shang	火头上	1
huo tou jun	火头军	1
huo qi hui zi	火妻灰子	1
huo jin hui leng	火尽灰冷	1
huo jin xin chuan	火尽薪传	1
huo shan tang hai	火山汤海	1
huo bing	火并	1
huo ji huo liao	火急火燎	1
huo ba jie	火把节	1
huo nian	火捻	1
huo xing zi	火星子	1
huo ju ji hua	火炬计划	1
huo shao huo liao	火烧火燎	1
huo ta	火燵	1
huo dian zhan	火电站	1
huo shi	火石	1
huo long	火笼	1
huo jian pao	火箭炮	1
huo guan er	火罐儿	1
huo geng shui zhong	火耕水种	1
huo geng liu zhong	火耕流种	1
huo yao ku	火药库	1
huo she	火蛇	1
mie ying zhui feng	灭景追风	1
mie ci zhao shi	灭此朝食	1
mie huo ji	灭火剂	1
mie zhong	灭种	1
deng tai	灯台	1
deng tou	灯头	1
deng jin you gan	灯尽油干	1
deng nian	灯捻	1
deng yun	灯晕	1
deng huo wan jia	灯火万家	1
deng long ku	灯笼裤	1
deng jie	灯节	1
deng xin	灯芯	1
deng e pu huo	灯蛾扑火	1
deng yu	灯语	1
hui bu liu diu	灰不溜丢	1
hui fen	灰分	1
hui hua	灰化	1
hui tou tu lian	灰头土脸	1
hui tou tu mian	灰头土面	1
hui xin sang yi	灰心丧意	1
hui xin sang qi	灰心丧气	1
hui chen chen	灰沉沉	1
hui sha	灰沙	1
hui jiang	灰浆	1
hui liu liu	灰溜溜	1
hui se shou ru	灰色收入	1
hui zhi	灰质	1
hui shen fen gu	灰身粉骨	1
hui qu mi gu	灰躯糜骨	1
ling bian	灵便	1
ling mao	灵猫	1
ling zhi cao	灵芝草	1
ling she	灵蛇	1
ling she zhi zhu	灵蛇之珠	1
ling che	灵车	1
ling zhang mu	灵长目	1
zao tai	灶台	1
zao tou	灶头	1
zao wang ye	灶王爷	1
zao jian	灶间	1
jiu ai fen tong	灸艾分痛	1
zhuo ai fen tong	灼艾分痛	1
zhuo jian	灼见	1
zhuo jian zhen zhi	灼见真知	1
zai nan shen zhong	灾难深重	1
can ruo fan xing	灿若繁星	1
lu tai	炉台	1
lu wa	炉瓦	1
lu gan shi	炉甘石	1
lu bi zi	炉箅子	1
lu men	炉门	1
chui shi yuan	炊事员	1
chui shi ban	炊事班	1
chui sha zuo mi	炊沙作糜	1
chui sha zuo fan	炊沙作饭	1
chui sha cheng fan	炊沙成饭	1
chui sha lou bing	炊沙镂冰	1
chui xian lu qing	炊鲜漉清	1
yan liang	炎凉	1
yan liang shi tai	炎凉世态	1
chao di pi	炒地皮	1
chao gan er	炒肝儿	1
kang ji	炕几	1
kang tou	炕头	1
kang shao	炕梢	1
xuan qi zheng sheng	炫奇争胜	1
xuan qiao dou yan	炫巧斗妍	1
xuan yi zheng qi	炫异争奇	1
xuan nong	炫弄	1
xuan zhou gao ye	炫昼缟夜	1
xuan yu gu shi	炫玉贾石	1
xuan shi wei yu	炫石为玉	1
tan hua	炭化	1
tan huo pen	炭火盆	1
pao zhang	炮仗	1
pao wei	炮位	1
pao feng peng long	炮凤烹龙	1
pao ji	炮击	1
pao kou	炮口	1
pao ta	炮塔	1
pao zi er	炮子儿	1
pao zuo	炮座	1
pao zhan	炮战	1
pao shou	炮手	1
pao lou	炮楼	1
pao huo lian tian	炮火连天	1
pao luo	炮烙	1
pao yan	炮眼	1
pao zhu	炮竹	1
pao tong zi	炮筒子	1
pao tang	炮膛	1
pao jian	炮舰	1
pao ting	炮艇	1
pao yi	炮衣	1
pao che	炮车	1
pao long peng feng	炮龙烹凤	1
jiong jiong you shen	炯炯有神	1
fou bie kuai li	炰鳖脍鲤	1
bing ru guan huo	炳如观火	1
bing ruo ri xing	炳若日星	1
bing ruo guan huo	炳若观火	1
zha wan zi	炸丸子	1
zha yuan xiao	炸元宵	1
zha tu dou tiao	炸土豆条	1
zha dan keng	炸弹坑	1
zha you tiao	炸油条	1
zha you bing	炸油饼	1
zha peng da xia	炸烹大虾	1
zha po	炸破	1
zha sui	炸碎	1
zha wo	炸窝	1
zha gao	炸糕	1
zha rou wan zi	炸肉丸子	1
zha yao bao	炸药包	1
zha xia	炸虾	1
zha lie	炸裂	1
zha jiang	炸酱	1
zha guo	炸锅	1
zha lei	炸雷	1
zha yu	炸鱼	1
zha ji dan	炸鸡蛋	1
dian hua	点化	1
dian fa	点发	1
dian hao	点号	1
dian tou zhi jiao	点头之交	1
dian tou hui yi	点头会意	1
dian tou za zui	点头咂嘴	1
dian tou ha yao	点头哈腰	1
dian she	点射	1
dian jiang	点将	1
dian xin rang zi	点心瓤子	1
dian shou hua jiao	点手划脚	1
dian zhi hua jiao	点指划脚	1
dian shui bu lou	点水不漏	1
dian pao	点炮	1
dian zhao	点着	1
dian shi wei jin	点石为金	1
dian shi cheng jin	点石成金	1
dian zhong	点种	1
dian xiong xi yan	点胸洗眼	1
dian jin fa shu	点金乏术	1
dian jin wu shu	点金无术	1
lian ju	炼句	1
lian shi bu tian	炼石补天	1
lian jin shu	炼金术	1
chi sheng	炽盛	1
shuo shi liu jin	烁石流金	1
lan ni	烂泥	1
lan ni tang	烂泥塘	1
lan hu	烂糊	1
lan ruo pi zhang	烂若披掌	1
lan ruo pi jin	烂若披锦	1
lan ruo shu jin	烂若舒锦	1
lan zui ru ni	烂醉如泥	1
lan e jiao tou	烂额焦头	1
lie jun shu	烈军属	1
lie nv	烈女	1
lie shu	烈属	1
lie du	烈度	1
lie huo gan chai	烈火干柴	1
lie huo jian zhen jin	烈火见真金	1
lie feng	烈风	1
hong tang da xiao	烘堂大笑	1
hong gan ji	烘干机	1
hong fang	烘房	1
hong long	烘笼	1
lao hen	烙痕	1
lao hua	烙花	1
lao tie	烙铁	1
lao bing	烙饼	1
zhu tai	烛台	1
zhu zhao shu ji	烛照数计	1
yan bu chu huo bu jin	烟不出火不进	1
yan yun guo yan	烟云过眼	1
yan juan	烟卷	1
yan juan er	烟卷儿	1
yan zui er	烟嘴儿	1
yan mu dan	烟幕弹	1
yan gan	烟杆	1
yan du	烟毒	1
yan pao	烟泡	1
yan xiao wu san	烟消雾散	1
yan xun huo liao	烟熏火燎	1
yan tong	烟筒	1
yan ju bo shu	烟聚波属	1
yan gao	烟膏	1
yan hua feng yue	烟花风月	1
yan suo yu li	烟蓑雨笠	1
yan shi mei xing	烟视媚行	1
yan wu dan	烟雾弹	1
yan fei yu san	烟霏雨散	1
yan fei xing san	烟飞星散	1
kao zhi	烤制	1
fan du	烦渎	1
fan nan	烦难	1
shao hua	烧化	1
shao xi guan huo	烧犀观火	1
hui bing	烩饼	1
tang tou	烫头	1
tang xi	烫洗	1
re zhong	热中	1
re chuan dao	热传导	1
re gong dang liang	热功当量	1
re hua	热化	1
re ya	热压	1
re ke zhi shou	热可炙手	1
re huo	热和	1
re hong hong	热哄哄	1
re di	热地	1
re de kuai	热得快	1
re xiao ying	热效应	1
re he fan ying	热核反应	1
re he zha dan	热核炸弹	1
re du	热毒	1
re shui zao	热水澡	1
re tang	热汤	1
re ao fan bing	热熬翻饼	1
re zheng	热症	1
re luo	热络	1
re cai	热菜	1
re xue dong wu	热血动物	1
re fu she	热辐射	1
re guo shang de ma yi	热锅上的蚂蚁	1
re guo shang ma yi	热锅上蚂蚁	1
re guo shang lou yi	热锅上蝼蚁	1
peng quan cang gong	烹犬藏弓	1
peng gou cang gong	烹狗藏弓	1
peng long pao feng	烹龙炮凤	1
feng huo tai	烽火台	1
feng huo xiang lian	烽火相连	1
feng gu bu xi	烽鼓不息	1
bei gan	焙干	1
fen hua	焚化	1
fen lin jie ze	焚林竭泽	1
fen ku shi dan	焚枯食淡	1
fen gao ji gui	焚膏继晷	1
fen feng	焚风	1
fen xiang sao di	焚香扫地	1
fen gu yang hui	焚骨扬灰	1
jiao chun gan fei	焦唇干肺	1
jiao chun gan she	焦唇干舌	1
jiao quan er	焦圈儿	1
jiao gan	焦干	1
jiao xin lao si	焦心劳思	1
jiao xin re zhong	焦心热中	1
jiao si	焦思	1
jiao si ku lv	焦思苦虑	1
jiao sha lan shi	焦沙烂石	1
jiao hu	焦煳	1
jiao ao tou shi	焦熬投石	1
jiao hu	焦糊	1
jiao jin liu shi	焦金流石	1
jiao jin shuo shi	焦金烁石	1
xin tian shuo di	焮天铄地	1
ran di du shu	然荻读书	1
jian zha	煎炸	1
sha zhu	煞住	1
sha wei	煞尾	1
sha xing	煞星	1
sha you jie shi	煞有介事	1
sha qi	煞气	1
sha bai	煞白	1
sha shen	煞神	1
sha fei xin ji	煞费心机	1
sha fei ku xin	煞费苦心	1
sha che	煞车	1
sha feng jing	煞风景	1
mei chen	煤尘	1
mei hu er	煤核儿	1
mei du	煤毒	1
mei qi lu	煤气炉	1
mei qi guan	煤气管	1
mei qi biao	煤气表	1
mei you lu	煤油炉	1
mei xun	煤熏	1
mei gan shi	煤矸石	1
mei bing	煤饼	1
zhao hui	照会	1
zhao gong xing shang	照功行赏	1
zhao fa	照发	1
zhao du	照度	1
zhao fu	照拂	1
zhao pai ji	照排机	1
zhao ming dan	照明弹	1
zhao ming deng	照明灯	1
zhao mao hua hu	照猫画虎	1
zhao xiang ban	照相版	1
zhao xiang bu	照相簿	1
zhao xiang zhi	照相纸	1
zhao jian	照见	1
zhao shuo	照说	1
zhao mian er	照面儿	1
wei gan jiu shi	煨干就湿	1
wei gan bi shi	煨干避湿	1
zhu zhou fen xu	煮粥焚须	1
shan feng dian huo	煽风点火	1
xiong ju hu zhi	熊据虎跱	1
xiong zhua zi	熊爪子	1
xiong pi bai wan	熊罴百万	1
xiong yao hu bei	熊腰虎背	1
xun dao	熏倒	1
xun zhi	熏制	1
xun tian he di	熏天赫地	1
xun ran	熏染	1
xun xun	熏熏	1
xun zhao	熏着	1
xun you bu tong qi	熏莸不同器	1
xun you tong qi	熏莸同器	1
xun zheng ji	熏蒸剂	1
xun wen zi	熏蚊子	1
xun dou fu	熏豆腐	1
xun tou	熏透	1
xun tao cheng xing	熏陶成性	1
xun feng	熏风	1
xun feng jie yun	熏风解愠	1
xun xiang	熏香	1
xun yu	熏鱼	1
xun ji	熏鸡	1
rong jie	熔解	1
xi he	熙和	1
shu hua	熟化	1
shu di	熟地	1
shu si	熟思	1
shu si shen chu	熟思审处	1
shu shi hui	熟石灰	1
shu shi gao	熟石膏	1
shu neng sheng qiao	熟能生巧	1
shu yu	熟语	1
shu du shen si	熟读深思	1
shu lu qing che	熟路轻车	1
yu tie	熨帖	1
yun dou	熨斗	1
yun tang	熨烫	1
ao chu tou	熬出头	1
ao jiang xia cu	熬姜呷醋	1
ao xin	熬心	1
ao xin fei li	熬心费力	1
ao geng shou ye	熬更守夜	1
ao ku shou dan	熬枯受淡	1
ao you fei huo	熬油费火	1
ao qing shou dan	熬清受淡	1
ao qing shou dan	熬清守淡	1
ao qing shou tan	熬清守谈	1
ao jian	熬煎	1
ao ao	熬熬	1
ao chang gua du	熬肠刮肚	1
han tian chi di	熯天炽地	1
ran shao dan	燃烧弹	1
ran shao zha dan	燃烧炸弹	1
jiao tou lan e	燋头烂额	1
jiao jin shuo shi	燋金烁石	1
liao yuan	燎原	1
liao yuan lie huo	燎原烈火	1
liao fa cui ku	燎发摧枯	1
liao ru guan huo	燎如观火	1
liao pao	燎泡	1
liao ruo guan huo	燎若观火	1
yan lv ying chou	燕侣莺俦	1
yan chou ying lv	燕俦莺侣	1
yan er	燕儿	1
yan chu wei chao	燕处危巢	1
yan chu fen chao	燕处焚巢	1
yan du ying can	燕妒莺惭	1
yan zi xian shi	燕子衔食	1
yan an dan du	燕安酖毒	1
yan an zhen du	燕安鸩毒	1
yan er	燕尔	1
yan er xin hun	燕尔新婚	1
yan wei	燕尾	1
yan wei fu	燕尾服	1
yan ju	燕居	1
yan dai zhi shi	燕岱之石	1
yan chao yu mu	燕巢于幕	1
yan chao wei mu	燕巢卫幕	1
yan chao wei mu	燕巢危幕	1
yan chao mu shang	燕巢幕上	1
yan chao mu shang	燕巢幙上	1
yan chao fei mu	燕巢飞幕	1
yan shi bei ge	燕市悲歌	1
yan mu zi an	燕幕自安	1
yan zhao hao ma	燕昭好马	1
yan zhao shi jun	燕昭市骏	1
yan ge zhao wu	燕歌赵舞	1
yan yan yu gui	燕燕于归	1
yan yan ying ying	燕燕莺莺	1
yan shou huan fei	燕瘦环肥	1
yan shi wang zhen	燕石妄珍	1
yan yue ying qi	燕约莺期	1
yan yi yi mou	燕翼贻谋	1
yan wu ying ti	燕舞莺啼	1
yan wu ying ge	燕舞莺歌	1
yan yu ying ti	燕语莺啼	1
yan yu ying sheng	燕语莺声	1
yan zhao	燕赵	1
yan yue hu yong	燕跃鹄踊	1
yan jin mu xiu	燕金募秀	1
yan que	燕雀	1
yan que zhi ju	燕雀之居	1
yan que zhi jian	燕雀之见	1
yan que chu tang	燕雀处堂	1
yan que chu wu	燕雀处屋	1
yan que an zhi hong hu zhi zhi	燕雀安知鸿鹄之志	1
yan que an zhi hong hu zhi	燕雀安知鸿鹄志	1
yan que qi zhi diao e zhi	燕雀岂知雕鹗志	1
yan que xiang he	燕雀相贺	1
yan yan dai fei	燕雁代飞	1
yan han shu sheng	燕颔书生	1
yan han ru sheng	燕颔儒生	1
yan han hu tou	燕颔虎头	1
yan han hu xu	燕颔虎须	1
yan han hu jing	燕颔虎颈	1
yan han qiu xu	燕颔虬须	1
yan e hu tou	燕额虎头	1
yan jia yue gu	燕驾越毂	1
yan jun qian jin	燕骏千金	1
yan mai zhou	燕麦粥	1
zao lie	燥裂	1
sui ren shi	燧人氏	1
sui shi	燧石	1
bao po zha dan	爆破炸弹	1
bao tiao ru lei	爆跳如雷	1
zhua er	爪儿	1
zhao wa	爪哇	1
zhua jian er	爪尖儿	1
zhao ya	爪牙	1
pa po	爬坡	1
pa shu xi ti	爬梳洗剔	1
pa xing dong wu	爬行动物	1
ai bu ren shi	爱不忍释	1
ai li she gong	爱丽舍宫	1
ai zhi yu qi sheng	爱之欲其生	1
ai ren hao shi	爱人好士	1
ai bie li ku	爱别离苦	1
ai bo er qing bu zhuan	爱博而情不专	1
ai guo ru jia	爱国如家	1
ai zeng fen ming	爱憎分明	1
ai cai ruo ke	爱才若渴	1
ai si ji mo ren	爱斯基摩人	1
ai sha ni ya ren	爱沙尼亚人	1
ai sheng wu si	爱生恶死	1
ai li cun yang	爱礼存羊	1
ai cheng	爱称	1
ai da bu li	爱答不理	1
ai su hao gu	爱素好古	1
ai mo zhi zhu	爱莫之助	1
ai mo neng zhu	爱莫能助	1
ai mian zi	爱面子	1
jue shi yin yue	爵士音乐	1
fu ye	父业	1
fu yan zi xiao	父严子孝	1
fu wei zi yin	父为子隐	1
fu zhai zi huan	父债子还	1
fu xiong	父兄	1
fu ci zi xiao	父慈子孝	1
fu zhi	父执	1
fu ben	父本	1
fu quan	父权	1
fu quan zhi	父权制	1
fu xi zi he	父析子荷	1
fu mu zhi bang	父母之邦	1
fu mu guan	父母官	1
fu mu en qin	父母恩勤	1
fu xi	父系	1
fu lao	父老	1
fu xun	父训	1
shuang xin huo mu	爽心豁目	1
shuang ran ruo shi	爽然若失	1
pian yun zhe ding	片云遮顶	1
pian jia ming	片假名	1
pian er	片儿	1
pian er tang	片儿汤	1
pian guang ling yu	片光零羽	1
pian ji	片剂	1
pian jie cun fu	片接寸附	1
pian wen zhi shi	片文只事	1
pian shi	片时	1
pian wa	片瓦	1
pian wa bu liu	片瓦不留	1
pian wa wu cun	片瓦无存	1
pian jia bu hui	片甲不回	1
pian jia bu cun	片甲不存	1
pian jia bu liu	片甲不留	1
pian jia bu huan	片甲不还	1
pian jia wu cun	片甲无存	1
pian zhi zhi zi	片纸只字	1
pian yan	片言	1
pian yan yi zi	片言一字	1
pian yan zhi zi	片言只字	1
pian yan zhi yu	片言只语	1
pian yan zhe yu	片言折狱	1
pian ci zhi ju	片词只句	1
pian yu	片语	1
pian yu zhi ci	片语只辞	1
pian chang mo ji	片长末技	1
pian chang bo ji	片长薄技	1
pian mian xing	片面性	1
pian lin ban zhao	片鳞半爪	1
pian lin zhi jia	片鳞只甲	1
pian lin can jia	片鳞残甲	1
pian lin sui jia	片鳞碎甲	1
ban ban liu shi si	版版六十四	1
ban zhu	版筑	1
ban zhu fan niu	版筑饭牛	1
pai jia	牌价	1
pai er	牌儿	1
pai feng	牌风	1
you zhong kui ri	牖中窥日	1
ya ya xue yu	牙牙学语	1
ya shi	牙石	1
ya chen	牙碜	1
ya qian wan zhou	牙签万轴	1
ya qian xi zhou	牙签犀轴	1
ya qian yu zhou	牙签玉轴	1
ya qian jin zhou	牙签锦轴	1
ya feng	牙缝	1
ya gang	牙缸	1
niu bu he shui qiang an tou	牛不喝水强按头	1
niu zai fu	牛仔服	1
niu jin	牛劲	1
niu ting tan qin	牛听弹琴	1
niu juan	牛圈	1
niu tou bu dui ma zui	牛头不对马嘴	1
niu tou bu dui ma mian	牛头不对马面	1
niu tou bao	牛头刨	1
niu tou ma mian	牛头马面	1
niu ba	牛扒	1
niu xing zhi nv	牛星织女	1
niu mao xi yu	牛毛细雨	1
niu mao yu	牛毛雨	1
niu sou ma bo	牛溲马勃	1
niu du zi	牛犊子	1
niu wen	牛瘟	1
niu yang wu jian	牛羊勿践	1
niu du	牛肚	1
niu bang zi	牛蒡子	1
niu jiao zhi ge	牛角之歌	1
niu jiao shu sheng	牛角书生	1
niu jiao jian	牛角尖	1
niu jiao gua shu	牛角挂书	1
niu ti zhong yu	牛蹄中鱼	1
niu che	牛车	1
niu lang xing	牛郎星	1
niu lang zhi nv	牛郎织女	1
niu yang	牛鞅	1
niu ji gong lao	牛骥共牢	1
niu ji tong cao	牛骥同槽	1
niu ji tong zao	牛骥同皁	1
niu ji tong zao	牛骥同皂	1
niu gao ma da	牛高马大	1
niu gui she shen	牛鬼蛇神	1
mou qu	牟取	1
mu ping	牟平	1
mu dan hua	牡丹花	1
lao bu ke po	牢不可破	1
lao shi gu zi	牢什古子	1
lao du	牢度	1
lao long	牢笼	1
lao sao man fu	牢骚满腹	1
mu di	牧地	1
mu zhu nu xi	牧猪奴戏	1
mu xu	牧畜	1
mu yang ren	牧羊人	1
wu yi xi wei gui	物以希为贵	1
wu yi xi wei gui	物以稀为贵	1
wu yi qun fen	物以群分	1
wu shang qi lei	物伤其类	1
wu hua	物华	1
wu hua tian bao	物华天宝	1
wu zai ren wang	物在人亡	1
wu jin qi yong	物尽其用	1
wu ji jiang fan	物极将返	1
wu yin su fu	物殷俗阜	1
wu li hua xue	物理化学	1
wu li bian hua	物理变化	1
wu li liang	物理量	1
wu xi wei gui	物稀为贵	1
wu jing tian ze	物竞天择	1
wu hao	物耗	1
gu niu	牯牛	1
qian yi fa er dong quan shen	牵一发而动全身	1
qian he fu hui	牵合傅会	1
qian he fu hui	牵合附会	1
qian yin fu hui	牵引附会	1
qian qiang fu hui	牵强附会	1
qian qiang fu he	牵强附合	1
qian la	牵拉	1
qian niu zhi nv	牵牛织女	1
qian zhe bi zi zou	牵着鼻子走	1
qian xi	牵系	1
qian lei	牵累	1
qian xian da qiao	牵线搭桥	1
qian yang dan jiu	牵羊担酒	1
qian chang ge du	牵肠割肚	1
qian chang gua du	牵肠挂肚	1
qian luo mo bu	牵萝莫补	1
qian yi zhou jian	牵衣肘见	1
qian gui shang jian	牵鬼上剑	1
te wei	特为	1
te you	特优	1
te ti	特体	1
te zhun	特准	1
te bie kuai che	特别快车	1
te xing yan yuan	特型演员	1
te da hao	特大号	1
te zhi	特徵	1
te pi	特批	1
te shu hua	特殊化	1
te shu jiao yu	特殊教育	1
te pai yuan	特派员	1
te zhong gong yi	特种工艺	1
te zhong you piao	特种邮票	1
te pin	特聘	1
te xing	特行	1
te qian bu dui	特遣部队	1
te chang sheng	特长生	1
xi jiao	犀角	1
xi jiao zhu guai	犀角烛怪	1
xi ding gui wen	犀顶龟文	1
li ting sao xue	犁庭扫穴	1
li ting sao lv	犁庭扫闾	1
li zhang	犁杖	1
li niu xing jiao	犁牛骍角	1
li sheng xing jiao	犁生骍角	1
li tian	犁田	1
ji jiao	犄角	1
du mu cai xin	犊牧采薪	1
qian wei	犍为	1
jian niu	犍牛	1
jiang jin	犟劲	1
quan tu ju bi	犬兔俱毙	1
quan ya pan shi	犬牙盘石	1
quan ya xiang zhi	犬牙相制	1
quan ya xiang cuo	犬牙相错	1
quan ya ying zhao	犬牙鹰爪	1
fan shang	犯上	1
fan shang zuo luan	犯上作乱	1
fan bu shang	犯不上	1
fan dei shang	犯得上	1
fan de zhao	犯得着	1
fan ji	犯急	1
fan yi	犯疑	1
fan jin	犯禁	1
fan zui xian yi ren	犯罪嫌疑人	1
fan er bu jiao	犯而不校	1
fan er wu xiao	犯而勿校	1
fan jie qi	犯节气	1
fan nan	犯难	1
zhuang yu	状语	1
you da	犹大	1
you tai jiao	犹太教	1
you yi	犹疑	1
you ruo	犹若	1
you jie dao xuan	犹解倒悬	1
kuang fei bi an	狂吠狴犴	1
kuang wang zi da	狂妄自大	1
kuang piao lan du	狂嫖滥赌	1
kuang xiang qu	狂想曲	1
kuang huan jie	狂欢节	1
kuang wu	狂舞	1
kuang hong lan zha	狂轰滥炸	1
kuang feng nu hao	狂风怒号	1
kuang feng e lang	狂风恶浪	1
kuang feng zhou yu	狂风骤雨	1
hu bu er xiong	狐不二雄	1
hu jia hu wei	狐假虎威	1
hu jia chi zhang	狐假鸱张	1
hu chang xiao he	狐唱枭和	1
hu mai hu yang	狐埋狐扬	1
hu mai hu hu	狐埋狐搰	1
hu ben shu cuan	狐奔鼠窜	1
hu li wei ba	狐狸尾巴	1
hu yi bu jue	狐疑不决	1
hu pi	狐皮	1
hu sao	狐臊	1
hu chou	狐臭	1
hu jie hu wei	狐藉虎威	1
hu qiu meng rong	狐裘尨茸	1
hu qiu meng rong	狐裘蒙戎	1
hu qiu meng rong	狐裘蒙茸	1
hu ming gou zhong	狐鸣篝中	1
gou kou li tu bu chu xiang ya	狗口里吐不出象牙	1
gou kou li sheng bu chu xiang ya	狗口里生不出象牙	1
gou fei bu jing	狗吠不惊	1
gou zui tu bu chu xiang ya	狗嘴吐不出象牙	1
gou zui li tu bu chu xiang ya	狗嘴里吐不出象牙	1
gou tou jun shi	狗头军师	1
gou tou shu nao	狗头鼠脑	1
gou wei xu diao	狗尾续貂	1
gou wei cao	狗尾草	1
gou wei diao xu	狗尾貂续	1
gou pi bu tong	狗屁不通	1
gou zhi bu ru	狗彘不如	1
gou zhi bu ruo	狗彘不若	1
gou zhi bu shi	狗彘不食	1
gou zhi bu shi qi yu	狗彘不食其余	1
gou xin gou xing	狗心狗行	1
gou ji tiao qiang	狗急跳墙	1
gou e jiu suan	狗恶酒酸	1
gou zhu bu shi qi yu	狗猪不食其余	1
gou pi gao yao	狗皮膏药	1
gou yan kan ren	狗眼看人	1
gou xu hou guan	狗续侯冠	1
gou xu diao wei	狗续貂尾	1
gou dan	狗胆	1
gou xue pen tou	狗血喷头	1
gou xue lin tou	狗血淋头	1
gou xing lang xin	狗行狼心	1
gou zhui hao zi	狗追耗子	1
ning e	狞恶	1
hen jin	狠劲	1
hen hua	狠话	1
jiao yan si qi	狡焉思启	1
jiao yan si si	狡焉思肆	1
jiao yan si cheng	狡焉思逞	1
shi kang ji mi	狧穅及米	1
du ge	独个	1
du ge er	独个儿	1
du ti	独体	1
du ju zhi yan	独具只眼	1
du chu ji jian	独出己见	1
du dao zhi chu	独到之处	1
du zhan ao tou	独占鳌头	1
du shan qi shen	独善其身	1
du shan wu shen	独善吾身	1
du fu	独夫	1
du fu min zei	独夫民贼	1
du zou qu	独奏曲	1
du nv	独女	1
du dang yi mian	独当一面	1
du de zhi jian	独得之见	1
du lan da quan	独揽大权	1
du duan zhuan xing	独断专行	1
du duan du xing	独断独行	1
du you qian gu	独有千古	1
du you qian qiu	独有千秋	1
du mu bu cheng lin	独木不成林	1
du mu bu lin	独木不林	1
du mu nan zhi	独木难支	1
du bu dang shi	独步当世	1
du bu dang shi	独步当时	1
du qing du xing	独清独醒	1
du sheng nv	独生女	1
du li wang guo	独立王国	1
du jiao xi	独脚戏	1
du xing qi shi	独行其是	1
du xing qi dao	独行其道	1
du xing du duan	独行独断	1
du xing ju ju	独行踽踽	1
du jiao	独角	1
du jiao xi	独角戏	1
du lun che	独轮车	1
du pi xi jing	独辟蹊径	1
xia xiang	狭巷	1
xia xin zheng	狭心症	1
xia feng	狭缝	1
xia lu xiang feng	狭路相逢	1
shi zi hui	狮子会	1
shi zi da kai kou	狮子大开口	1
shi zi tou	狮子头	1
yu yi	狱医	1
yu zu	狱卒	1
yu jing	狱警	1
bi an	狴犴	1
li mao	狸猫	1
lang hao gui ku	狼号鬼哭	1
lang chi fu tou	狼吃幞头	1
lang tun hu yan	狼吞虎咽	1
lang duo rou shao	狼多肉少	1
lang tou	狼头	1
lang ben tu tuo	狼奔兔脱	1
lang ben shi tu	狼奔豕突	1
lang ben shu tou	狼奔鼠偷	1
lang ben shu cuan	狼奔鼠窜	1
lang xin gou xing	狼心狗行	1
lang du	狼毒	1
lang yan da hua	狼烟大话	1
lang bei wan zhuang	狼狈万状	1
lang bei bu kan	狼狈不堪	1
lang bei wei jian	狼狈为奸	1
lang meng feng du	狼猛蜂毒	1
lang yang tong si	狼羊同饲	1
lang jian bei jue	狼艰狈蹶	1
lang ji	狼藉	1
lang gu hu yi	狼顾狐疑	1
lang can hu yan	狼飡虎咽	1
lang can hu shi	狼飡虎食	1
lang sun hu yan	狼飧虎咽	1
lang can hu yan	狼餐虎咽	1
lie zhuang	猎装	1
meng ke	猛可	1
cai duo	猜度	1
cai quan xing ling	猜拳行令	1
cai mei xing ling	猜枚行令	1
cai zhao	猜着	1
cai tou	猜透	1
cai men hu lu	猜闷葫芦	1
cu bu ji fang	猝不及防	1
xing hong	猩红	1
xing hong re	猩红热	1
zhu guan er	猪倌儿	1
zhu tou rou	猪头肉	1
zhu pai	猪排	1
zhu wo	猪窝	1
zhu long cao	猪笼草	1
zhu du	猪肚	1
zhu du er	猪肚儿	1
zhu she	猪舍	1
mao ku lao shu	猫哭老鼠	1
mao ku hao zi	猫哭耗子	1
mao shi ying wu	猫噬鹦鹉	1
mao zhua zi	猫爪子	1
mao er dong	猫耳洞	1
mao shu tong ru	猫鼠同乳	1
mao shu tong chu	猫鼠同处	1
mao shu tong mian	猫鼠同眠	1
xian ke ti fou	献可替否	1
xian pu zhi chen	献曝之忱	1
xian ti ke fou	献替可否	1
xian yin qin	献殷勤	1
xian yan	献演	1
xian xie	献血	1
hou er ji	猴儿急	1
hou tou	猴头	1
hou tou hou nao	猴头猴脑	1
hou tou jun	猴头菌	1
hou xi	猴戏	1
hou wang	猴王	1
yuan xue huai shan	猿穴坏山	1
yuan he sha chong	猿鹤沙虫	1
yuan he chong sha	猿鹤虫沙	1
zhang tou shu mu	獐头鼠目	1
zhang zi	獐子	1
zhang jun ma lu	獐麇马鹿	1
ta ji	獭祭	1
xuan can	玄参	1
xuan ao	玄奥	1
xuan miao mo ce	玄妙莫测	1
xuan sun	玄孙	1
xuan si	玄思	1
xuan mi	玄秘	1
xuan ci leng yu	玄辞冷语	1
xuan yuan	玄远	1
shuai yi wei chang	率以为常	1
shuai shou shi ren	率兽食人	1
shuai jun	率军	1
shuai tu tong qing	率土同庆	1
shuai tu zhai xin	率土宅心	1
shuai tu gui xin	率土归心	1
shuai er	率尔	1
shuai er cheng zhang	率尔成章	1
shuai er cao gu	率尔操觚	1
shuai ran	率然	1
shuai you jiu ze	率由旧则	1
shuai you jiu zhang	率由旧章	1
shuai zhi	率直	1
lv bu	率部	1
shuai ma yi ji	率马以骥	1
yu ti	玉体	1
yu fo	玉佛	1
yu lan pian	玉兰片	1
yu zhi wu dang	玉卮无当	1
yu ye jin zhi	玉叶金枝	1
yu chi liang cai	玉尺量才	1
yu cheng qi shi	玉成其事	1
yu cheng qi mei	玉成其美	1
yu shu lin feng	玉树临风	1
yu shu qiong zhi	玉树琼枝	1
yu lou fu zhao	玉楼赴召	1
yu hui du zhong	玉毁椟中	1
yu ye qiong jiang	玉液琼浆	1
yu ye jin jiang	玉液金浆	1
yu yan tou huai	玉燕投怀	1
yu huang da di	玉皇大帝	1
yu shi bu fen	玉石不分	1
yu shi ju cui	玉石俱摧	1
yu shi ju fen	玉石俱焚	1
yu shi ju sui	玉石俱碎	1
yu shi tong chen	玉石同沉	1
yu shi tong sui	玉石同碎	1
yu shi za rou	玉石杂糅	1
yu shi hun xiao	玉石混淆	1
yu shi jie sui	玉石皆碎	1
yu shi xiang rou	玉石相揉	1
yu qi diao lan	玉砌雕阑	1
yu mi you	玉米油	1
yu mi pian	玉米片	1
yu mi jie	玉米秸	1
yu mi hua er	玉米花儿	1
yu mi ming	玉米螟	1
yu zhi jin xiang	玉质金相	1
yu zhuo	玉镯	1
yu shi	玉食	1
yu shi jin yi	玉食锦衣	1
yu gu bing ji	玉骨冰肌	1
wang bu liu xing	王不留行	1
wang zuo zhi cai	王佐之才	1
wang hou	王侯	1
wang hou jiang xiang	王侯将相	1
wang chu	王储	1
wang ba gao zi	王八羔子	1
wang gong	王公	1
wang gong da ren	王公大人	1
wang gong gui qi	王公贵戚	1
wang tai	王台	1
wang hou lu qian	王后卢前	1
wang tian xia	王天下	1
wang sun	王孙	1
wang sun gong zi	王孙公子	1
wang sun gui qi	王孙贵戚	1
wang guan	王官	1
wang zheng	王政	1
wang zu	王族	1
wang quan	王权	1
wang mu niang niang	王母娘娘	1
wang shui	王水	1
wang fa	王法	1
wang jiang	王浆	1
wang xiang	王相	1
wang xiang wo bing	王祥卧冰	1
wang lao wu	王老五	1
wang she	王蛇	1
wang gong dan guan	王贡弹冠	1
wang gu zuo you er yan ta	王顾左右而言他	1
wan ren sang de	玩人丧德	1
wan er bu zhuan	玩儿不转	1
wan er piao	玩儿票	1
wan xing	玩兴	1
wan sui kai ri	玩岁愒日	1
wan sui kai shi	玩岁愒时	1
wan sui kai yue	玩岁愒月	1
wan ri kai shi	玩日愒时	1
wan shi kai ri	玩时愒日	1
wan wu sang zhi	玩物丧志	1
wan hua yang	玩花样	1
mei gui hong	玫瑰红	1
mei gui xiang	玫瑰香	1
huan zhong	环中	1
huan si	环伺	1
huan he	环合	1
huan yun	环晕	1
huan fei yan shou	环肥燕瘦	1
huan xing	环行	1
huan shi	环食	1
xian shi xian bao	现世现报	1
xian mai	现买	1
xian dai xi	现代戏	1
xian mai	现卖	1
xian zai wei zhi	现在为止	1
xian di	现地	1
xian da yang	现大洋	1
xian shi xing	现实性	1
xian qi	现期	1
xian hui	现汇	1
xian xing fa	现行法	1
xian xing fan	现行犯	1
xian shen shuo fa	现身说法	1
xian liang	现量	1
xian zhong bu da	现钟不打	1
xian zhong fu da	现钟弗打	1
bo li cha	玻璃碴	1
bo li xian wei	玻璃纤维	1
bo li zhi	玻璃纸	1
zhen qi	珍奇	1
zhen she	珍摄	1
zhen zhu bei	珍珠贝	1
zhen zhu shuang	珍珠霜	1
zhen qin qi shou	珍禽奇兽	1
zhu bao shang	珠宝商	1
zhu gong bei que	珠宫贝阙	1
zhu pan yu dun	珠槃玉敦	1
zhu liu bi zhuan	珠流璧转	1
zhu yu zai ce	珠玉在侧	1
zhu pan yu dun	珠盘玉敦	1
zhu bo yin ping	珠箔银屏	1
zhu lian bi he	珠联璧合	1
zhu bang	珠蚌	1
zhu bei	珠被	1
zhu huan he pu	珠还合浦	1
zhu lian bi he	珠连璧合	1
zhu ling yu luo	珠零玉落	1
ban gong xing shang	班功行赏	1
ban shi hui chao	班师回朝	1
ban shi de sheng	班师得胜	1
ban qi	班期	1
ban ban ke kao	班班可考	1
ban chan e er de ni	班禅额尔德尼	1
ban yi xi cai	班衣戏采	1
ban men nong fu	班门弄斧	1
qiu shi	球市	1
qiu cao	球操	1
qiu guo	球果	1
lang huan fu di	琅嬛福地	1
lang lang shang kou	琅琅上口	1
li bu wang luan	理不忘乱	1
li bu sheng ci	理不胜辞	1
li zhi dang ran	理之当然	1
li shi guo	理事国	1
li fa guan	理发馆	1
li suo bu rong	理所不容	1
li suo ying dang	理所应当	1
li zheng ci zhi	理正词直	1
li lun shang	理论上	1
li lun jie	理论界	1
suo wei liu li	琐尾流离	1
qin gong	琴弓	1
qin tiao wen jun	琴挑文君	1
qin duan zhu xian	琴断朱弦	1
qin qu	琴曲	1
qin se bu tiao	琴瑟不调	1
qin se zhi hao	琴瑟之好	1
qin se he hao	琴瑟和好	1
qin se shi tiao	琴瑟失调	1
qin se tiao he	琴瑟调和	1
pi pa bie nong	琵琶别弄	1
pi pa bie bao	琵琶别抱	1
pi pa jiu yu	琵琶旧语	1
pi pa hu yu	琵琶胡语	1
pi pa xing	琵琶行	1
pi pa gu	琵琶骨	1
qiong dui yu qi	琼堆玉砌	1
qiong zhi yu ye	琼枝玉叶	1
qiong zhi yu shu	琼枝玉树	1
qiong lou jin que	琼楼金阙	1
qiong jiang	琼浆	1
qiong jiang yu ye	琼浆玉液	1
qiong jiang jin ye	琼浆金液	1
xia bu yan yu	瑕不掩瑜	1
xia bu yan yu	瑕不揜瑜	1
xia yu hu jian	瑕瑜互见	1
yuan hui	瑗珲	1
yu bu yan xia	瑜不掩瑕	1
yu bu yan xia	瑜不揜瑕	1
se nong qin tiao	瑟弄琴调	1
se suo	瑟缩	1
se tiao qin nong	瑟调琴弄	1
gui qi	瑰奇	1
gui yi qi xing	瑰意奇行	1
gui yi qi xing	瑰意琦行	1
yao tai qiong shi	瑶台琼室	1
yao tai yin que	瑶台银阙	1
yao min	瑶民	1
yao chi nv shi	瑶池女使	1
yao cao qi hua	瑶草奇花	1
xuan xiao dan tai	璇霄丹台	1
xuan xiao dan que	璇霄丹阙	1
bi he zhu lian	璧合珠联	1
bi he zhu lian	璧合珠连	1
bi huan	璧还	1
gua fen dou pou	瓜分豆剖	1
gua fen ding zhi	瓜分鼎峙	1
gua pou dou fen	瓜剖豆分	1
gua qu dou fen	瓜区豆分	1
gua zi ren er	瓜子仁儿	1
gua zi er	瓜子儿	1
gua zi er lian	瓜子儿脸	1
gua zi chu fen	瓜字初分	1
gua qi	瓜期	1
gua jia	瓜架	1
gua shu di luo	瓜熟蒂落	1
gua pian	瓜片	1
gua yang	瓜秧	1
gua ge xiang lian	瓜葛相连	1
gua wan	瓜蔓	1
gua teng	瓜藤	1
gua lian man yin	瓜连蔓引	1
piao po da yu	瓢泼大雨	1
ban er	瓣儿	1
rang zi	瓤子	1
wa quan	瓦全	1
wa dao	瓦刀	1
wa jiang	瓦匠	1
wa he zhi zu	瓦合之卒	1
wa qi	瓦器	1
wa qi bang pan	瓦器蚌盘	1
wa quan	瓦圈	1
wa long	瓦垄	1
wa wu	瓦屋	1
wa gang jun	瓦岗军	1
wa gong	瓦工	1
wa dang	瓦当	1
wa fang	瓦房	1
wa song	瓦松	1
wa cha niao ni	瓦查尿溺	1
wa leng	瓦楞	1
wa leng zi	瓦楞子	1
wa leng zhi	瓦楞纸	1
wa gou	瓦沟	1
wa hui	瓦灰	1
wa te	瓦特	1
wa yu ji rou	瓦玉集糅	1
wa pen	瓦盆	1
wa li	瓦砾	1
wa yao	瓦窑	1
wa yao bu	瓦窑堡	1
wa guan	瓦罐	1
wa she	瓦舍	1
wa lan	瓦蓝	1
wa jie bing pan	瓦解冰泮	1
wa jie bing xiao	瓦解冰消	1
wa jie bing xiao	瓦解冰销	1
wa jie tu beng	瓦解土崩	1
wa jie xing san	瓦解星散	1
wa fu lei ming	瓦釜雷鸣	1
weng zhong zhi bie	瓮中之鳖	1
weng zhong zhuo bie	瓮中捉鳖	1
weng tian zhi jian	瓮天之见	1
weng jin bei gan	瓮尽杯干	1
ping zhui zan zhe	瓶坠簪折	1
ping sai	瓶塞	1
ping chen zan zhe	瓶沉簪折	1
ping ping guan guan	瓶瓶罐罐	1
ping dan	瓶胆	1
ci gang	瓷缸	1
zhen qi lu yi	甄奇录异	1
zeng zi	甑子	1
gan wei	甘为	1
gan zhi ruo su	甘之若素	1
gan xiu	甘休	1
gan mao hu kou	甘冒虎口	1
gan fen sui shi	甘分随时	1
gan chu xia liu	甘处下流	1
gan dang	甘当	1
gan bai xia feng	甘拜下风	1
gan you zha yao	甘油炸药	1
gan jie	甘结	1
gan ku yu gong	甘苦与共	1
gan yan mei yu	甘言美语	1
gan bai xia feng	甘败下风	1
gan pin le dao	甘贫乐道	1
gan pin shou fen	甘贫守分	1
gan chun	甘醇	1
gan yu	甘雨	1
gan yu sui che	甘雨随车	1
shen qie	甚且	1
shen me	甚么	1
shen yu	甚于	1
shen xiao chen shang	甚嚣尘上	1
shen er	甚而	1
shen er zhi yu	甚而至于	1
shen me	甚麼	1
tian wei er	甜味儿	1
tian jiao	甜椒	1
tian yan mei yu	甜言媚语	1
tian yan mei yu	甜言美语	1
tian yan ruan yu	甜言软语	1
tian mian jiang	甜面酱	1
sheng bu feng shi	生不逢时	1
sheng bu feng chen	生不逢辰	1
sheng bu yu shi	生不遇时	1
sheng chan he zuo she	生产合作社	1
sheng chan guo sheng	生产过剩	1
sheng zhong shi gua	生众食寡	1
sheng gong shuo fa	生公说法	1
sheng fen	生分	1
sheng fa wei zao	生发未燥	1
sheng tun huo bo	生吞活剥	1
sheng yuan	生员	1
sheng di	生地	1
sheng tai gong cheng	生态工程	1
sheng tai ke xue	生态科学	1
sheng la ying che	生拉硬扯	1
sheng la ying zhuai	生拉硬拽	1
sheng tuo si zhuai	生拖死拽	1
sheng sha yu duo	生杀予夺	1
sheng si bu yu	生死不渝	1
sheng si yu gong	生死与共	1
sheng si yu duo	生死予夺	1
sheng si guan tou	生死关头	1
sheng si cun wang	生死存亡	1
sheng si you ming	生死有命	1
sheng si wei bu	生死未卜	1
sheng si xiang yi	生死相依	1
sheng si bu	生死簿	1
sheng si rou gu	生死肉骨	1
sheng si guan	生死观	1
sheng qi bo bo	生气勃勃	1
sheng ling tu di	生灵涂地	1
sheng fu	生父	1
sheng wu quan	生物圈	1
sheng wu dian	生物电	1
sheng sheng bu yi	生生不已	1
sheng fan	生番	1
sheng yi	生疑	1
sheng shi hui	生石灰	1
sheng shi gao	生石膏	1
sheng li si bie	生离死别	1
sheng bian ying zao	生编硬造	1
sheng er zhi zhi	生而知之	1
sheng ju jiao xun	生聚教训	1
sheng yu lv	生育率	1
sheng rong si shuai	生荣死衰	1
sheng jue	生角	1
sheng cai you dao	生财有道	1
sheng qu	生趣	1
sheng huan zhe	生还者	1
sheng zhang qi	生长期	1
sheng zhang ji su	生长激素	1
sheng zhang dian	生长点	1
sheng men qi	生闷气	1
sheng feng	生风	1
sheng xian	生鲜	1
sheng chi ri fan	生齿日繁	1
sheng nv	甥女	1
yong yi dang shi	用一当十	1
yong zhi bu jie	用之不竭	1
yong ren bu dang	用人不当	1
yong zuo	用做	1
yong qi suo chang	用其所长	1
yong xing	用刑	1
yong li yi sang	用力一搡	1
yong jin	用劲	1
yong tian yin di	用天因地	1
yong jin xin ji	用尽心机	1
yong gong fu	用工夫	1
yong du	用度	1
yong xin si	用心思	1
yong zhi pu mou	用智铺谋	1
yong cai	用材	1
yong cai lin	用材林	1
yong shui huo mian	用水和面	1
yong she xing cang	用舍行藏	1
yong xing she cang	用行舍藏	1
yong ci bu dang	用词不当	1
yong ci qie dang	用词切当	1
yong yi dai lao	用逸待劳	1
yong fei qi ren	用非其人	1
shuai shou zhang gui	甩手掌柜	1
tian fu ye lao	田夫野老	1
tian tou	田头	1
tian qi	田契	1
tian jia	田家	1
tian fu	田父	1
tian fu zhi gong	田父之功	1
tian fu xian pu	田父献曝	1
tian she	田舍	1
tian jian guan li	田间管理	1
you bo fan yue	由博返约	1
you tou	由头	1
you de	由得	1
you qian ru shen	由浅入深	1
you jin ji yuan	由近及远	1
jia guan tian xia	甲冠天下	1
jia qiao	甲壳	1
jia gu	甲骨	1
shen ling	申令	1
shen yuan tu qi	申冤吐气	1
shen qu	申曲	1
shen shuo	申说	1
dian chuan	电传	1
dian wei cha	电位差	1
dian guang zhao lu	电光朝露	1
dian guang shi huo	电光石火	1
dian bing gui	电冰柜	1
dian han	电函	1
dian bao	电刨	1
dian li ji che	电力机车	1
dian gong lv	电功率	1
dian shi cha	电势差	1
dian hua jiao xue	电化教学	1
dian hua jiao yu	电化教育	1
dian ya hu gan qi	电压互感器	1
dian ya fang da qi	电压放大器	1
dian ya biao	电压表	1
dian ya ji	电压计	1
dian chui feng	电吹风	1
dian sheng	电声	1
dian sheng yue dui	电声乐队	1
dian zi yue qi	电子乐器	1
dian zi chu ban wu	电子出版物	1
dian zi tu shu	电子图书	1
dian zi la ji	电子垃圾	1
dian zi gan rao	电子干扰	1
dian zi hui kuan	电子汇款	1
dian zi you xi ji	电子游戏机	1
dian zi wan ju	电子玩具	1
dian zi ci dian	电子词典	1
dian zi yin yue	电子音乐	1
dian du biao	电度表	1
dian ying ting	电影厅	1
dian ying zhou	电影周	1
dian ying she ying ji	电影摄影机	1
dian ying pian	电影片	1
dian bao gua hao	电报挂号	1
dian che feng chi	电掣风驰	1
dian jiao guan	电教馆	1
dian yun	电晕	1
dian nuan qi	电暖器	1
dian gan	电杆	1
dian yi	电椅	1
dian qi hua	电气化	1
dian qi hua tie lu	电气化铁路	1
dian qi shi	电气石	1
dian shui hu	电水壶	1
dian liu qiang du	电流强度	1
dian liu fang da qi	电流放大器	1
dian liu xing san	电流星散	1
dian huo guo	电火锅	1
dian lao tie	电烙铁	1
dian kao lu	电烤炉	1
dian re qi	电热器	1
dian han ji	电焊机	1
dian zhao feng xing	电照风行	1
dian yun dou	电熨斗	1
dian shi	电石	1
dian shi qi	电石气	1
dian ci gan ying	电磁感应	1
dian ci wu ran	电磁污染	1
dian mo	电磨	1
dian shi	电示	1
dian suan	电算	1
dian hao	电耗	1
dian neng biao	电能表	1
dian mai chong	电脉冲	1
dian nao bing du	电脑病毒	1
dian he ou he qi jian	电荷耦合器件	1
dian ru zi	电褥子	1
dian shi hui yi	电视会议	1
dian shi fa she ta	电视发射塔	1
dian shi da xue	电视大学	1
dian shi guang bo	电视广播	1
dian shi gui	电视柜	1
dian shi pian	电视片	1
dian shi xi lie pian	电视系列片	1
dian shi wang	电视网	1
dian hua hui yi	电话会议	1
dian zuan	电钻	1
dian zu lv	电阻率	1
nan ding	男丁	1
nan zhong yin	男中音	1
nan ping	男乒	1
nan pu	男仆	1
nan bin xiang	男傧相	1
nan er you lei bu qing tan	男儿有泪不轻弹	1
nan chang nv sui	男唱女随	1
nan da dang qu	男大当娶	1
nan da dang hun	男大当婚	1
nan da xu hun	男大须婚	1
nan nv shou shou bu qin	男女授受不亲	1
nan nv you bie	男女有别	1
nan nv lao xiao	男女老小	1
nan nv lao you	男女老幼	1
nan hun nv jia	男婚女嫁	1
nan hun nv pin	男婚女聘	1
nan shi nv jia	男室女家	1
nan jia	男家	1
nan bin	男宾	1
nan zun nv bei	男尊女卑	1
nan xing bing	男性病	1
nan cai nv mao	男才女貌	1
nan mo	男模	1
nan huan nv ai	男欢女爱	1
nan dao nv chang	男盗女娼	1
nan ke	男科	1
nan geng nv zhi	男耕女织	1
dian zi	甸子	1
hua zhong you shi	画中有诗	1
hua quan er	画圈儿	1
hua tu fen jiang	画土分疆	1
hua di wei lao	画地为牢	1
hua di wei yu	画地为狱	1
hua di zuo yu	画地作狱	1
hua di ke mu	画地刻木	1
hua di cheng tu	画地成图	1
hua di cheng lao	画地成牢	1
hua di er qu	画地而趋	1
hua jia	画夹	1
hua ping	画屏	1
hua tie	画帖	1
hua sha yin ni	画沙印泥	1
hua sha ju mi	画沙聚米	1
hua pian	画片	1
hua pian er	画片儿	1
hua jiang mo shou	画疆墨守	1
hua deng hao	画等号	1
hua xiao xiang	画肖像	1
hua di huo wan	画荻和丸	1
hua di jiao zi	画荻教子	1
hua hu bu cheng	画虎不成	1
hua hu bu cheng fan lei quan	画虎不成反类犬	1
hua hu bu cheng fan lei gou	画虎不成反类狗	1
hua hu hua pi nan hua gu	画虎画皮难画骨	1
hua she tian zu	画蛇添足	1
hua she zhuo zu	画蛇著足	1
hua lun	画论	1
hua zhou	画轴	1
hua ye fen jiang	画野分疆	1
hua long bu cheng fan wei gou	画龙不成反为狗	1
chang xiang qu	畅想曲	1
chang suo yu wei	畅所欲为	1
chang xing	畅行	1
chang xing wu ai	畅行无碍	1
chang xing wu zu	畅行无阻	1
jie nei	界内	1
jie wai	界外	1
jie chi	界尺	1
jie shi	界石	1
jie yue	界约	1
jie shuo	界说	1
wei guang	畏光	1
wei han	畏寒	1
wei ying e ji	畏影恶迹	1
wei fu	畏服	1
wei suo	畏缩	1
wei suo bu qian	畏缩不前	1
wei xi bu qian	畏葸不前	1
wei nan	畏难	1
wei shou wei wei	畏首畏尾	1
liu ren	留任	1
liu chuan	留传	1
liu yu di	留余地	1
liu li	留利	1
liu bie	留别	1
liu qu dan xin zhao han qing	留取丹心照汗青	1
liu shou chu	留守处	1
liu su	留宿	1
liu wei ba	留尾巴	1
liu dai	留待	1
liu lian bu she	留恋不舍	1
liu you yu di	留有余地	1
liu zhong	留种	1
liu kong	留空	1
liu luo	留落	1
liu lian bu she	留连不舍	1
liu nan	留难	1
ben dou	畚斗	1
xu chan	畜产	1
xu yang	畜养	1
chu li	畜力	1
chu juan	畜圈	1
xu qi yang zi	畜妻养子	1
chu lan	畜栏	1
xu mu chang	畜牧场	1
chu yi	畜疫	1
chu lei	畜类	1
chu fei	畜肥	1
lve wu ji dan	略无忌惮	1
lve zhi yi er	略知一二	1
lve zhi pi mao	略知皮毛	1
lve jian yi ban	略见一斑	1
lve shi zhi wu	略识之无	1
lve ji lun xin	略迹论心	1
fan hao	番号	1
fan jiang	番将	1
fan mu gua	番木瓜	1
fan lai fu qu	番来覆去	1
fan jiao	番椒	1
fan gua	番瓜	1
fan shi liu	番石榴	1
fan ke dao jiu	番窠倒臼	1
fan hong hua	番红花	1
fan cai	番菜	1
fan bang	番邦	1
ji qing ji zhong	畸轻畸重	1
ji zhong ji qing	畸重畸轻	1
jiang tu	疆土	1
jiang chang	疆场	1
jiang yu	疆域	1
jiang jie	疆界	1
shu bu jian qin	疏不间亲	1
shu le	疏勒	1
shu hu da yi	疏忽大意	1
shu qian	疏浅	1
shu jun	疏浚	1
shu er bu lou	疏而不漏	1
shu luo	疏落	1
shu jie	疏解	1
shu cai zhong yi	疏财重义	1
yi wei	疑为	1
yi yi	疑义	1
yi shi wu gong	疑事无功	1
yi yun	疑云	1
yi si zhi jian	疑似之间	1
yi xin can ban	疑信参半	1
yi bing	疑兵	1
yi tuan	疑团	1
yi tuan man fu	疑团满腹	1
yi tuan mo shi	疑团莫释	1
yi xin sheng an gui	疑心生暗鬼	1
yi xin bing	疑心病	1
yi ji	疑忌	1
yi nian	疑念	1
yi ju	疑惧	1
yi an	疑案	1
yi shen yi gui	疑神疑鬼	1
yi shen jian gui	疑神见鬼	1
yi dou	疑窦	1
yi xing wu cheng	疑行无成	1
yi wu tian xia	疑误天下	1
yi wen ju	疑问句	1
yi zhen	疑阵	1
yi nan za zheng	疑难杂症	1
yi gui yi shen	疑鬼疑神	1
ding du	疔毒	1
jie zi	疖子	1
ge ge da da	疙疙瘩瘩	1
ge ba	疙疤	1
ge da tang	疙瘩汤	1
ge li ge da	疙里疙瘩	1
yao zi	疟子	1
nve ji	疟疾	1
nve wen	疟蚊	1
yi li	疫疠	1
feng zhi	疯枝	1
feng zhang	疯长	1
pi yu ben ming	疲于奔命	1
pi tai	疲态	1
pi ta	疲沓	1
pi pi ta ta	疲疲沓沓	1
pi lei	疲累	1
ji bu ke wei	疾不可为	1
ji ru xuan zhong	疾如旋踵	1
ji e ru chou	疾恶如仇	1
ji e ru chou	疾恶如雠	1
ji e ru feng	疾恶如风	1
ji e ruo chou	疾恶若雠	1
ji bing xiang fu	疾病相扶	1
ji xing	疾行	1
ji zou xian de	疾走先得	1
ji zu xian de	疾足先得	1
ji yu bao feng	疾雨暴风	1
ji lei bu ji sai er	疾雷不及塞耳	1
ji lei bu ji yan er	疾雷不及掩耳	1
ji lei bu xia yan er	疾雷不暇掩耳	1
ji ting bu xia yan mu	疾霆不暇掩目	1
ji feng jing cao	疾风劲草	1
ji feng zhang jing cao	疾风彰劲草	1
ji feng sao qiu ye	疾风扫秋叶	1
ji feng bao yu	疾风暴雨	1
ji feng shen yu	疾风甚雨	1
ji feng zhi jing cao	疾风知劲草	1
ji feng xun lei	疾风迅雷	1
ji feng zhou yu	疾风骤雨	1
bing cong kou ru	病从口入	1
bing ti	病体	1
bing ru gao huang	病入膏肓	1
bing ru gu sui	病入骨隨	1
bing ru gu sui	病入骨髓	1
bing qu	病区	1
bing yuan	病员	1
bing zai gao huang	病在膏肓	1
bing ran gao huang	病染膏肓	1
bing du xing gan yan	病毒性肝炎	1
bing yi	病疫	1
bing ji	病革	1
bing gu zhi li	病骨支离	1
zheng hou	症候	1
zheng jia	症瘕	1
zheng jia ji ju	症瘕积聚	1
tong guan zai bao	痌瘝在抱	1
tong ru gu sui	痛入骨髓	1
tong qie	痛切	1
tong jiao qiong po	痛剿穷迫	1
tong chu	痛处	1
tong ding si tong	痛定思痛	1
tong xin ru gu	痛心入骨	1
tong xin qie gu	痛心切骨	1
tong kuai lin li	痛快淋漓	1
tong wu	痛恶	1
tong da	痛打	1
tong shen wu jue	痛深恶绝	1
tong jian su gou	痛湔宿垢	1
tong yang xiang guan	痛痒相关	1
tong zi chuang yi	痛自创艾	1
tong jue	痛觉	1
fei zi fen	痱子粉	1
chi ren shuo meng	痴人说梦	1
chi er dai nv	痴儿呆女	1
chi lian	痴恋	1
chi nan yuan nv	痴男怨女	1
bi zheng	痹症	1
yu xue	瘀血	1
dan shu	瘅暑	1
dan re	瘅热	1
hou zi	瘊子	1
la li tou	瘌痢头	1
yi yu mai xiang	瘗玉埋香	1
ji bo	瘠薄	1
shou xue	瘦削	1
shou hou er	瘦猴儿	1
shou yang bo shi	瘦羊博士	1
shou rou xing	瘦肉型	1
shou chang	瘦长	1
shou gu ru chai	瘦骨如柴	1
shou gu lin xun	瘦骨嶙峋	1
shou gu lin lin	瘦骨嶙嶙	1
shou gu suo leng	瘦骨梭棱	1
shou gao tiao er	瘦高挑儿	1
bie san	瘪三	1
zhang xiang e tu	瘴乡恶土	1
zhang li	瘴疠	1
zhang yu man yan	瘴雨蛮烟	1
que zi	瘸子	1
yin jun zi	瘾君子	1
yin tou	瘾头	1
ai zhong	癌肿	1
lai ha ma xiang chi tian e rou	癞蛤蟆想吃天鹅肉	1
deng tai bai jiang	登台拜将	1
deng tan bai jiang	登坛拜将	1
deng shan fu	登山服	1
deng shan yue ling	登山越岭	1
deng shan zhi ling	登山陟岭	1
deng mu qiu yu	登木求鱼	1
deng ji ce	登记册	1
deng lu ting	登陆艇	1
deng gao wang yuan	登高望远	1
bai ding	白丁	1
bai ding su ke	白丁俗客	1
bai bu ci lie	白不呲咧	1
bai yun qin she	白云亲舍	1
bai yun guan	白云观	1
bai ling hai	白令海	1
bai ti	白体	1
bai lan hua	白兰花	1
bai shua shua	白刷刷	1
bai qu	白区	1
bai hua zhi yuan	白华之怨	1
bai juan	白卷	1
bai fa dan xin	白发丹心	1
bai fa qian zhang	白发千丈	1
bai fa zhu yan	白发朱颜	1
bai fa hong yan	白发红颜	1
bai fa cang cang	白发苍苍	1
bai fa cang yan	白发苍颜	1
bai fa qing shan	白发青衫	1
bai di	白地	1
bai da gua	白大褂	1
bai tian jian gui	白天见鬼	1
bai tian e	白天鹅	1
bai tou bu zhong	白头不终	1
bai tou zhi tan	白头之叹	1
bai tou xie lao	白头偕老	1
bai tou dao lao	白头到老	1
bai tou ru xin	白头如新	1
bai tou xiang shou	白头相守	1
bai tou xiang bing	白头相并	1
bai tou weng	白头翁	1
bai tou er xin	白头而新	1
bai gan er	白干儿	1
bai shou cheng jia	白手成家	1
bai shou kong quan	白手空拳	1
bai mao huang yue	白旄黄钺	1
bai ri shang sheng	白日上升	1
bai ri jian gui	白日见鬼	1
bai huang huang	白晃晃	1
bai zhu	白术	1
bai tiao	白条	1
bai tiao zi	白条子	1
bai tiao zhu	白条猪	1
bai mao nv	白毛女	1
bai tang	白汤	1
bai yu lan	白玉兰	1
bai wan er	白玩儿	1
bai bai zhu zhu	白白朱朱	1
bai xiang	白相	1
bai yan er lang	白眼儿狼	1
bai yan xiang kan	白眼相看	1
bai piao	白票	1
bai zhong	白种	1
bai zhong ren	白种人	1
bai zhi fang	白纸坊	1
bai pang	白胖	1
bai se la ji	白色垃圾	1
bai se wu ran	白色污染	1
bai su	白苏	1
bai cha er	白茬儿	1
bai lian jiao	白莲教	1
bai meng meng	白蒙蒙	1
bai diao tong xin	白藋同心	1
bai she	白蛇	1
bai xue	白血	1
bai xue qiu	白血球	1
bai yi qing xiang	白衣卿相	1
bai yi zai xiang	白衣宰相	1
bai jia lan shan	白袷蓝衫	1
bai tie pi	白铁皮	1
bai xue nan he	白雪难和	1
bai mian shu lang	白面书郎	1
bai mian ru guan	白面儒冠	1
bai shi	白食	1
bai shou yi jie	白首一节	1
bai shou bu yu	白首不渝	1
bai shou wei lang	白首为郎	1
bai shou bei mian	白首北面	1
bai shou tong gui	白首同归	1
bai shou xiang zhuang	白首相庄	1
bai shou xiang zhi	白首相知	1
bai shou kong gui	白首空归	1
bai shou qi mei	白首齐眉	1
bai ju kong gu	白驹空谷	1
bai ju guo xi	白驹过隙	1
bai gu zai rou	白骨再肉	1
bai gu jing	白骨精	1
bai gu lu ye	白骨露野	1
bai lian	白鲢	1
bai hei bu fen	白黑不分	1
bai hei fen ming	白黑分明	1
bai hei dian dao	白黑颠倒	1
bai long yu fu	白龙鱼服	1
bai wan xiong bing	百万雄兵	1
bai wan xiong shi	百万雄师	1
bai zhang gan tou	百丈竿头	1
bai xia bai zhao	百下百着	1
bai bu yi cun	百不一存	1
bai bu yi dai	百不一贷	1
bai bu yi yu	百不一遇	1
bai bu shi yi	百不失一	1
bai bu dang yi	百不当一	1
bai bu huo yi	百不获一	1
bai shi bu yi	百世不易	1
bai shi bu mo	百世不磨	1
bai ye xiao tiao	百业萧条	1
bai zhong bai fa	百中百发	1
bai liao qian dang	百了千当	1
bai shi da ji	百事大吉	1
bai dai guo ke	百代过客	1
bai hui	百会	1
bai yi bai cong	百依百从	1
bai shou shuai wu	百兽率舞	1
bai fan dai ju	百凡待举	1
bai fen zhi	百分制	1
bai fen shu	百分数	1
bai fen lv	百分率	1
bai dong bu ru yi jing	百动不如一静	1
bai fa bai zhong	百发百中	1
bai kou tong sheng	百口同声	1
bai kou mo bian	百口莫辩	1
bai kou nan fen	百口难分	1
bai ye	百叶	1
bai ye chuang	百叶窗	1
bai ye xiang	百叶箱	1
bai pin qian tiao	百品千条	1
bai shan xiao wei xian	百善孝为先	1
bai hui mo bian	百喙莫辩	1
bai hui nan ci	百喙难辞	1
bai hui nan bian	百喙难辩	1
bai hui ju ju	百堕俱举	1
bai fu zhang	百夫长	1
bai kong qian chuang	百孔千创	1
bai bao wan huo	百宝万货	1
bai jia zheng ming	百家争鸣	1
bai jia xing	百家姓	1
bai jia fan	百家饭	1
bai chi wu zhi	百尺无枝	1
bai chi gan tou	百尺竿头	1
bai chi gan tou geng jin yi bu	百尺竿头更进一步	1
bai sui zhi hao	百岁之好	1
bai chuan chao hai	百川朝海	1
bai nian bu yu	百年不遇	1
bai nian zhi hao	百年之好	1
bai nian zhi yue	百年之约	1
bai nian da ye	百年大业	1
bai nian da ji	百年大计	1
bai nian hao shi	百年好事	1
bai nian hao he	百年好合	1
bai nian nan yu	百年难遇	1
bai fei ju xing	百废俱兴	1
bai fei ju xing	百废具兴	1
bai fei dai ju	百废待举	1
bai fei dai xing	百废待兴	1
bai si bu de qi jie	百思不得其解	1
bai si bu jie	百思不解	1
bai si mo jie	百思莫解	1
bai guai qian qi	百怪千奇	1
bai mu da qun dao	百慕大群岛	1
bai xi	百戏	1
bai zhan bu dai	百战不殆	1
bai zhe bu hui	百折不回	1
bai zhe bu qu	百折不屈	1
bai zhe bu nao	百折不挠	1
bai zhe bu yi	百折不移	1
bai zhe qian hui	百折千回	1
bai wu yi neng	百无一能	1
bai wu shi chu	百无是处	1
bai wu jin ji	百无禁忌	1
bai ri ke	百日咳	1
bai xing bu ru yi yue	百星不如一月	1
bai lian cheng gang	百炼成钢	1
bai duan dai ju	百端待举	1
bai zi qian hong	百紫千红	1
bai zong qian sui	百纵千随	1
bai jie xuan chun	百结悬鹑	1
bai jie chou chang	百结愁肠	1
bai she chong jian	百舍重茧	1
bai she chong jian	百舍重趼	1
bai ban diao nan	百般刁难	1
bai ban zhe mo	百般折磨	1
bai lv zan xin	百虑攒心	1
bai du bu yan	百读不厌	1
bai zu bu jiang	百足不僵	1
bai shen he shu	百身何赎	1
bai shen mo shu	百身莫赎	1
bai zai shu ren	百载树人	1
bai ci mo bian	百辞莫辩	1
bai li tiao yi	百里挑一	1
bai wen bu ru yi jian	百闻不如一见	1
bai niao chao feng	百鸟朝凤	1
zao hua	皂化	1
zao bai bu fen	皂白不分	1
zao jiao	皂角	1
zao li	皂隶	1
di yi que er	的一确二	1
di ge	的哥	1
di dang	的当	1
di que liang	的确良	1
huang qin	皇亲	1
huang qin guo qi	皇亲国戚	1
huang tian bu fu ku xin ren	皇天不负苦心人	1
huang fei	皇妃	1
huang huang bu ke zhong ri	皇皇不可终日	1
gao lan	皋兰	1
jiao yang shi huo	皎阳似火	1
hao chi e mei	皓齿蛾眉	1
wan nan shi bian	皖南事变	1
pi xia zhu she	皮下注射	1
pi jian	皮件	1
pi bao gu	皮包骨	1
pi bao gu tou	皮包骨头	1
pi nang	皮囊	1
pi dian	皮垫	1
pi da yi	皮大衣	1
pi jia ke	皮夹克	1
pi jia zi	皮夹子	1
pi chi	皮尺	1
pi dai lun	皮带轮	1
pi mao	皮帽	1
pi ying xi	皮影戏	1
pi tiao	皮条	1
pi xiang	皮相	1
pi xiang zhi jian	皮相之见	1
pi xiang zhi tan	皮相之谈	1
pi xiao rou bu xiao	皮笑肉不笑	1
pi tang	皮糖	1
pi shi	皮试	1
pi zhong	皮重	1
zhou suo	皱缩	1
cun lie	皴裂	1
pen tang	盆汤	1
pen qiang yan	盆腔炎	1
ying qian lei wan	盈千累万	1
ying pian lei du	盈篇累牍	1
yi fa	益发	1
ang yu xiang ji	盎盂相击	1
ang yu xiang qiao	盎盂相敲	1
yan fen	盐分	1
yan chang	盐场	1
yan ba	盐巴	1
yan mei xiang cheng	盐梅相成	1
yan kuang	盐矿	1
yan jian di	盐碱地	1
yan jian tan	盐碱滩	1
yan lei	盐类	1
jian lin zi dao	监临自盗	1
jian zhu zi dao	监主自盗	1
jian li	监利	1
jian chang	监场	1
jian shou	监守	1
jian shou zi dao	监守自盗	1
jian shi lv xi	监市履狶	1
jian fang	监房	1
jian ya	监押	1
jian kong qi	监控器	1
jian ce qi	监测器	1
jian lao	监牢	1
jian fan	监犯	1
jian sheng	监生	1
jian piao	监票	1
jian gui	监规	1
jian zao	监造	1
jian yuan	监院	1
he shi	盒式	1
gai bu you ji	盖不由己	1
gai shi zhi cai	盖世之才	1
gai shi tai bao	盖世太保	1
gai shi wu shuang	盖世无双	1
gai shi ying xiong	盖世英雄	1
gai tou	盖头	1
gai tou huan mian	盖头换面	1
gai lian	盖帘	1
gai mao er	盖帽儿	1
gai fang	盖房	1
gai guan shi ding	盖棺事定	1
gai guan lun ding	盖棺论定	1
gai zao	盖造	1
gai fan	盖饭	1
dao yi you dao	盗亦有道	1
dao lu xing wei	盗录行为	1
dao yun	盗运	1
dao shi zhi bao	盗食致饱	1
pan er cai	盘儿菜	1
pan gu kai tian di	盘古开天地	1
pan qu	盘曲	1
pan gen jiu di	盘根究底	1
pan gen cuo jie	盘根错节	1
pan gen wen di	盘根问底	1
pan you wu du	盘游无度	1
pan shi	盘石	1
pan shi sang bao	盘石桑苞	1
sheng kuang kong qian	盛况空前	1
sheng ming nan fu	盛名难副	1
cheng qi	盛器	1
sheng yan nan zai	盛宴难再	1
sheng bi lv shuai	盛必虑衰	1
sheng qing nan que	盛情难却	1
sheng ji yi shi	盛极一时	1
sheng qi ling ren	盛气凌人	1
cheng shui bu lou	盛水不漏	1
sheng yan bi san	盛筵必散	1
sheng yan nan zai	盛筵难再	1
cheng cai	盛菜	1
sheng shuai xing fei	盛衰兴废	1
sheng shuai rong ru	盛衰荣辱	1
sheng shi li bing	盛食厉兵	1
cheng fan	盛饭	1
meng xiong di	盟兄弟	1
meng yuan	盟员	1
meng yue	盟约	1
guan xi	盥洗	1
guan xi shi	盥洗室	1
mu xia shi hang	目下十行	1
mu bu jiao jie	目不交睫	1
mu bu bie shi	目不别视	1
mu bu ren du	目不忍睹	1
mu bu ren jian	目不忍见	1
mu bu ren shi	目不忍视	1
mu bu xie shi	目不斜视	1
mu bu xia jie	目不暇接	1
mu bu xia ji	目不暇给	1
mu bu zhi shu	目不知书	1
mu bu kui yuan	目不窥园	1
mu bu gei shang	目不给赏	1
mu bu gou shi	目不苟视	1
mu bu jian jie	目不见睫	1
mu bu shi ding	目不识丁	1
mu bu shi shu	目不识书	1
mu bu xie shi	目不邪视	1
mu zhong wu ren	目中无人	1
mu shi yi ling	目使颐令	1
mu guang duan qian	目光短浅	1
mu bie hui fen	目别汇分	1
mu qian wei zhi	目前为止	1
mu cheng xin xu	目成心许	1
mu tiao xin yue	目挑心悦	1
mu tiao xin zhao	目挑心招	1
mu tiao mei yu	目挑眉语	1
mu wu san chi	目无三尺	1
mu wu zun zhang	目无尊长	1
mu wu fa ji	目无法纪	1
mu wu wang fa	目无王法	1
mu di di	目的地	1
mu di lun	目的论	1
mu mu xiang qu	目目相觑	1
mu yuan xin tun	目眢心忳	1
mu zi jin lie	目眦尽裂	1
mu xuan tou hun	目眩头昏	1
mu xuan tou yun	目眩头晕	1
mu jie zhi lun	目睫之论	1
mu deng kou jie	目瞪口结	1
mu deng she qiang	目瞪舌强	1
mu deng she jiang	目瞪舌彊	1
mu zhi yan jian	目知眼见	1
mu kong yi shi	目空一世	1
mu kong yi qie	目空一切	1
mu kong yu zi	目空余子	1
mu tiao xin yu	目窕心与	1
mu ruo xuan zhu	目若悬珠	1
mu jian	目见	1
mu jian er wen	目见耳闻	1
mu lun	目论	1
mu yu	目语	1
mu yu e shun	目语额瞬	1
mu liang yi ying	目量意营	1
mu shi er shi	目食耳视	1
ding shao	盯梢	1
xu yi	盱眙	1
mang ren ba zhu	盲人把烛	1
mang ren shuo xiang	盲人说象	1
mang nv	盲女	1
mang tong	盲童	1
mang weng men yao	盲翁扪钥	1
mang zhe de jing	盲者得镜	1
mang dao	盲道	1
mang feng du yu	盲风妒雨	1
mang feng guai yun	盲风怪云	1
mang feng guai yu	盲风怪雨	1
mang feng hui yu	盲风晦雨	1
mang feng bao yu	盲风暴雨	1
mang feng se yu	盲风涩雨	1
zhi shang zhi xia	直上直下	1
zhi shang qing yun	直上青云	1
zhi nei fang wai	直内方外	1
zhi gou gou	直勾勾	1
zhi chi	直尺	1
zhi dai	直待	1
zhi qing jing xing	直情径行	1
zhi pu wu hua	直扑无华	1
zhi shu ji jian	直抒己见	1
zhi pai	直拍	1
zhi bo	直拨	1
zhi jie liao dang	直捷了当	1
zhi jie liao dang	直接了当	1
zhi jie jing yan	直接经验	1
zhi jue jue	直撅撅	1
zhi zhuang heng chong	直撞横冲	1
zhi quan wu hua	直权无华	1
zhi liu fa dian ji	直流发电机	1
zhi liu	直溜	1
zhi liu liu	直溜溜	1
zhi tong zi	直筒子	1
zhi xi	直系	1
zhi xi qin shu	直系亲属	1
zhi luo	直落	1
zhi jue xing	直觉性	1
zhi jiao san jiao xing	直角三角形	1
zhi jiao chi	直角尺	1
zhi yan qie jian	直言切谏	1
zhi yan wu yin	直言无隐	1
zhi yan zheng se	直言正色	1
zhi yan zheng lun	直言正论	1
zhi yan zheng jian	直言正谏	1
zhi yan gu huo	直言贾祸	1
zhi ren bu hui	直认不讳	1
zhi gong ne	直贡呢	1
zhi dao er xing	直道而行	1
xiang yu	相与	1
xiang yu wei yi	相与为一	1
xiang cheng	相乘	1
xiang xi cheng feng	相习成风	1
xiang shu	相书	1
xiang zheng	相争	1
xiang qin xiang ai	相亲相爱	1
xiang xie	相偕	1
xiang ke xiang ji	相克相济	1
xiang qie xiang cuo	相切相磋	1
xiang quan	相劝	1
xiang qu	相去	1
xiang qu ji he	相去几何	1
xiang qu xuan shu	相去悬殊	1
xiang qu wu ji	相去无几	1
xiang fan shu	相反数	1
xiang fan xiang cheng	相反相成	1
xiang he	相合	1
xiang xu yi shi	相呴以湿	1
xiang xu xiang ji	相呴相济	1
xiang ming	相命	1
xiang shang	相商	1
xiang yin xiang sheng	相因相生	1
xiang guo	相国	1
xiang tu	相图	1
xiang shi	相士	1
xiang shi jiao bi	相失交臂	1
xiang qi	相契	1
xiang nv pei fu	相女配夫	1
xiang an	相安	1
xiang an wu shi	相安无事	1
xiang an xiang shou	相安相受	1
xiang dui wu yan	相对无言	1
xiang dui zhen li	相对真理	1
xiang zuo	相左	1
xiang cha bu da	相差不大	1
xiang cha shen yuan	相差甚远	1
xiang shuai cheng feng	相帅成风	1
xiang bang	相帮	1
xiang zhuang ru bin	相庄如宾	1
xiang yi	相异	1
xiang xing	相形	1
xiang xing zhi xia	相形之下	1
xiang xing shi se	相形失色	1
xiang xing jian zhuo	相形见拙	1
xiang xing jian chu	相形见绌	1
xiang dai ru bin	相待如宾	1
xiang de	相得	1
xiang de shen huan	相得甚欢	1
xiang de yi zhang	相得益章	1
xiang ren wei guo	相忍为国	1
xiang wang xing hai	相忘形骸	1
xiang tai	相态	1
xiang si zi	相思子	1
xiang si shu	相思树	1
xiang si bing	相思病	1
xiang si dou	相思豆	1
xiang si niao	相思鸟	1
xiang yue	相悦	1
xiang jing bo you	相惊伯有	1
xiang cheng	相成	1
xiang pu	相扑	1
xiang tuo	相托	1
xiang rao	相扰	1
xiang cheng	相承	1
xiang tou	相投	1
xiang di	相抵	1
xiang chi	相持	1
xiang chi bu xia	相持不下	1
xiang jiu	相救	1
xiang jing ru bin	相敬如宾	1
xiang shi er dong	相时而动	1
xiang ying	相映	1
xiang ying cheng qu	相映成趣	1
xiang shu	相术	1
xiang ji er dong	相机而动	1
xiang ji xing shi	相机行事	1
xiang yan	相沿	1
xiang yan cheng xi	相沿成习	1
xiang yan cheng su	相沿成俗	1
xiang fan	相烦	1
xiang jian he ji	相煎何急	1
xiang jian tai ji	相煎太急	1
xiang shu	相熟	1
xiang pian er	相片儿	1
xiang shuai	相率	1
xiang sheng	相生	1
xiang sheng xiang ke	相生相克	1
xiang sheng xiang cheng	相生相成	1
xiang kan	相看	1
xiang man	相瞒	1
xiang zhi hen wan	相知恨晚	1
xiang zhi you su	相知有素	1
xiang peng	相碰	1
xiang lei	相类	1
xiang zhi	相纸	1
xiang jie he	相结合	1
xiang ruo	相若	1
xiang jian hen wan	相见恨晚	1
xiang shi er xiao	相视而笑	1
xiang shi mo ni	相视莫逆	1
xiang jiao	相角	1
xiang ren	相认	1
xiang rang	相让	1
xiang xu	相许	1
xiang mao tang tang	相貌堂堂	1
xiang mao han chen	相貌寒碜	1
xiang fu er xing	相辅而行	1
xiang wei	相违	1
xiang song	相送	1
xiang feng hen wan	相逢恨晚	1
xiang feng xia lu	相逢狭路	1
xiang wei yi shui	相遗以水	1
xiang yao	相邀	1
xiang men you xiang	相门有相	1
xiang mian	相面	1
xiang gu	相顾	1
xiang gu shi se	相顾失色	1
xiang ma	相马	1
xiang shu you pi	相鼠有皮	1
dun er	盹儿	1
xing qin	省亲	1
sheng bian	省便	1
sheng jian	省俭	1
sheng que	省却	1
xing mu	省墓	1
xing cha	省察	1
sheng fu	省府	1
sheng zhi	省志	1
xing wu	省悟	1
sheng bao	省报	1
sheng you deng	省油灯	1
sheng zhi	省治	1
sheng fan cong jian	省烦从简	1
sheng lve	省略	1
sheng lve hao	省略号	1
xing shi	省视	1
sheng xia shi	省辖市	1
mei tou yi zhou	眉头一皱	1
mei tou bu shen	眉头不伸	1
mei tou yan wei	眉头眼尾	1
mei shao	眉梢	1
mei mao hu zi yi ba zhua	眉毛胡子一把抓	1
mei mu chuan qing	眉目传情	1
mei jie zhi nei	眉睫之内	1
mei yu mu xiao	眉语目笑	1
kan bu shang yan	看不上眼	1
kan bu guo	看不过	1
kan ren xia cai	看人下菜	1
kan ren xia cai die er	看人下菜碟儿	1
kan ren mei yan	看人眉眼	1
kan ren mei jie	看人眉睫	1
kan ren xing shi	看人行事	1
kan tou er	看头儿	1
kan shou nei ge	看守内阁	1
kan jia xi	看家戏	1
kan jia ben shi	看家本事	1
kan jia ben ling	看家本领	1
kan jia gou	看家狗	1
kan zuo	看座	1
kan de shang	看得上	1
kan de dong	看得懂	1
kan de qing	看得清	1
kan bian	看扁	1
kan ya	看押	1
kan jing sheng qing	看景生情	1
kan zhu cheng bi	看朱成碧	1
kan sha wei jie	看杀卫玠	1
kan ban	看板	1
kan si	看死	1
kan lou	看漏	1
kan xiang	看相	1
kan po hong chen	看破红尘	1
kan xiao hua	看笑话	1
kan cha	看茶	1
kan cai chi fan	看菜吃饭	1
kan cai nu	看财奴	1
kan die	看跌	1
kan qing	看轻	1
kan men gou	看门狗	1
kan qing	看青	1
kan gu	看顾	1
kan feng shi fan	看风使帆	1
kan feng shi duo	看风使舵	1
kan feng shi chuan	看风使船	1
kan feng shi chuan	看风驶船	1
zhen ren bu lou xiang	真人不露相	1
zhen chuan	真传	1
zhen wei mo bian	真伪莫辨	1
zhen jue	真倔	1
zhen ping shi ju	真凭实据	1
zhen fen shu	真分数	1
zhen ming shi xing	真名实姓	1
zhen shu	真数	1
zhen ben shi	真本事	1
zhen qiang shi dan	真枪实弹	1
zhen ge de	真格的	1
zhen shuai	真率	1
zhen xiang da bai	真相大白	1
zhen xiang bi lu	真相毕露	1
zhen zhen jia jia	真真假假	1
zhen zhi	真知	1
zhen zhi zhuo jian	真知卓见	1
zhen zhi zhuo jian	真知灼见	1
zhen kong beng	真空泵	1
zhen kong guan	真空管	1
zhen jun jie	真菌界	1
zhen jin bu pa huo	真金不怕火	1
zhen jin bu pa huo lian	真金不怕火炼	1
zhen jin bu du	真金不镀	1
mian yun wo shi	眠云卧石	1
mian si meng xiang	眠思梦想	1
mian hua su liu	眠花宿柳	1
mian hua jie liu	眠花藉柳	1
zi lie fa zhi	眦裂发指	1
zha yan jian	眨眼间	1
xuan bi cheng zhu	眩碧成朱	1
juan hong wei cui	眷红偎翠	1
yan bu jian wei jing	眼不见为净	1
yan zhong ba ding	眼中拔钉	1
yan zhong you tie	眼中有铁	1
yan zhong ding	眼中钉	1
yan nei wu zhu	眼内无珠	1
yan yun	眼晕	1
yan kuang zi	眼眶子	1
yan kong si hai	眼空四海	1
yan hua liao luan	眼花撩乱	1
yan hua que luan	眼花雀乱	1
yan jian de	眼见得	1
yan guan liu lu	眼观六路	1
yan chan du bao	眼馋肚饱	1
zhao san bu zhao liang	着三不着两	1
zhuo shu li shuo	着书立说	1
zhuo ren xian bian	着人先鞭	1
zhuo ren ban li	着人办理	1
zhuo li yu	着力于	1
zhuo mo	着墨	1
zhao mang	着忙	1
zhuo yi	着意	1
zhao huang	着慌	1
zhuo shou cheng chun	着手成春	1
zhao shu	着数	1
zhe shui	着水	1
zhao fa	着法	1
zhuo yan yu	着眼于	1
zhuo yan dian	着眼点	1
zhuo bi	着笔	1
zhuo luo	着落	1
zhuo bian	着边	1
zhuo zhong hao	着重号	1
zhuo zhong dian	着重点	1
zhao feng	着风	1
zhao mo	着魔	1
sui mian ang bei	睟面盎背	1
shui wo bu ning	睡卧不宁	1
shui rong	睡容	1
shui yi	睡椅	1
shui xiang	睡相	1
shui yan xing song	睡眼惺忪	1
shui yan meng long	睡眼蒙眬	1
du shuai	督率	1
du mai	督脉	1
pi ni	睥睨	1
pi ni yi qie	睥睨一切	1
du zhou	睹咒	1
du shi zhi zhong	睹始知终	1
du wei zhi zhu	睹微知著	1
du jing shang qing	睹景伤情	1
du wu xing qing	睹物兴情	1
du wu si ren	睹物思人	1
du zhe zhi wei	睹着知微	1
du zhu zhi wei	睹著知微	1
chou jian	瞅见	1
chen mu qie chi	瞋目切齿	1
xia pao	瞎炮	1
xia zuo mo	瞎琢磨	1
xia meng	瞎蒙	1
xia shuo ba dao	瞎说八道	1
ming si ku xiang	瞑思苦想	1
man shang bu man xia	瞒上不瞒下	1
man shang qi xia	瞒上欺下	1
man chan	瞒产	1
man hong	瞒哄	1
man tian da huang	瞒天大谎	1
man tian mei di	瞒天昧地	1
man tian man di	瞒天瞒地	1
man tian yao jia	瞒天要价	1
man tian tao jia	瞒天讨价	1
man tian guo hai	瞒天过海	1
man xin mei ji	瞒心昧己	1
man shen nong gui	瞒神弄鬼	1
cheng hu qi hou	瞠乎其后	1
pie yi yan	瞥一眼	1
qiao de qi	瞧得起	1
deng mu jie she	瞪目结舌	1
deng yan ze she	瞪眼咋舌	1
shun xi wan bian	瞬息万变	1
shun xi zhi jian	瞬息之间	1
liao wang	瞭望	1
liao wang tai	瞭望台	1
liao wang shao	瞭望哨	1
kan xia si xi	瞰瑕伺隙	1
qu tang xia	瞿塘峡	1
ju ran	瞿然	1
qu mai	瞿麦	1
mao dun lun	矛盾论	1
jin gong bu li	矜功不立	1
jin gong fa shan	矜功伐善	1
jin gong fa neng	矜功伐能	1
jin gong shi chong	矜功恃宠	1
jin gong zi fa	矜功自伐	1
jin gong fu qi	矜功负气	1
jin ming du neng	矜名妒能	1
jin ming ji neng	矜名嫉能	1
jin kua	矜夸	1
jin ji zi shi	矜己自饰	1
jin ping zao shi	矜平躁释	1
jin yu shi zhi	矜愚饰智	1
jin cai shi qi	矜才使气	1
jin zhi fu neng	矜智负能	1
jin jiu shou liao	矜纠收缭	1
jin neng fu cai	矜能负才	1
jin pin xu du	矜贫恤独	1
jin pin jiu e	矜贫救厄	1
jin gui	矜贵	1
shi bu xu fa	矢不虚发	1
shi kou fou ren	矢口否认	1
shi zai xian shang	矢在弦上	1
shi jin bing qiong	矢尽兵穷	1
shi zhi bu yu	矢志不渝	1
shi zhi bu yi	矢志不移	1
shi zhong bu er	矢忠不二	1
shi shi	矢石	1
shi shi zhi nan	矢石之难	1
shi che ju	矢车菊	1
zhi yi wan bi	知一万毕	1
zhi zhi wei zhi zhi	知之为知之	1
zhi shu da li	知书达礼	1
zhi liao	知了	1
zhi shi	知事	1
zhi jiao	知交	1
zhi ren	知人	1
zhi ren xia shi	知人下士	1
zhi ren zhi ming	知人之明	1
zhi ren shan ren	知人善任	1
zhi ren zhi mian bu zhi xin	知人知面不知心	1
zhi ren lun shi	知人论世	1
zhi qi yi bu zhi qi er	知其一不知其二	1
zhi qi bu ke wei er wei zhi	知其不可为而为之	1
zhi leng zhi re	知冷知热	1
zhi you	知友	1
zhi ming dang shi	知名当世	1
zhi ming	知命	1
zhi ming bu you	知命不忧	1
zhi ming zhi nian	知命之年	1
zhi ming le tian	知命乐天	1
zhi di zhi tian	知地知天	1
zhi zi mo ruo fu	知子莫若父	1
zhi xiao mou da	知小谋大	1
zhi jin neng suo	知尽能索	1
zhi zhou	知州	1
zhi ji zhi yu	知己之遇	1
zhi di	知底	1
zhi bi zhi ji	知彼知己	1
zhi wang jian jin	知往鉴今	1
zhi wei zhi zhang	知微知彰	1
zhi xin ren	知心人	1
zhi xin hua	知心话	1
zhi en bao de	知恩报德	1
zhi en bao en	知恩报恩	1
zhi qing bu ju	知情不举	1
zhi qing bu bao	知情不报	1
zhi qing da li	知情达理	1
zhi wo zui wo	知我罪我	1
zhi wu bu yan	知无不言	1
zhi yi xing nan	知易行难	1
zhi lai cang wang	知来藏往	1
zhi gen zhi di	知根知底	1
zhi zhi bu dai	知止不殆	1
zhi fa fan fa	知法犯法	1
zhi zhao	知照	1
zhi teng zhao re	知疼着热	1
zhi teng zhao yang	知疼着痒	1
zhi bai shou hei	知白守黑	1
zhi xiu shi lian	知羞识廉	1
zhi zhe	知者	1
zhi neng	知能	1
zhi rong shou ru	知荣守辱	1
zhi xing he yi	知行合一	1
zhi shi chan ye	知识产业	1
zhi shi hua	知识化	1
zhi shi bao ku	知识宝库	1
zhi shi mi ji chan ye	知识密集产业	1
zhi shi jiu shi li liang	知识就是力量	1
zhi shi gong chang	知识工厂	1
zhi shi gong cheng	知识工程	1
zhi shi geng xin	知识更新	1
zhi shi bao zha	知识爆炸	1
zhi shi jie	知识界	1
zhi shi lao hua	知识老化	1
zhi shi cai chan	知识财产	1
zhi shi bian zhi	知识贬值	1
zhi shi qing nian	知识青年	1
zhi qu	知趣	1
zhi zu bu ru	知足不辱	1
zhi zu chang le	知足常乐	1
zhi zu zhi zhi	知足知止	1
zhi guo bi gai	知过必改	1
zhi guo neng gai	知过能改	1
zhi yu	知遇	1
zhi yu zhi en	知遇之恩	1
zhi nan er jin	知难而进	1
zhi nan er tui	知难而退	1
zhi xiong shou ci	知雄守雌	1
zhi qing dian	知青点	1
ju chi	矩尺	1
ju bu fang xing	矩步方行	1
jiao shi li su	矫世励俗	1
jiao shi li su	矫世厉俗	1
jiao shi bian su	矫世变俗	1
jiao guo geng su	矫国更俗	1
jiao guo ge su	矫国革俗	1
jiao wei li jiao	矫尾厉角	1
jiao qing gan yu	矫情干誉	1
jiao qing zhen wu	矫情镇物	1
jiao qing shi xing	矫情饰行	1
jiao qing shi zha	矫情饰诈	1
jiao qing shi mao	矫情饰貌	1
jiao rou zao zuo	矫揉造作	1
jiao shi man wu	矫时慢物	1
jiao wang guo zhong	矫枉过中	1
jiao wang guo dang	矫枉过当	1
jiao wang guo zheng	矫枉过正	1
jiao wang guo zhi	矫枉过直	1
jiao jiao bu qun	矫矫不群	1
jiao ruo jing long	矫若惊龙	1
jiao ruo you long	矫若游龙	1
jiao yan wei xing	矫言伪行	1
jiao xie gui zheng	矫邪归正	1
duan bu liao	短不了	1
duan zhong qu chang	短中取长	1
duan chuan	短传	1
duan bing xiang jie	短兵相接	1
duan ju	短句	1
duan hao	短号	1
duan tan chang xu	短叹长吁	1
duan chi shao chuan	短吃少穿	1
duan shou	短寿	1
duan shao	短少	1
duan da	短打	1
duan ge xing	短歌行	1
duan qian	短浅	1
duan he bu wan	短褐不完	1
duan he chuan jie	短褐穿结	1
duan jian	短见	1
duan jian bo shi	短见薄识	1
duan xun	短训	1
duan pao	短跑	1
duan chang	短长	1
duan gu	短骨	1
ai ge	矮个	1
ai ge zi	矮个子	1
ai ren kan chang	矮人看场	1
ai ren kan xi	矮人看戏	1
ai ren guan chang	矮人观场	1
ai zi kan xi	矮子看戏	1
ai zi guan chang	矮子观场	1
shi guan	石关	1
shi jue ming	石决明	1
shi dao	石刀	1
shi jiang	石匠	1
shi yin	石印	1
shi tai	石台	1
shi fang	石坊	1
shi kan	石坎	1
shi cheng	石城	1
shi cheng tang chi	石城汤池	1
shi yan	石堰	1
shi dun	石墩	1
shi tou cheng	石头城	1
shi tou zi er	石头子儿	1
shi nv	石女	1
shi zi er	石子儿	1
shi shi	石室	1
shi shi jin gui	石室金匮	1
shi shi jin gui	石室金鐀	1
shi you feng	石尤风	1
shi wu	石屋	1
shi ping	石屏	1
shi shan	石山	1
shi gong	石工	1
shi gong	石弓	1
shi jing	石径	1
shi xin mu chang	石心木肠	1
shi dan	石担	1
shi gong qiao	石拱桥	1
shi fu	石斧	1
shi fang	石方	1
shi lan	石栏	1
shi li	石栗	1
shi mian	石棉	1
shi mian wa	石棉瓦	1
shi guan	石棺	1
shi nan	石楠	1
shi lou	石楼	1
shi liu hua	石榴花	1
shi liu qun	石榴裙	1
shi cao	石槽	1
shi shen da hai	石沈大海	1
shi chen da hai	石沉大海	1
shi he zi shi	石河子市	1
shi you qi	石油气	1
shi quan	石泉	1
shi le hai ku	石泐海枯	1
shi dong	石洞	1
shi qu	石渠	1
shi huo guang yin	石火光阴	1
shi huo dian guang	石火电光	1
shi huo feng deng	石火风灯	1
shi huo feng zhu	石火风烛	1
shi hui yan	石灰岩	1
shi hui shui	石灰水	1
shi hui shi	石灰石	1
shi tan	石炭	1
shi lan jiang ku	石烂江枯	1
shi lan hai ku	石烂海枯	1
shi ban	石版	1
shi shi zi	石狮子	1
shi shi shi	石狮市	1
shi yan	石盐	1
shi po tian jing	石破天惊	1
shi dui	石碓	1
shi gun	石磙	1
shi mo	石磨	1
shi zhu	石竹	1
shi sun	石笋	1
shi bi	石笔	1
shi long	石笼	1
shi ji	石级	1
shi jing	石经	1
shi jian jin kui	石缄金匮	1
shi yang	石羊	1
shi nao you	石脑油	1
shi jiu	石臼	1
shi fang	石舫	1
shi ying bo li	石英玻璃	1
shi ying biao	石英表	1
shi ying zhong	石英钟	1
shi chang pu	石菖蒲	1
shi rui	石蕊	1
shi rui shi zhi	石蕊试纸	1
shi la	石蜡	1
shi chi bu duo	石赤不夺	1
shi zhong ru	石钟乳	1
shi suo	石锁	1
shi qing	石青	1
shi wei	石韦	1
shi shou	石首	1
shi gu	石鼓	1
shi gu wen	石鼓文	1
gan shi	矸石	1
fan shi	矾石	1
kuang ti	矿体	1
kuang quan hu	矿泉壶	1
kuang wu you	矿物油	1
kuang mai	矿脉	1
kuang xin	矿芯	1
kuang cang	矿藏	1
kuang che	矿车	1
kuang zhang	矿长	1
ma duo	码垛	1
sha nang	砂囊	1
qi kuai	砌块	1
qi zhu	砌筑	1
qi hong dui lv	砌红堆绿	1
qi ci nie kong	砌词捏控	1
yan xi	研习	1
yan jing lian dou	研京练都	1
yan xiu ban	研修班	1
yan xiu sheng	研修生	1
yan ni	研拟	1
yan ji zong wei	研机综微	1
yan xi	研析	1
yan sang xin ji	研桑心计	1
yan qiu	研求	1
yan jing dan li	研精殚力	1
yan jing dan si	研精殚思	1
yan jing bi zhi	研精毕智	1
yan jing jiu wei	研精究微	1
yan jing jie lv	研精竭虑	1
yan jing zhi si	研精致思	1
yan jing ku si	研精苦思	1
yan jing tan si	研精覃思	1
yan jing gou shen	研精钩深	1
yan jing chan wei	研精阐微	1
yan jing zhu shi	研经铸史	1
yan tao ban	研讨班	1
zhuan chang	砖厂	1
zhuan wa chang	砖瓦厂	1
yan tai	砚台	1
yan shi	砚石	1
di li ming hao	砥厉名号	1
di zhi yan si	砥志研思	1
di zhu zhong liu	砥柱中流	1
di shi	砥石	1
di li ming hao	砥砺名号	1
di li ming jie	砥砺名节	1
di li zhuo mo	砥砺琢磨	1
di li feng jie	砥砺风节	1
di jie li xing	砥节励行	1
di jie li xing	砥节厉行	1
di jie feng gong	砥节奉公	1
di jie li xing	砥节砺行	1
di xing mo ming	砥行磨名	1
di xing li ming	砥行立名	1
di shen li xing	砥身砺行	1
bian shi	砭石	1
bian gu	砭骨	1
po shang feng	破伤风	1
po ti zi	破体字	1
po jun sha jiang	破军杀将	1
po guo wang jia	破国亡家	1
po tou lan e	破头烂额	1
po jian fa fu	破奸发伏	1
po jia	破家	1
po jia sang chan	破家丧产	1
po jia wei guo	破家为国	1
po jia wang guo	破家亡国	1
po jia xian ling	破家县令	1
po jia jie chan	破家竭产	1
po jia dang ye	破家荡业	1
po jia dang chan	破家荡产	1
po jia bai chan	破家败产	1
po ya jue jiao	破崖绝角	1
po chou wei xiao	破愁为笑	1
po zhe hao	破折号	1
po tong zhi ye	破桐之叶	1
po lang cheng feng	破浪乘风	1
po ti wei xiao	破涕为笑	1
po lan bu kan	破烂不堪	1
po lan er	破烂儿	1
po pian	破片	1
po wa han yao	破瓦寒窑	1
po wa tui yuan	破瓦颓垣	1
po zeng bu gu	破甑不顾	1
po xiang	破相	1
po ju wei yuan	破矩为圆	1
po yue	破约	1
po gan mi wei	破肝糜胃	1
po luo	破落	1
po luo hu	破落户	1
po yi fu	破衣服	1
po yi lan shan	破衣烂衫	1
po gu wei yuan	破觚为圜	1
po du	破读	1
po fu shen zhou	破釜沈舟	1
po jing fen chai	破镜分钗	1
po jing chong he	破镜重合	1
po jing chong yuan	破镜重圆	1
po chu mi xin	破除迷信	1
li shi mo dun	砺世摩钝	1
li shi mo dun	砺世磨钝	1
li shi	砺石	1
li shi	砾石	1
chu qi er yu	础泣而雨	1
chu run er yu	础润而雨	1
chu shi	础石	1
shuo da wu peng	硕大无朋	1
shuo da wu bi	硕大无比	1
shuo wang xiu de	硕望宿德	1
shuo guo jin cun	硕果仅存	1
xiao yun dan yu	硝云弹雨	1
xiao hua	硝化	1
xiao yan	硝盐	1
xiao shi	硝石	1
liu hua wu	硫化物	1
ying ren wu	硬任务	1
ying chong	硬充	1
ying huan jing	硬环境	1
ying zhuo lu	硬着陆	1
ying bi shu fa	硬笔书法	1
ying yu pan kong	硬语盘空	1
ying tong huo	硬通货	1
ying mian	硬面	1
ying ding	硬顶	1
que hu bu ba	确乎不拔	1
que zao bu yi	确凿不移	1
que qie bu yi	确切不移	1
que gu bu ba	确固不拔	1
que dang	确当	1
que ran bu qun	确然不群	1
que xi	确系	1
que fei	确非	1
ding bo	碇泊	1
lu lu	碌碌	1
lu lu gua he	碌碌寡合	1
lu lu wu wei	碌碌无为	1
lu lu wu qi	碌碌无奇	1
lu lu wu neng	碌碌无能	1
lu lu wu wen	碌碌无闻	1
liu zhou	碌碡	1
ai kou shi xiu	碍口识羞	1
ai nan	碍难	1
ai nan cong ming	碍难从命	1
sui shi wan duan	碎尸万段	1
sui xin lie dan	碎心裂胆	1
sui mo er	碎末儿	1
sui wa tui yuan	碎瓦颓垣	1
sui shen fen gu	碎身粉骨	1
sui shen mi qu	碎身糜躯	1
sui shou mi qu	碎首糜躯	1
sui gu fen shi	碎骨粉尸	1
sui gu fen shen	碎骨粉身	1
bei tie	碑帖	1
bei ta	碑拓	1
bei shi	碑石	1
bei jie	碑碣	1
bei shen	碑身	1
wu fu hun yu	碔砆混玉	1
wan gui	碗柜	1
wan chu	碗橱	1
wan wan qiang	碗碗腔	1
dian hua wu	碘化物	1
dian yan	碘盐	1
dian ding	碘酊	1
jie shi	碣石	1
bi kong	碧空	1
bi kong ru xi	碧空如洗	1
bi luo huang quan	碧落黄泉	1
bi xue	碧血	1
bi xue dan xin	碧血丹心	1
bi huan hong xiu	碧鬟红袖	1
peng tou hui	碰头会	1
peng peng che	碰碰车	1
peng ding zi	碰钉子	1
jian di	碱地	1
jian jin shu	碱金属	1
jian mian er	碱面儿	1
tan hua wu	碳化物	1
tan hua gui	碳化硅	1
tan shui hua he wu	碳水化合物	1
tan su gang	碳素钢	1
cha er	碴儿	1
cha kou	碴口	1
nian chang	碾场	1
nian fang	碾坊	1
nian mo	碾磨	1
ci ti	磁体	1
ci hua	磁化	1
ci bao	磁暴	1
ci shi	磁石	1
pang bo	磅礴	1
bang cheng	磅秤	1
lei lang bu ji	磊浪不羁	1
lei gui bu ji	磊瑰不羁	1
lei lei luo luo	磊磊落落	1
lei luo	磊落	1
lei luo bu fan	磊落不凡	1
lei luo bu ji	磊落不羁	1
lei luo guang ming	磊落光明	1
lei luo hao heng	磊落豪横	1
lei luo yi dang	磊落轶荡	1
lei luo sa shuang	磊落飒爽	1
pan shi zhi gu	磐石之固	1
pan shi zhi an	磐石之安	1
ke tou ru dao	磕头如捣	1
ke tou ru dao suan	磕头如捣蒜	1
ke tou peng nao	磕头碰脑	1
ke tou li bai	磕头礼拜	1
ke tou chong	磕头虫	1
ke da	磕打	1
mo bu kai	磨不开	1
mo guang	磨光	1
mo ju	磨具	1
mo dao bu wu kan chai gong	磨刀不误砍柴工	1
mo dao ca qiang	磨刀擦枪	1
mo dao huo huo	磨刀霍霍	1
mo zhi	磨制	1
mo li yi xu	磨厉以须	1
mo dao	磨叨	1
mo zui	磨嘴	1
mo zui pi	磨嘴皮	1
mo fang	磨坊	1
mo zi	磨子	1
mo xing lian xing	磨形炼性	1
mo kuai	磨快	1
mo fang	磨房	1
mo shan	磨扇	1
mo zhe	磨折	1
mo quan ca zhang	磨拳擦掌	1
mo hun jue kui	磨昬抉聩	1
mo chu zuo zhen	磨杵作针	1
mo chu cheng zhen	磨杵成针	1
mo leng wan jiao	磨棱刓角	1
mo yang gong	磨洋工	1
mo xi	磨洗	1
mo fan	磨烦	1
mo ya zao chi	磨牙凿齿	1
mo ya shun xue	磨牙吮血	1
mo pan	磨盘	1
mo pan liang yuan	磨盘两圆	1
mo dun zhi xia	磨盾之暇	1
mo shi	磨石	1
mo sha bo li	磨砂玻璃	1
mo zhuan cheng jing	磨砖成镜	1
mo di ke li	磨砥刻厉	1
mo li yi xu	磨砺以须	1
mo long di li	磨砻底厉	1
mo long jin guan	磨砻浸灌	1
mo long di li	磨砻砥砺	1
mo long juan qie	磨砻镌切	1
mo mo	磨磨	1
mo long jin guan	磨礲浸灌	1
mo long cui li	磨礲淬励	1
mo long di li	磨礲砥砺	1
mo chuan tie yan	磨穿铁砚	1
mo chuan tie xie	磨穿铁鞋	1
mo mi	磨米	1
mo hao	磨耗	1
mo gu	磨菇	1
mo shi	磨蚀	1
mo dou fu	磨豆腐	1
mo zhong mie ding	磨踵灭顶	1
mo qian ce jian	磨铅策蹇	1
mo mian	磨面	1
qing shi zhi gu	磬石之固	1
qing zhu nan shu	磬竹难书	1
qing bi nan shu	磬笔难书	1
meng shi	礞石	1
li wei qing mao	礼为情貌	1
li yue	礼乐	1
li fo	礼佛	1
li quan	礼券	1
li dan	礼单	1
li huai yue beng	礼坏乐崩	1
li duo ren bu guai	礼多人不怪	1
li she ning jian	礼奢宁俭	1
li beng yue huai	礼崩乐坏	1
li tie	礼帖	1
li jiao	礼教	1
li shu	礼数	1
li wu bu da	礼无不答	1
li pao	礼炮	1
li rang wei guo	礼让为国	1
she jiao quan	社交圈	1
she hui zhu yi ge ming	社会主义革命	1
she hui cun zai	社会存在	1
she hui zong xu qiu	社会总需求	1
she hui yi shi	社会意识	1
she hui jiao yu	社会教育	1
she hui xian da	社会贤达	1
she hui qing nian	社会青年	1
she xi	社戏	1
she yan qiu hong	社燕秋鸿	1
she dui qi ye	社队企业	1
xian jiao	祆教	1
qi shi ju	祈使句	1
qi pan	祈盼	1
qi yu	祈雨	1
zu sun	祖孙	1
zu zong jia fa	祖宗家法	1
zu zong fa du	祖宗法度	1
zu mu lv	祖母绿	1
zu fu mu	祖父母	1
zu lv	祖率	1
qu shu	祛暑	1
qu yi	祛疑	1
qu bing	祛病	1
qu xie	祛邪	1
qu feng	祛风	1
zhu bu sheng zu	祝不胜诅	1
zhu fa wen shen	祝发文身	1
zhu fa kong men	祝发空门	1
zhu yan zhu geng	祝咽祝哽	1
zhu jiu ge	祝酒歌	1
shen bu shou she	神不守舍	1
shen bu shou she	神不收舍	1
shen bu zhi gui bu xiao	神不知鬼不晓	1
shen bu zhi gui bu jue	神不知鬼不觉	1
shen bu fu ti	神不附体	1
shen sang dan luo	神丧胆落	1
shen hu qi ji	神乎其技	1
shen hu qi shen	神乎其神	1
shen xian zhong ren	神仙中人	1
shen xian hui	神仙会	1
shen hui	神会	1
shen hui xin rong	神会心融	1
shen fo	神佛	1
shen shi gui cha	神使鬼差	1
shen bing tian jiang	神兵天将	1
shen chu gui mo	神出鬼没	1
shen gong sheng hua	神功圣化	1
shen qu gui ao	神区鬼奥	1
shen hao gui ku	神号鬼哭	1
shen hao gui qi	神号鬼泣	1
shen hua gui jiao	神哗鬼叫	1
shen tou gui lian	神头鬼脸	1
shen tou gui mian	神头鬼面	1
shen nv	神女	1
shen nv feng	神女峰	1
shen miao mo ce	神妙莫测	1
shen zhou chi xian	神州赤县	1
shen chai gui shi	神差鬼使	1
shen cha gui qian	神差鬼遣	1
shen zhi bu qing	神志不清	1
shen si	神思	1
shen si huang hu	神思恍惚	1
shen yi qi yu	神怿气愉	1
shen qing bu shu	神情不属	1
shen qing zi ruo	神情自若	1
shen yi zi ruo	神意自若	1
shen qu	神曲	1
shen shu miao ji	神术妙计	1
shen ji mo ce	神机莫测	1
shen shu gui cang	神枢鬼藏	1
shen gun	神棍	1
shen wu gua guan	神武挂冠	1
shen qing gu xiu	神清骨秀	1
shen zhan gu han	神湛骨寒	1
shen qi	神祇	1
shen mi zhu yi	神秘主义	1
shen jing zhong shu	神经中枢	1
shen jing guan neng zheng	神经官能症	1
shen jing xian wei	神经纤维	1
shen jing guo min	神经过敏	1
shen se bu dong	神色不动	1
shen se bu jing	神色不惊	1
shen se zi ruo	神色自若	1
shen cang gui fu	神藏鬼伏	1
shen mo yuan suan	神谟远算	1
shen tong guang da	神通广大	1
shen dao she jiao	神道设教	1
shen cai yi yi	神采奕奕	1
shen cai yi ran	神采奕然	1
shen cai huan fa	神采焕发	1
shen cai ying ba	神采英拔	1
shen que	神阙	1
shen xiao jiang que	神霄绛阙	1
shen ling yi de	神领意得	1
shen gui bu ce	神鬼不测	1
shen gui mo ce	神鬼莫测	1
shen gui nan ce	神鬼难测	1
shen hun bu ding	神魂不定	1
shen hun dian dao	神魂颠倒	1
shen long shi shi	神龙失埶	1
shen long jian shou	神龙见首	1
shen long jian shou bu jian wei	神龙见首不见尾	1
xiang feng shi yu	祥风时雨	1
piao ju jiao huan suo	票据交换所	1
piao kuan	票款	1
ji pin	祭品	1
jin wei sheng rong	祲威盛容	1
huo bu dan xing	祸不单行	1
huo bu xuan zhong	祸不旋踵	1
huo zhong you fu	祸中有福	1
huo wei fu xian	祸为福先	1
huo cong kou chu	祸从口出	1
huo cong kou sheng	祸从口生	1
huo cong tian jiang	祸从天降	1
huo ying e ren	祸盈恶稔	1
huo fu tong men	祸福同门	1
huo fu you ming	祸福有命	1
huo fu xiang yi	祸福相依	1
huo fu xiang yi	祸福相倚	1
huo fu xiang sheng	祸福相生	1
huo ren e ji	祸稔恶积	1
huo jie bing lian	祸结兵连	1
huo po mei jie	祸迫眉睫	1
bing tie	禀帖	1
bing xing nan yi	禀性难移	1
jin bu qi	禁不起	1
jin zhong po mu	禁中颇牧	1
jin shu	禁书	1
jin li	禁例	1
jin jun	禁军	1
jin zhi	禁制	1
jin wei	禁卫	1
jin wei jun	禁卫军	1
jin shou	禁受	1
jin shou	禁售	1
jin di	禁地	1
jin zi	禁子	1
jin lv	禁律	1
jin de zhu	禁得住	1
jin de qi	禁得起	1
jin ji zheng	禁忌症	1
jin qing ge yu	禁情割欲	1
jin gong qin bing	禁攻寝兵	1
jin fang	禁放	1
jin bao zheng luan	禁暴正乱	1
jin bao zhu luan	禁暴诛乱	1
jin tiao	禁条	1
jin guo	禁果	1
jin yu	禁欲	1
jin zhi ling xing	禁止令行	1
jin hui	禁毁	1
jin yu	禁渔	1
jin huo	禁火	1
jin mu	禁牧	1
jin wu	禁物	1
jin lie	禁猎	1
jin jue	禁绝	1
jin wang shu kuo	禁网疏阔	1
jin luan	禁脔	1
jin she kai sai	禁舍开塞	1
jin du	禁赌	1
jin zu	禁足	1
jin yun	禁运	1
jin jiu	禁酒	1
jin bi	禁闭	1
jin bi shi	禁闭室	1
jin zu	禁阻	1
jin shi	禁食	1
jin ding yi luan	禁鼎一脔	1
chan shi diao long	禅世雕龙	1
chan tang	禅堂	1
chan xue	禅学	1
chan ding	禅定	1
chan xin	禅心	1
chan wu	禅悟	1
chan yi	禅意	1
chan fang	禅房	1
chan ji	禅机	1
chan zhang	禅杖	1
chan lin	禅林	1
chan xu zhan ni	禅絮沾泥	1
shan rang	禅让	1
chan men	禅门	1
chan yuan	禅院	1
fu bu ying zi	福不盈眦	1
fu wei huo xian	福为祸先	1
fu wei huo shi	福为祸始	1
fu fen	福分	1
fu di	福地	1
fu di dong tian	福地洞天	1
fu sun yin zi	福孙荫子	1
fu shou kang ning	福寿康宁	1
fu shou wu jiang	福寿无疆	1
fu shou qi tian	福寿齐天	1
fu jiang	福将	1
fu xiang	福相	1
fu qu shou che	福衢寿车	1
fu guo zai sheng	福过灾生	1
yu xing shun qu	禹行舜趋	1
li shi dun shang	离世遁上	1
li xiang bie jing	离乡别井	1
li xiang bie tu	离乡别土	1
li xiang bei jing	离乡背井	1
li xiang bei tu	离乡背土	1
li he bei huan	离合悲欢	1
li qi gu guai	离奇古怪	1
li shan diao hu	离山调虎	1
li gang	离岗	1
li xian zhi jian	离弦之箭	1
li xin beng	离心泵	1
li qing bie xu	离情别绪	1
li ben yao mo	离本徼末	1
li ben qu mo	离本趣末	1
li xi fen beng	离析分崩	1
li xi huan ben	离析涣奔	1
li jie	离解	1
li jian	离间	1
li ti wan li	离题万里	1
li sao	离骚	1
li hun qian nv	离魂倩女	1
li luan bie feng	离鸾别凤	1
li luan bie hu	离鸾别鹄	1
li luan bie he	离鸾别鹤	1
qin kun fu che	禽困覆车	1
he chang	禾场	1
xiu chu ban hang	秀出班行	1
xiu wai hui zhong	秀外慧中	1
xiu er bu shi	秀而不实	1
xiu se ke can	秀色可餐	1
si liao	私了	1
si chou	私仇	1
si hui	私会	1
si fen	私分	1
si nang	私囊	1
si dou	私斗	1
si huo er	私活儿	1
si shu di zi	私淑弟子	1
si xiang shou shou	私相授受	1
si ying jing ji	私营经济	1
si cang	私藏	1
si jian	私见	1
tu fa	秃发	1
tu wei ba	秃尾巴	1
tu piao er	秃瓢儿	1
gan er	秆儿	1
bing gong ren zhi	秉公任直	1
bing gong zhi fa	秉公执法	1
bing zheng	秉正	1
bing zheng wu si	秉正无私	1
bing zhu dai dan	秉烛待旦	1
bing jie chi zhong	秉节持重	1
bing yao zhi ben	秉要执本	1
bing jun dang zhou	秉钧当轴	1
bing jun chi zhou	秉钧持轴	1
qiu ling	秋令	1
qiu liang	秋凉	1
qiu fen	秋分	1
qiu shi chun hua	秋实春华	1
qiu shan jian juan	秋扇见捐	1
qiu shou dong cang	秋收冬藏	1
qiu jing	秋景	1
qiu yue chun feng	秋月春风	1
qiu hao bu fan	秋毫不犯	1
qiu hao jian juan	秋毫见捐	1
qiu zhong	秋种	1
qiu se ping fen	秋色平分	1
qiu lai	秋莱	1
qiu chan	秋蝉	1
qiu xing xia ling	秋行夏令	1
qiu zhuang	秋装	1
qiu feng tuan shan	秋风团扇	1
qiu feng sao ye	秋风扫叶	1
qiu feng sao luo ye	秋风扫落叶	1
qiu feng wan shan	秋风纨扇	1
qiu feng luo ye	秋风落叶	1
qiu feng guo er	秋风过耳	1
qiu gao qi he	秋高气和	1
zhong bie	种别	1
zhong xing	种姓	1
zhong zi tian	种子田	1
zhong zi dui	种子队	1
zhong shu	种属	1
zhong cha	种差	1
zhong niu	种牛	1
zhong niu dou	种牛痘	1
zhong zhu	种猪	1
zhong gua de gua	种瓜得瓜	1
zhong chu	种畜	1
zhong dou	种痘	1
zhong qin	种禽	1
zhong dao	种稻	1
zhong zi	种籽	1
zhong xi	种系	1
zhong yang	种羊	1
zhong cao	种草	1
zhong dan	种蛋	1
zhong dou de dou	种豆得豆	1
zhong ma	种马	1
zhong ma	种麻	1
ke tou ji ju	科头箕踞	1
ke tou xian zu	科头跣足	1
ke xue she hui zhu yi	科学社会主义	1
ke ji cheng	科技城	1
ke ji jie	科技界	1
ke jiao pian	科教片	1
ke yan suo	科研所	1
bi yan miu shuo	秕言谬说	1
mi chuan	秘传	1
mi shi	秘史	1
mi bao	秘宝	1
mi ben	秘本	1
mi er bu xuan	秘而不宣	1
mi er bu yan	秘而不言	1
mi er bu lu	秘而不露	1
mi cang	秘藏	1
zu jia	租价	1
zu dian	租佃	1
zu jie di	租借地	1
zu di	租地	1
zu yong diao	租庸调	1
zu zhong	租种	1
zu yue	租约	1
cheng bu li tuo	秤不离砣	1
cheng ping dou man	秤平斗满	1
cheng gan	秤杆	1
cheng tuo sui xiao ya qian jin	秤砣虽小压千斤	1
cheng chui luo jing	秤锤落井	1
qin shi qi lu	秦失其鹿	1
qin jin zhi hao	秦晋之好	1
qin gui	秦桧	1
qin jiao	秦艽	1
ji bu xiang neng	积不相能	1
ji xi nan gai	积习难改	1
ji xi nan chu	积习难除	1
ji yi wei chang	积以为常	1
ji gong xing ye	积功兴业	1
ji xiao cheng da	积小成大	1
ji shao cheng duo	积少成多	1
ji sui lei yue	积岁累月	1
ji nian lei sui	积年累岁	1
ji nian lei yue	积年累月	1
ji wei cheng zhu	积微成著	1
ji de lei ren	积德累仁	1
ji de lei gong	积德累功	1
ji de lei shan	积德累善	1
ji si guang yi	积思广益	1
ji e yu yang	积恶余殃	1
ji shu	积数	1
ji ri lei jiu	积日累久	1
ji ri lei sui	积日累岁	1
ji ri lei yue	积日累月	1
ji shi lei ri	积时累日	1
ji hui xiao gu	积毁销骨	1
ji sha cheng ta	积沙成塔	1
ji sha cheng tan	积沙成滩	1
ji jia shan qi	积甲山齐	1
ji su lei jiu	积素累旧	1
ji cao tun liang	积草屯粮	1
ji xin hou liao	积薪候燎	1
ji chan mo gu	积谗磨骨	1
ji chan mei gu	积谗糜骨	1
ji pin ji ruo	积贫积弱	1
ji zhong bu fan	积重不反	1
ji zhong bu fan	积重不返	1
ji zhong nan fan	积重难反	1
ji zhong nan fan	积重难返	1
ji jin lei yu	积金累玉	1
ji zhu lei cun	积铢累寸	1
ji yu	积雨	1
ji yu yun	积雨云	1
ji xue nang ying	积雪囊萤	1
ji lu wei bo	积露为波	1
ji shi	积食	1
chen ti cai yi	称体裁衣	1
chen ti zai yi	称体载衣	1
cheng bian	称便	1
cheng xiong dao di	称兄道弟	1
cheng bing	称兵	1
cheng gong song de	称功颂德	1
cheng tan	称叹	1
cheng qi	称奇	1
cheng qi dao jue	称奇道绝	1
cheng gu dao gua	称孤道寡	1
chen jia you wu	称家有无	1
cheng yin	称引	1
cheng de duo gong	称德度功	1
chen xin	称心	1
chen xin ru yi	称心如意	1
chen xin kuai yi	称心快意	1
chen xin man yi	称心满意	1
cheng kuai	称快	1
cheng yi	称意	1
chen yuan	称愿	1
chen shou	称手	1
cheng yang	称扬	1
cheng chai er cuan	称柴而爨	1
cheng wang	称王	1
cheng wang cheng ba	称王称霸	1
cheng bing	称病	1
cheng jue	称绝	1
cheng xian	称羡	1
cheng chen	称臣	1
cheng chen na gong	称臣纳贡	1
cheng xin er cuan	称薪而爨	1
cheng yu	称誉	1
cheng xu	称许	1
cheng shuo	称说	1
cheng xie	称谢	1
cheng xian jian neng	称贤荐能	1
cheng dai	称贷	1
cheng he	称贺	1
cheng shang	称赏	1
cheng shang bu yi	称赏不已	1
chen shen	称身	1
cheng shu	称述	1
cheng liang	称量	1
cheng xiong	称雄	1
cheng yu dao qing	称雨道晴	1
cheng song	称颂	1
yi ru	移入	1
yi dong ba	移动靶	1
yi xiao wei zhong	移孝为忠	1
yi shan dao hai	移山倒海	1
yi shan tian hai	移山填海	1
yi ri bu ye	移日卜夜	1
yi xing huan dou	移星换斗	1
yi you zu wu	移有足无	1
yi gen huan ye	移根换叶	1
yi gen jie ye	移根接叶	1
yi zun jiu jiao	移樽就教	1
yi qi yang ti	移气养体	1
yi di jiu jian	移的就箭	1
yi jie	移解	1
yi feng chong jiao	移风崇教	1
yi feng ping su	移风平俗	1
yi feng zhen su	移风振俗	1
yi feng gai su	移风改俗	1
yi feng yi su	移风易俗	1
yi feng yi shang	移风易尚	1
yi feng ge su	移风革俗	1
hui de gou xing	秽德垢行	1
hui yan wu yu	秽言污语	1
xi la	稀拉	1
xi you yuan su	稀有元素	1
xi you jin shu	稀有金属	1
xi ni	稀泥	1
xi liu liu	稀溜溜	1
xi xi la la	稀稀拉拉	1
xi xi luo luo	稀稀落落	1
xi luo	稀落	1
lang bu lang you bu you	稂不稂莠不莠	1
lang you bu qi	稂莠不齐	1
shao wei	稍为	1
shao shi	稍事	1
shao xi	稍息	1
shao zong ji shi	稍纵即逝	1
shao sheng yi chou	稍胜一筹	1
shao xu	稍许	1
shao xun	稍逊	1
shao xun yi chou	稍逊一筹	1
shao qing	稍顷	1
shui wu yuan	税务员	1
shui wu guan	税务官	1
shui dan	税单	1
shui qia	税卡	1
shui qi	税契	1
shui an	税案	1
shui piao	税票	1
ren e bu quan	稔恶不悛	1
ren e ying guan	稔恶盈贯	1
ren e cang jian	稔恶藏奸	1
ren zhi	稔知	1
bai zi mian	稗子面	1
bai zi mian mo mo	稗子面馍馍	1
bai guan xiao shuo	稗官小说	1
zhi chi wo tuo	稚齿婑媠	1
chou ren guang zhong	稠人广众	1
chou ren guang zuo	稠人广坐	1
chou ren guang zuo	稠人广座	1
chou du	稠度	1
chou hu	稠糊	1
wen bian	稳便	1
wen zuo diao yu tai	稳坐钓鱼台	1
wen zha wen da	稳扎稳打	1
wen cao zuo quan	稳操左券	1
wen cao sheng quan	稳操胜券	1
wen wen dang dang	稳稳当当	1
dao zi	稻子	1
dao wen bing	稻瘟病	1
dao zhong	稻种	1
jia se jian nan	稼穑艰难	1
ji gu zhen jin	稽古振今	1
ji gu kui jin	稽古揆今	1
ji cha	稽察	1
ji yan	稽延	1
ji zheng	稽征	1
ji liu	稽留	1
ji yi song nan	稽疑送难	1
ji kao	稽考	1
qi shou	稽首	1
gao yuan	稿源	1
gao yue	稿约	1
mu ru qing feng	穆如清风	1
rang rang man jia	穰穰满家	1
xue tou	穴头	1
xue ju ye chu	穴居野处	1
jiu qi shi	究其实	1
jiu jie	究诘	1
qiong bu shi yi	穷不失义	1
qiong qie yi jian	穷且益坚	1
qiong xiong ji e	穷凶极恶	1
qiong ze si bian	穷则思变	1
qiong yuan jing wei	穷原竟委	1
qiong kun liao dao	穷困潦倒	1
qiong da shi ju	穷大失居	1
qiong tian ji di	穷天极地	1
qiong jia fu lu	穷家富路	1
qiong kou wu zhui	穷寇勿追	1
qiong jin	穷尽	1
qiong shan e shui	穷山恶水	1
qiong xiang lou shi	穷巷陋室	1
qiong nian lei shi	穷年累世	1
qiong nian lei yue	穷年累月	1
qiong dang yi jian	穷当益坚	1
qiong xing jin xiang	穷形尽相	1
qiong chou liao dao	穷愁潦倒	1
qiong qi	穷期	1
qiong ji si bian	穷极思变	1
qiong ji yao miao	穷极要妙	1
qiong gen jiu di	穷根究底	1
qiong yuan jing wei	穷源竟委	1
qiong yuan ben lin	穷猿奔林	1
qiong li jin xing	穷理尽性	1
qiong jiang jiu	穷讲究	1
qiong tu liao dao	穷途潦倒	1
qiong gu tou	穷骨头	1
kong zhong xiao jie	空中小姐	1
kong zhong lou ge	空中楼阁	1
kong zhong guan zhi	空中管制	1
kong fa	空乏	1
kong er	空儿	1
kong chu	空出	1
kong qian jue hou	空前绝后	1
kong qin	空勤	1
kong bao dan	空包弹	1
kong kou	空口	1
kong kou wu ping	空口无凭	1
kong kou shuo bai hua	空口说白话	1
kong ming	空名	1
kong han	空喊	1
kong chang	空场	1
kong cheng	空城	1
kong cheng ji	空城计	1
kong yu	空域	1
kong tou zhi piao	空头支票	1
kong shi qing ye	空室清野	1
kong ji	空寂	1
kong dui kong	空对空	1
kong huan	空幻	1
kong kuo	空廓	1
kong dang	空当	1
kong xin chi yao	空心吃药	1
kong xin tang yuan	空心汤圆	1
kong xin zhuan	空心砖	1
kong huai	空怀	1
kong fang	空房	1
kong quan	空拳	1
kong dang	空挡	1
kong wen	空文	1
kong wu	空无	1
kong ming	空明	1
kong xia	空暇	1
kong you	空有	1
kong jia zi	空架子	1
kong huan xi	空欢喜	1
kong qi ya suo ji	空气压缩机	1
kong qi yu	空气浴	1
kong fan	空泛	1
kong dong wu wu	空洞无物	1
kong dong dong	空洞洞	1
kong hai	空海	1
kong pao	空炮	1
kong shu	空疏	1
kong bie	空瘪	1
kong bai dian	空白点	1
kong xue	空穴	1
kong kong ru ye	空空如也	1
kong kong dao dan	空空导弹	1
kong kong dong dong	空空洞洞	1
kong zhu	空竹	1
kong hao	空耗	1
kong chang	空肠	1
kong qiang	空腔	1
kong fu pian pian	空腹便便	1
kong fu gao xin	空腹高心	1
kong dang	空荡	1
kong luo	空落	1
kong luo luo	空落落	1
kong xi jing bao	空袭惊报	1
kong yan	空言	1
kong lun	空论	1
kong hua lian pian	空话连篇	1
kong tiao bing	空调病	1
kong tan kuai yi	空谈快意	1
kong gu	空谷	1
kong gu chuan sheng	空谷传声	1
kong gu you lan	空谷幽兰	1
kong gu bai ju	空谷白驹	1
kong gu zu yin	空谷足音	1
kong fei ci shuo	空费词说	1
kong shen	空身	1
kong zhuan	空转	1
kong su	空速	1
kong jian ji shu	空间技术	1
kong kuo	空阔	1
kong fang	空防	1
kong ji	空际	1
kong e	空额	1
kong shi	空驶	1
chuan yun po wu	穿云破雾	1
chuan yun lie shi	穿云裂石	1
chuan jing de ren	穿井得人	1
chuan zao fu hui	穿凿附会	1
chuan tang men	穿堂门	1
chuan tang feng	穿堂风	1
chuan jia dan	穿甲弹	1
chuan zhuo da ban	穿着打扮	1
chuan hong zhuo lv	穿红着绿	1
tu ji shou	突击手	1
tu di	突地	1
tu shen	突审	1
tu yu	突遇	1
qie ju	窃据	1
qie ju yao jin	窃据要津	1
qie qie si yu	窃窃私语	1
yao tiao shu nv	窈窕淑女	1
yao ding	窑顶	1
zhi ai nan xing	窒碍难行	1
jiao cang	窖藏	1
chuang kou hang ye	窗口行业	1
chuang shan	窗扇	1
chuang ming ji jing	窗明几净	1
chuang ji	窗机	1
chuang ge zi	窗格子	1
chuang yan	窗沿	1
chuang jian guo ma	窗间过马	1
jiong xiang	窘相	1
wo nang fei	窝囊废	1
wo nang qi	窝囊气	1
wo tou	窝头	1
wo jia	窝家	1
wo wo tou	窝窝头	1
wo cang	窝藏	1
wo bian cao	窝边草	1
wo li fan	窝里反	1
wo pu	窝铺	1
kui si	窥伺	1
kui duo	窥度	1
kui kan	窥看	1
kui jian	窥见	1
kui jian yi ban	窥见一斑	1
kui jian si xi	窥间伺隙	1
li yu bu bai zhi di	立于不败之地	1
li zhuan	立传	1
li ti jiao cha	立体交叉	1
li ti ji he	立体几何	1
li ti dian ying	立体电影	1
li ti lv hua	立体绿化	1
li di	立地	1
li di shu chu	立地书厨	1
li di shu chu	立地书橱	1
li di cheng fo	立地成佛	1
li she	立射	1
li fang ti	立方体	1
li mu nan men	立木南门	1
li gui	立柜	1
li zheng	立正	1
li bei	立碑	1
li deng ke qu	立等可取	1
li yue	立约	1
li lun	立论	1
li tan zhi jian	立谈之间	1
li zu zhi di	立足之地	1
li shen chu shi	立身处世	1
li shen xing ji	立身行己	1
li zhou	立轴	1
li zhui zhi di	立锥之地	1
li ma wan yan	立马万言	1
zhan tai piao	站台票	1
zhan gui tai	站柜台	1
zhan xiang	站相	1
zhan piao	站票	1
jing zheng ji zhi	竞争机制	1
jing mai	竞卖	1
jing tou	竞投	1
jing duan zheng chang	竞短争长	1
jing gou	竟购	1
zhang ju zhi tu	章句之徒	1
zhang ju xiao ru	章句小儒	1
zhang tai yang liu	章台杨柳	1
tong pu	童仆	1
tong bian	童便	1
tong nv	童女	1
tong shan zhuo zhuo	童山濯濯	1
tong niu jiao ma	童牛角马	1
tong nan tong nv	童男童女	1
tong meng	童蒙	1
tong che	童车	1
tong yin	童音	1
tong yan he fa	童颜鹤发	1
jie jin	竭尽	1
jie jin xin li	竭尽心力	1
jie zhong jin zhi	竭忠尽智	1
jie zhi jin li	竭智尽力	1
jie zhi jin zhong	竭智尽忠	1
jie ze fen sou	竭泽焚薮	1
jie ze er yu	竭泽而渔	1
jie cheng jin jie	竭诚尽节	1
jie cheng xiang dai	竭诚相待	1
duan li	端丽	1
duan ren zheng shi	端人正士	1
duan ni ke cha	端倪可察	1
duan ben zheng yuan	端本正源	1
duan ben cheng yuan	端本澄源	1
duan xiang	端相	1
duan jie	端节	1
duan zhong	端重	1
duan liang	端量	1
zhu deng	竹凳	1
zhu zhi pin	竹制品	1
zhu ye qing	竹叶青	1
zhu tou mu xie	竹头木屑	1
zhu lian zi	竹帘子	1
zhu pai	竹排	1
zhu gang	竹杠	1
zhu zhi	竹枝	1
zhu zhi ci	竹枝词	1
zhu bai yi xin	竹柏异心	1
zhu yi	竹椅	1
zhu long	竹笼	1
zhu tong dao dou zi	竹筒倒豆子	1
zhu kuai	竹筷	1
zhu qian er	竹签儿	1
zhu lou zi	竹篓子	1
zhu lan da shui	竹篮打水	1
zhu lan da shui yi chang kong	竹篮打水一场空	1
zhu jie	竹节	1
zhu sun	竹荪	1
gan tou yi bu	竿头一步	1
gan tou ri shang	竿头日上	1
gan tou ri jin	竿头日进	1
gan tou zhi shang	竿头直上	1
du xin	笃信	1
du xin hao xue	笃信好学	1
du xue bu juan	笃学不倦	1
du xue hao gu	笃学好古	1
du shi hao xue	笃实好学	1
du zhi hao xue	笃志好学	1
du er lun zhi	笃而论之	1
du xing	笃行	1
du lun gao yan	笃论高言	1
du jin ju yuan	笃近举远	1
ba dou	笆斗	1
sun gan	笋干	1
sun gan er	笋干儿	1
xiao bu ke yang	笑不可仰	1
xiao ao feng yue	笑傲风月	1
xiao lie lie	笑咧咧	1
xiao ha ha	笑哈哈	1
xiao chang	笑场	1
xiao rong ke ju	笑容可掬	1
xiao rong man mian	笑容满面	1
xiao wen	笑纹	1
xiao er bu da	笑而不答	1
xiao li cang dao	笑里藏刀	1
xiao mian ye cha	笑面夜叉	1
bi hui	笔会	1
bi ti	笔体	1
bi gong	笔供	1
bi zhong yan chuan	笔冢研穿	1
bi xue	笔削	1
bi xue bao bian	笔削褒贬	1
bi mo heng zi	笔墨横姿	1
bi da ru chuan	笔大如椽	1
bi tou er	笔头儿	1
bi tou sheng hua	笔头生花	1
bi di xia	笔底下	1
bi di chun feng	笔底春风	1
bi di sheng hua	笔底生花	1
bi di chao sheng	笔底超生	1
bi di long she	笔底龙蛇	1
bi sao qian jun	笔扫千军	1
bi gan	笔杆	1
bi gan er	笔杆儿	1
bi xi	笔洗	1
bi da	笔答	1
bi guan tiao zhi	笔管条直	1
bi diao	笔调	1
bi zou long she	笔走龙蛇	1
sheng qing tong yin	笙磬同音	1
fu hao lun	符号论	1
fu jie	符节	1
ben bo	笨伯	1
ben tou ben nao	笨头笨脑	1
di yi xin hao xi tong	第一信号系统	1
di yi ci shi jie da zhan	第一次世界大战	1
di san ti dui	第三梯队	1
di er xin hao xi tong	第二信号系统	1
di er ti dui	第二梯队	1
di wu zong dui	第五纵队	1
po luo	笸箩	1
long zhong zhi niao	笼中之鸟	1
long luo	笼络	1
long luo ren xin	笼络人心	1
long niao jian yuan	笼鸟槛猿	1
long niao chi yu	笼鸟池鱼	1
deng yi xia	等一下	1
deng bu ji	等不及	1
deng jia jiao huan	等价交换	1
deng jia wu	等价物	1
deng jia lian cheng	等价连城	1
deng fen	等份	1
deng fen	等分	1
deng ya xian	等压线	1
deng cha	等差	1
deng cha shu lie	等差数列	1
deng cha ji shu	等差级数	1
deng bi shu lie	等比数列	1
deng bi ji shu	等比级数	1
deng li xiang kang	等礼相亢	1
deng ji zhi	等级制	1
deng er shang zhi	等而上之	1
deng yao san jiao xing	等腰三角形	1
deng ju li	等距离	1
deng bian san jiao xing	等边三角形	1
deng liang	等量	1
deng liang qi guan	等量齐观	1
deng e	等额	1
jin dou	筋斗	1
jin luo	筋络	1
jin mai	筋脉	1
jin jie	筋节	1
kuang qie zhong wu	筐箧中物	1
zhu tan bai jiang	筑坛拜将	1
zhu shi fan geng	筑室反耕	1
zhu shi dao mou	筑室道谋	1
zhu chao yin feng	筑巢引凤	1
zhu she dao bang	筑舍道傍	1
tong wa	筒瓦	1
da yun	答允	1
da bai	答拜	1
da shu	答数	1
da li	答理	1
da li	答礼	1
da qiang	答腔	1
da cha er	答茬儿	1
da yan	答言	1
da shan	答讪	1
da ci	答词	1
da hua	答话	1
da yu	答语	1
da bian hui	答辩会	1
da wen	答问	1
da fei suo wen	答非所问	1
ce ming wei zhi	策名委质	1
ce ying	策应	1
ce yuan di	策源地	1
ce lun	策论	1
ce wan mo dun	策顽磨钝	1
shai fen	筛分	1
shai hao	筛号	1
shai zi	筛子	1
shai xi	筛洗	1
shai luo lei gu	筛锣擂鼓	1
chou zu	筹组	1
qian dao bu	签到簿	1
qian zi	签子	1
qian tiao	签条	1
jian si shu mi	简丝数米	1
jian ren	简任	1
jian kuang	简况	1
jian fen shu	简分数	1
jian qie liao dang	简切了当	1
jian hua zi	简化字	1
jian hua han zi	简化汉字	1
jian dan lao dong	简单劳动	1
jian tu	简图	1
jian tie	简帖	1
jian jie liao dang	简截了当	1
jian kuo	简括	1
jian jie liao dang	简捷了当	1
jian zheng	简政	1
jian ming e yao	简明扼要	1
jian piao	简朴	1
jian sheng	简省	1
jian yue xiang he	简约详核	1
jian suo	简缩	1
jian neng er ren	简能而任	1
jian luo hu li	简落狐狸	1
jian yao bu fan	简要不烦	1
jian yao qing tong	简要清通	1
jian ping	简评	1
jian xian ren neng	简贤任能	1
gu er	箍儿	1
ji shan zhi jie	箕山之节	1
ji shan zhi feng	箕山之风	1
ji dou	箕斗	1
ji qiu xiang ji	箕裘相继	1
ji feng bi yu	箕风毕雨	1
suan chi	算尺	1
guan zhong kui tian	管中窥天	1
guan zhong kui bao	管中窥豹	1
guan yue	管乐	1
guan yue qi	管乐器	1
guan yue dui	管乐队	1
guan er deng	管儿灯	1
guan qu	管区	1
guan ning ge xi	管宁割席	1
guan jia po	管家婆	1
guan xian yue	管弦乐	1
guan jiao suo	管教所	1
guan pian	管片	1
guan kui li ce	管窥蠡测	1
guan jian	管见	1
guan jian suo ji	管见所及	1
guan feng qin	管风琴	1
guan bao fen jin	管鲍分金	1
luo kuang	箩筐	1
dan piao lv kong	箪瓢屡空	1
dan dou jian se	箪豆见色	1
dan si hu jiang	箪食壶浆	1
dan si hu jiu	箪食壶酒	1
dan si piao yin	箪食瓢饮	1
jian bu xu fa	箭不虚发	1
jian zai xian shang	箭在弦上	1
jian duo	箭垛	1
xiang di	箱底	1
xiang shi	箱式	1
xiang long	箱笼	1
zhu chang wan duan	箸长碗短	1
zhuan ti	篆体	1
zhuan ke jia	篆刻家	1
pian shi	篇什	1
lou zi	篓子	1
gao tou	篙头	1
lan tan	篮坛	1
li zha	篱栅	1
li lao quan bu ru	篱牢犬不入	1
li luo	篱落	1
peng che	篷车	1
mie pian	篾片	1
dian wen ru shui	簟纹如水	1
fu gui bu chi	簠簋不饬	1
zan zi	簪子	1
bo dong	簸动	1
bo tu yang sha	簸土扬沙	1
bo nong	簸弄	1
bo ji	簸箕	1
bo luo	簸箩	1
bo dang	簸荡	1
bu ce	簿册	1
bu zi	簿子	1
bu ji	簿籍	1
bu ji	簿记	1
ji mo	籍没	1
jie mao	籍茅	1
mi chi	米尺	1
mi tang	米汤	1
mi gao	米糕	1
mi dou fu	米豆腐	1
lei tong	类同	1
lei du su	类毒素	1
lei ju qun fen	类聚群分	1
zi zhong	籽种	1
fen fang	粉坊	1
fen mo deng chang	粉墨登场	1
fen zhuang yu zhuo	粉妆玉琢	1
fen zhuang yu qi	粉妆玉砌	1
fen cai	粉彩	1
fen tiao	粉条	1
fen sha	粉沙	1
fen zhuang	粉状	1
fen bai dai lv	粉白黛绿	1
fen sui xing	粉碎性	1
fen zhuang yu zhuo	粉装玉琢	1
fen shen hui gu	粉身灰骨	1
fen shen sui gu	粉身碎骨	1
fen diao yu zhuo	粉雕玉琢	1
fen mian zhu chun	粉面朱唇	1
fen mian you tou	粉面油头	1
fen gu juan qu	粉骨捐躯	1
fen gu sui shen	粉骨碎身	1
fen gu mi shen	粉骨糜身	1
fen gu mi qu	粉骨糜躯	1
li zhuang	粒状	1
cu zhong you xi	粗中有细	1
cu jia gong	粗加工	1
cu hou	粗厚	1
cu xin da yi	粗心大意	1
cu shou ben jiao	粗手笨脚	1
cu fu luan tou	粗服乱头	1
cu zhi da ye	粗枝大叶	1
cu huo er	粗活儿	1
cu qian	粗浅	1
cu ying	粗硬	1
cu hua ni	粗花呢	1
cu yi e shi	粗衣恶食	1
cu yi li shi	粗衣粝食	1
cu pao li shi	粗袍粝食	1
cu feng bao yu	粗风暴雨	1
cu hei	粗黑	1
zhan xin feng	粘信封	1
nian he ji	粘合剂	1
zhan ya	粘牙	1
zhan pi dai gu	粘皮带骨	1
nian jie	粘结	1
tiao feng mai yu	粜风卖雨	1
li shi cu yi	粝食粗衣	1
su zi	粟子	1
su hong guan xiu	粟红贯朽	1
zhou shao seng duo	粥少僧多	1
zhou zhou wu neng	粥粥无能	1
fen tu bu ru	粪土不如	1
fen che	粪车	1
liang qu	粮区	1
liang dun	粮囤	1
liang duo cao guang	粮多草广	1
liang jin yuan jue	粮尽援绝	1
liang tian	粮田	1
liang piao	粮票	1
liang hang	粮行	1
liang shi zuo wu	粮食作物	1
can ran ke guan	粲然可观	1
can hua zhi lun	粲花之论	1
jing bing qiang jiang	精兵强将	1
jing jia gong	精加工	1
jing wei tian hai	精卫填海	1
jing zi ku	精子库	1
jing mi du	精密度	1
jing qiang li zhuang	精强力壮	1
jing dang	精当	1
jing ming qiang gan	精明强干	1
jing ming neng gan	精明能干	1
jing pi li jin	精疲力尽	1
jing que xing	精确性	1
jing shen bu zhen	精神不振	1
jing shen fen lie zheng	精神分裂症	1
jing shen tou er	精神头儿	1
jing shen dou sou	精神抖擞	1
jing shen huan fa	精神焕发	1
jing shen shuai ruo	精神衰弱	1
jing fang	精纺	1
jing bian	精编	1
jing xue	精血	1
jing zhuang ben	精装本	1
jing yao	精要	1
jing cheng tuan jie	精诚团结	1
jing cai xiu fa	精采秀发	1
jing si liao	精饲料	1
jing liu	精馏	1
rou he	糅合	1
hu kou du ri	糊口度日	1
hu tu chong	糊涂虫	1
hu tu dan	糊涂蛋	1
hu tu zhang	糊涂账	1
hu jing	糊精	1
hu hu tu tu	糊糊涂涂	1
zan ba	糌粑	1
gao gan	糕干	1
tang ye	糖业	1
tang ren er	糖人儿	1
tang bao	糖包	1
tang hua	糖化	1
tang chang	糖厂	1
tang kuai er	糖块儿	1
tang niao	糖尿	1
tang dan	糖弹	1
tang luo bo	糖萝卜	1
tang suan	糖蒜	1
tang yi pao dan	糖衣炮弹	1
tang shi	糖食	1
mei zi	糜子	1
mi fei	糜费	1
mi qu sui shou	糜躯碎首	1
zao kang zhi qi	糟糠之妻	1
zao kang zhi qi bu xia tang	糟糠之妻不下堂	1
kang dou bu shan	糠豆不赡	1
jiang hu	糨糊	1
xi lie ju	系列剧	1
xi lie hua	系列化	1
ji hao	系好	1
ji dai	系带	1
xi nian	系念	1
xi lian	系恋	1
ji bo	系泊	1
ji jin	系紧	1
ji sheng	系绳	1
ji sheng zi	系绳子	1
xi fu	系缚	1
xi ci	系词	1
xi pu	系谱	1
xi ling ren	系铃人	1
ji xie dai	系鞋带	1
xi feng bu ying	系风捕影	1
xi feng bu jing	系风捕景	1
xi ma mai lun	系马埋轮	1
su bu xiang neng	素不相能	1
su si gao yang	素丝羔羊	1
su jing	素净	1
su shu	素数	1
su fu	素服	1
su piao	素朴	1
su cheng	素称	1
su che bai ma	素车白马	1
su yin xing guai	素隐行怪	1
suo jia	索价	1
suo jie	索解	1
suo huan	索还	1
suo chou	索酬	1
suo yin xing guai	索隐行怪	1
jin da man qiao	紧打慢敲	1
jin zhe	紧着	1
jin beng beng	紧绷绷	1
jin xing wu hao bu	紧行无好步	1
jin yao guan tou	紧要关头	1
jin gen bu she	紧跟不舍	1
jin zhui bu she	紧追不舍	1
zi shi ying	紫石英	1
zi sui huai	紫穗槐	1
zi hong	紫红	1
zi hua mu xu	紫花苜蓿	1
zi wan	紫菀	1
zi shan	紫衫	1
zi yang guan	紫阳观	1
lei shi bu shi	累世不仕	1
lei fa	累乏	1
lei le	累了	1
lei luan	累卵	1
lei luan zhi wei	累卵之危	1
lei ji	累及	1
lei ji wu gu	累及无辜	1
lei tu ju sha	累土聚沙	1
lei tu zhi shan	累土至山	1
lei kuai ji su	累块积苏	1
lei kua le	累垮了	1
lei wu chong jia	累屋重架	1
lei jian qi gong	累建奇功	1
lei shou	累手	1
lei jiao bu gai	累教不改	1
lei yue jing nian	累月经年	1
lei ci	累次	1
lei si lei huo	累死累活	1
lei huo	累活	1
lei huo er	累活儿	1
lei du lian pian	累牍连篇	1
lei wa jie sheng	累瓦结绳	1
lei zhe	累着	1
lei lei zuo an	累累作案	1
lei lei shi wu	累累失误	1
lei lei ru zhu	累累如珠	1
lei su ji kuai	累苏积块	1
lei zu cheng bu	累足成步	1
lei jin shui	累进税	1
xu dao	絮叨	1
xu xu dao dao	絮絮叨叨	1
xu yu	絮语	1
qi xi li qi	綦溪利跂	1
fan li	繁丽	1
fan luan	繁乱	1
fan rong	繁冗	1
fan xing zhong fu	繁刑重赋	1
fan hua sun zhi	繁华损枝	1
fan bo	繁博	1
fan mi	繁密	1
fan xian ji guan	繁弦急管	1
fan zheng bo yin	繁征博引	1
fan wen	繁文	1
fan wen mo jie	繁文末节	1
fan wen ru li	繁文缛礼	1
fan wen ru jie	繁文缛节	1
fan chang	繁昌	1
fan zhi xi jie	繁枝细节	1
fan jian	繁简	1
fan ru	繁缛	1
fan wu	繁芜	1
fan hua	繁花	1
fan hua si jin	繁花似锦	1
fan ke	繁苛	1
fan mao	繁茂	1
fan rong xing wang	繁荣兴旺	1
fan rong fu qiang	繁荣富强	1
fan rong chang sheng	繁荣昌盛	1
fan nan	繁难	1
yao yi	繇役	1
jiu he	纠合	1
jiu he zhi zhong	纠合之众	1
jiu cha dui	纠察队	1
jiu feng	纠风	1
yu zun jiang gui	纡尊降贵	1
yu zhu huai jin	纡朱怀金	1
yu zhu tuo zi	纡朱拖紫	1
yu zhu ye zi	纡朱曳紫	1
hong bu leng deng	红不棱登	1
hong zhuan	红专	1
hong guang man mian	红光满面	1
hong qu	红区	1
hong shen	红参	1
hong kou bai ya	红口白牙	1
hong ye ti shi	红叶题诗	1
hong tu	红土	1
hong chang	红场	1
hong rang	红壤	1
hong tou	红头	1
hong tou wen jian	红头文件	1
hong nv	红女	1
hong zhuang	红妆	1
hong xue	红学	1
hong xiao dou	红小豆	1
hong xiao gui	红小鬼	1
hong yan	红岩	1
hong bu	红布	1
hong mao zi	红帽子	1
hong tong tong	红彤彤	1
hong de fa zi	红得发紫	1
hong qing lv yi	红情绿意	1
hong chou lv can	红愁绿惨	1
hong pu pu	红扑扑	1
hong jiao	红教	1
hong ban lang chuang	红斑狼疮	1
hong xin yue hui	红新月会	1
hong qi shou	红旗手	1
hong qi bao jie	红旗报捷	1
hong ri san gan	红日三竿	1
hong qu	红曲	1
hong shan	红杉	1
hong song	红松	1
hong liu	红柳	1
hong shu	红树	1
hong an	红案	1
hong qiao	红桥	1
hong mian	红棉	1
hong bang	红榜	1
hong mu zi	红模子	1
hong yin yin	红殷殷	1
hong shui he	红水河	1
hong gong	红汞	1
hong chao	红潮	1
hong cheng cheng	红澄澄	1
hong men	红焖	1
hong hu	红狐	1
hong yu	红玉	1
hong sheng	红生	1
hong nan lv nv	红男绿女	1
hong bai xi shi	红白喜事	1
hong pi	红皮	1
hong pi shu	红皮书	1
hong pan	红盘	1
hong yan bing	红眼病	1
hong piao	红票	1
hong fen	红粉	1
hong fen qing lou	红粉青楼	1
hong zi luan zhu	红紫乱朱	1
hong hong lv lv	红红绿绿	1
hong sheng ji zu	红绳系足	1
hong ying qiang	红缨枪	1
hong fu guan xiu	红腐贯朽	1
hong yan	红艳	1
hong yan yan	红艳艳	1
hong shao	红苕	1
hong yao shui	红药水	1
hong lian	红莲	1
hong teng	红藤	1
hong chong	红虫	1
hong dan	红蛋	1
hong zhi zhu	红蜘蛛	1
hong luo	红螺	1
hong xue qiu	红血球	1
hong yi zhu jiao	红衣主教	1
hong shuai cui jian	红衰翠减	1
hong zhuang	红装	1
hong dou xiang si	红豆相思	1
hong dou kou	红豆蔻	1
hong huo	红货	1
hong yun	红运	1
hong tong tong	红通通	1
hong tong	红铜	1
hong mei su	红霉素	1
hong ling zhang	红领章	1
hong yan bo ming	红颜薄命	1
hong fei cui wu	红飞翠舞	1
hong yu	红鱼	1
hong ma	红麻	1
xian jie zhi shi	纤介之失	1
qian fu	纤夫	1
xian xiao	纤小	1
xian chen	纤尘	1
xian chen bu ran	纤尘不染	1
xian qiao	纤巧	1
xian du	纤度	1
xian ruo	纤弱	1
xian wei	纤微	1
xian xi	纤悉	1
xian xi wu yi	纤悉无遗	1
qian shou	纤手	1
xian rou	纤柔	1
xian mao	纤毛	1
xian mao chong	纤毛虫	1
xian hao	纤毫	1
xian shou	纤瘦	1
xian xiu	纤秀	1
xian xian	纤纤	1
qian sheng	纤绳	1
xian wei ban	纤维板	1
xian wei liu	纤维瘤	1
xian jie zhi ji	纤芥之疾	1
xian chang	纤长	1
ge da	纥繨	1
yue fen	约分	1
yue tong	约同	1
yue ding su cheng	约定俗成	1
yue mo	约摸	1
yue shu	约数	1
yue qi	约期	1
yue fa	约法	1
yue fa san zhang	约法三章	1
yue lve	约略	1
yue mo	约莫	1
yue yan	约言	1
yue ji	约计	1
yue qing	约请	1
yue tan	约谈	1
yue ji	约集	1
ji ren	级任	1
ji cha	级差	1
wan shan	纨扇	1
wan ku zi di	纨绔子弟	1
wan ku zi di	纨袴子弟	1
wan ku gao liang	纨袴膏粱	1
ji zhuan ti	纪传体	1
ji yuan	纪元	1
ji nian	纪年	1
ji lv xing	纪律性	1
ji nian ce	纪念册	1
ji nian ka	纪念卡	1
ji nian tang	纪念堂	1
ji nian ta	纪念塔	1
ji nian feng	纪念封	1
ji nian wu	纪念物	1
ji nian zhang	纪念章	1
ji gang	纪纲	1
ji gang ren lun	纪纲人论	1
ji qun zhi jiao	纪群之交	1
ji xing	纪行	1
chun yi bu za	纯一不杂	1
chun shu pian ju	纯属骗局	1
chun piao	纯朴	1
chun zheng wu xie	纯正无邪	1
chun mao	纯毛	1
chun gang	纯钢	1
pi lou	纰漏	1
pi miu	纰缪	1
sha chang	纱厂	1
sha long	纱笼	1
gang ti ling qie	纲提领挈	1
gang mu bu shu	纲目不疏	1
gang ji	纲纪	1
gang ji fei chi	纲纪废弛	1
na liang	纳凉	1
na gou cang wu	纳垢藏污	1
na xin tu gu	纳新吐故	1
na gong cheng chen	纳贡称臣	1
na cai	纳采	1
na men er	纳闷儿	1
na xiang	纳降	1
zong ling	纵令	1
zong pou mian	纵剖面	1
zong zuo biao	纵坐标	1
zong sheng	纵声	1
zong duan mian	纵断面	1
zong qu wang zhi	纵曲枉直	1
zong heng jiao guan	纵横交贯	1
zong heng tian xia	纵横天下	1
zong heng jia	纵横家	1
zong heng kai he	纵横开合	1
zong heng kai he	纵横开阖	1
zong heng bai he	纵横捭阖	1
zong heng chi cheng	纵横驰骋	1
zong bu	纵步	1
zong bo	纵波	1
zong huo	纵火	1
zong mu	纵目	1
zong dang	纵荡	1
zong hu chu xia	纵虎出柙	1
zong hu gui shan	纵虎归山	1
zong lan	纵览	1
zong lun	纵论	1
zong tan	纵谈	1
zong guan	纵贯	1
zong jiu	纵酒	1
zong feng zhi liao	纵风止燎	1
zong ma	纵马	1
guan jin	纶巾	1
guan jin yu shan	纶巾羽扇	1
lun yin fo yu	纶音佛语	1
fen hong hai lv	纷红骇绿	1
fen yun za ta	纷纭杂沓	1
fen fen bu yi	纷纷不一	1
zhi bao bu zhu huo	纸包不住火	1
zhi jia	纸夹	1
zhi nian	纸捻	1
zhi jiang	纸浆	1
zhi duan qing chang	纸短情长	1
zhi piao	纸票	1
zhi luo yun yan	纸落云烟	1
zhi mian	纸面	1
wen si bu dong	纹丝不动	1
wen yang	纹样	1
wen yin	纹银	1
wen shi	纹饰	1
fang ji	纺机	1
fang xian	纺线	1
fang zhi niang	纺织娘	1
fang zhi gong ye	纺织工业	1
fang che	纺车	1
niu jie	纽结	1
xian ne	线呢	1
xian pi zi	线坯子	1
xian xing	线型	1
xian tou	线头	1
xian shou tao	线手套	1
xian ban	线板	1
xian li ti	线粒体	1
xian yi	线衣	1
xian wa	线袜	1
xian zhuang ben	线装本	1
xian ku	线裤	1
xian lu tu	线路图	1
xian zhou	线轴	1
lian xi qu	练习曲	1
lian xi bu	练习簿	1
lian gong fang	练功房	1
lian piao	练漂	1
zu ban	组办	1
zu he jia ju	组合家具	1
zu he shi	组合式	1
zu he gui	组合柜	1
zu qu	组曲	1
zu zhi shang	组织上	1
zu zhi guan xi	组织关系	1
zu zhi xue	组织学	1
zu zhi de dang	组织得当	1
zu zhi xing	组织性	1
zu zhi fa	组织法	1
zu zhi ye	组织液	1
zu zhi sheng huo	组织生活	1
zu zhi lu xian	组织路线	1
zu diao	组雕	1
xi bie	细别	1
xi fa	细发	1
xi jiao man yan	细嚼慢咽	1
xi da bu juan	细大不捐	1
xi da bu yu	细大不逾	1
xi xie zi	细屑子	1
xi wei mo jie	细微末节	1
xi tiao	细挑	1
xi tiao	细条	1
xi zhi mo jie	细枝末节	1
xi shui chang liu	细水长流	1
xi huo er	细活儿	1
xi liu liu	细溜溜	1
xi ci	细瓷	1
xi yao feng	细腰蜂	1
xi jun yu	细菌域	1
xi jun zha dan	细菌炸弹	1
xi jun jie	细菌界	1
xi du	细读	1
xi wen	细问	1
xi gao tiao er	细高挑儿	1
zhi pin	织品	1
zhi nv xing	织女星	1
zhi bu	织布	1
zhi bu ji	织布机	1
zhi dang fang bi	织当访婢	1
zhi cheng	织成	1
zhi ji	织机	1
zhi ran	织染	1
zhi chu cheng men	织楚成门	1
zhi bai shou hei	织白守黑	1
zhi hua	织花	1
zhi bu	织补	1
zhi jin	织金	1
zhi jin	织锦	1
zhi jin duan	织锦缎	1
zhong liao	终了	1
zhong qi tian nian	终其天年	1
zhong nan jie jing	终南捷径	1
zhong shi bu yu	终始不渝	1
zhong shi ruo yi	终始若一	1
zhong cheng pao ying	终成泡影	1
zhong shen zhi	终身制	1
zhong shen da shi	终身大事	1
zhong shen jiao yu	终身教育	1
ban er	绊儿	1
ban jiao shi	绊脚石	1
shao xing xi	绍兴戏	1
shao xing jiu	绍兴酒	1
jing jiu bu xi	经久不息	1
jing jiu bu shuai	经久不衰	1
jing zhuan	经传	1
jing juan	经卷	1
jing guo da ye	经国大业	1
jing tian wei di	经天纬地	1
jing chang hua	经常化	1
jing chuang	经幢	1
jing nian lei yue	经年累月	1
jing du	经度	1
jing ming xing xiu	经明行修	1
jing ji zhi cai	经济之才	1
jing ji he tong	经济合同	1
jing ji kai fa qu	经济开发区	1
jing ji gang gan	经济杠杆	1
jing ji lin	经济林	1
jing ji fan zui	经济犯罪	1
jing ji gui lv	经济规律	1
jing wei wan duan	经纬万端	1
jing wei du	经纬度	1
jing lun	经纶	1
jing lun ji shi	经纶济世	1
jing lun man fu	经纶满腹	1
jing xue	经血	1
jing bang lun dao	经邦论道	1
jing xiao dian	经销点	1
bang zha	绑扎	1
bang piao	绑票	1
jie bu jie yuan	结不解缘	1
jie yi	结义	1
jie qin	结亲	1
jie chou	结仇	1
jie huo	结伙	1
jie dang ying si	结党营私	1
jie fa	结发	1
jie fa fu qi	结发夫妻	1
jie he bu	结合部	1
jie hou	结喉	1
jie gou	结垢	1
jie hun zheng shu	结婚证书	1
jie zi	结子	1
jie cun	结存	1
jie mu	结幕	1
jie lu	结庐	1
jie cai	结彩	1
jie yuan	结怨	1
jie za	结扎	1
jie jing ti	结晶体	1
jie shu yu	结束语	1
jie he gan jun	结核杆菌	1
jie he jun	结核菌	1
jie ba	结疤	1
jie jia	结痂	1
jie she	结社	1
jie jie ba ba	结结巴巴	1
jie sheng er zhi	结绳而治	1
jie di zu zhi	结缔组织	1
jie wang	结网	1
jie mo	结膜	1
jie mo yan	结膜炎	1
jie she	结舌	1
jie she du kou	结舌杜口	1
jie cao xian huan	结草衔环	1
jie yu	结语	1
jie dui	结队	1
jie ji	结集	1
jie si lian qi	结驷连骑	1
rao kou ling	绕口令	1
rao quan zi	绕圈子	1
rao chang	绕场	1
rao yuan er	绕远儿	1
hui hua	绘划	1
gei yi	给以	1
ji ti	给体	1
ji yang	给养	1
ji shui	给水	1
ji shui qi	给水器	1
ji shui gong cheng	给水工程	1
ji shui zhan	给水站	1
ji shui guan	给水管	1
ji shui xiang	给水箱	1
gei lian bu yao lian	给脸不要脸	1
gei mian zi	给面子	1
xuan li duo zi	绚丽多姿	1
xuan li duo cai	绚丽多彩	1
jiang hong	绛红	1
lao zi	络子	1
luo yi	络绎	1
luo mai	络脉	1
luo sai	络腮	1
luo sai hu	络腮胡	1
luo sai hu zi	络腮胡子	1
jue dao	绝倒	1
jue qi ben gen	绝其本根	1
jue kou bu dao	绝口不道	1
jue chu feng sheng	绝处逢生	1
jue miao hao ci	绝妙好辞	1
jue zi jue sun	绝子绝孙	1
jue dui hua	绝对化	1
jue dui zhen li	绝对真理	1
jue shao fen gan	绝少分甘	1
jue shou	绝收	1
jue jing	绝景	1
jue gan fen shao	绝甘分少	1
jue zhao	绝着	1
jue yuan ti	绝缘体	1
jue yuan xing	绝缘性	1
jue chang ji duan	绝长继短	1
jue chang xu duan	绝长续短	1
jue chang bu duan	绝长补短	1
jiao che	绞车	1
tong yi ti	统一体	1
tong gong	统共	1
tong bao	统包	1
tong shu	统属	1
tong shuai bu	统帅部	1
tong zhao	统招	1
tong kuo	统括	1
tong she	统摄	1
tong shou	统收	1
tong shuai	统率	1
tong bian	统编	1
tong guan	统观	1
tong ji yuan	统计员	1
juan shan	绢扇	1
juan hua	绢画	1
xiu zhi	绣制	1
xiu pin	绣品	1
xiu hua zhen tou	绣花枕头	1
xiu hua zhen	绣花针	1
sui ning	绥宁	1
sui yuan	绥远	1
ji ren	继任	1
ji gui fen gao	继晷焚膏	1
ti pao zhi yi	绨袍之义	1
xu hui	续会	1
xu jian	续建	1
xu gao	续稿	1
xu pin	续聘	1
chuo you yu yu	绰有余裕	1
chuo yue	绰约	1
chuo yue duo zi	绰约多姿	1
chuo chuo	绰绰	1
chuo chuo you yu	绰绰有裕	1
sheng qi zu wu	绳其祖武	1
sheng chuang wa zao	绳床瓦灶	1
sheng qian jiu miu	绳愆纠缪	1
sheng qu chi bu	绳趋尺步	1
wei miao wei xiao	维妙维肖	1
mian li bo cai	绵力薄材	1
mian yan bu duan	绵延不断	1
mian mian bu duan	绵绵不断	1
mian mian bu jue	绵绵不绝	1
mian yan xi yu	绵言细语	1
mian li bo cai	绵里薄材	1
mian li cang zhen	绵里藏针	1
beng chang mian	绷场面	1
beng zi	绷子	1
beng ba diao kao	绷巴吊拷	1
beng ba diao kao	绷扒吊拷	1
beng pa diao kao	绷爬吊拷	1
beng huang	绷簧	1
beng lian	绷脸	1
chou mou	绸缪	1
chou mou wei wo	绸缪帷幄	1
chou mou shu xin	绸缪束薪	1
zong he ming shi	综核名实	1
lv ye cheng yin	绿叶成荫	1
lv ye cheng yin	绿叶成阴	1
lv nv hong nan	绿女红男	1
lv can hong chou	绿惨红愁	1
lv can hong xiao	绿惨红销	1
lv an hong xi	绿暗红稀	1
lu lin	绿林	1
lv lin da dao	绿林大盗	1
lu lin hao han	绿林好汉	1
lu lin qiang dao	绿林强盗	1
lu lin hao shi	绿林豪士	1
lu lin hao ke	绿林豪客	1
lu lin hao jie	绿林豪杰	1
lv shui qing shan	绿水青山	1
lv fei hong shou	绿肥红瘦	1
lv cao ru yin	绿草如茵	1
lv suo qing li	绿蓑青笠	1
lv yi shi zhe	绿衣使者	1
lv yi huang li	绿衣黄里	1
lv dou ying	绿豆蝇	1
lv jiu hong deng	绿酒红灯	1
lv bin zhu yan	绿鬓朱颜	1
lv bin hong yan	绿鬓红颜	1
jian kou bu yan	缄口不言	1
jian kou jie she	缄口结舌	1
ji xiong	缉凶	1
ji na	缉拿	1
ji bu	缉捕	1
ji cha	缉查	1
ji si	缉私	1
ji si ting	缉私艇	1
ji huo	缉获	1
yun he piao dan	缊褐瓢箪	1
si ma fu	缌麻服	1
huan bu ji ji	缓不济急	1
huan jian	缓建	1
huan ji xiang ji	缓急相济	1
huan ji qing zhong	缓急轻重	1
huan qi	缓期	1
huan bu dai che	缓步代车	1
huan po	缓破	1
huan xing	缓行	1
di he	缔合	1
di yue	缔约	1
bian nei	编内	1
bian chuang	编创	1
bian fa	编发	1
bian hou	编后	1
bian wei	编委	1
bian nian ti	编年体	1
bian jiao	编校	1
bian zhi pin	编织品	1
bian zhi wu	编织物	1
bian zhi dai	编织袋	1
bian jie	编结	1
bian hui	编绘	1
bian zhu	编著	1
yuan qing ti wu	缘情体物	1
yuan bu	缘簿	1
feng er	缝儿	1
feng he xian	缝合线	1
feng zi	缝子	1
feng gong	缝工	1
feng kou zi	缝扣子	1
feng qiong	缝穷	1
feng xian	缝线	1
feng zhui	缝缀	1
feng zhui po yi fu	缝缀破衣服	1
feng feng lian lian	缝缝连连	1
feng yi	缝衣	1
feng yi qian dai	缝衣浅带	1
feng bu	缝补	1
feng bu yi fu	缝补衣服	1
feng bei zi	缝被子	1
feng ji	缝际	1
chan jia bu qing	缠夹不清	1
chan mo	缠磨	1
chan jie	缠结	1
chan mian yun jie	缠绵蕴藉	1
ying zi	缨子	1
suo xie ben	缩写本	1
suo yin	缩印	1
suo hui	缩回	1
suo tu	缩图	1
suo di bu tian	缩地补天	1
suo tou	缩头	1
suo tou suo nao	缩头缩脑	1
suo tou suo jing	缩头缩颈	1
suo chi	缩尺	1
suo wei	缩微	1
suo cheng yi tuan	缩成一团	1
suo shou	缩手	1
suo shou suo jiao	缩手缩脚	1
suo shui lv	缩水率	1
suo lve	缩略	1
suo lve yu	缩略语	1
su sha	缩砂	1
su sha mi	缩砂密	1
suo jian	缩简	1
suo jin	缩紧	1
suo bian	缩编	1
suo suo	缩缩	1
suo ju	缩聚	1
suo yi se shi	缩衣啬食	1
suo yi jie kou	缩衣节口	1
suo yi jie shi	缩衣节食	1
suo jing	缩颈	1
miu zhong liu chuan	缪种流传	1
sao si chang	缫丝厂	1
jiao fu	缴付	1
jiao qiang	缴枪	1
jiao xie	缴械	1
jiao zu	缴租	1
jiao xiao	缴销	1
gang wa	缸瓦	1
gang gai	缸盖	1
que chi shao chuan	缺吃少穿	1
que yuan	缺员	1
que xin shao fei	缺心少肺	1
que jin shao liang	缺斤少两	1
que yi shao shi	缺衣少食	1
que shi wu yi	缺食无衣	1
qing jin	罄尽	1
qing zhu nan shu	罄竹难书	1
guan tou he	罐头盒	1
wang zi	网子	1
wang luo jing cha	网络警察	1
wang sheng	网绳	1
wang mi	网迷	1
wang zhi suo cuo	罔知所措	1
han you	罕有	1
han yan gua yu	罕言寡语	1
luo cha	罗刹	1
luo le	罗勒	1
luo quan	罗圈	1
luo quan er yi	罗圈儿揖	1
luo quan er tui	罗圈儿腿	1
luo quan tui	罗圈腿	1
luo jue yi kong	罗掘一空	1
luo fu you fu	罗敷有夫	1
luo dian	罗甸	1
luo wen	罗纹	1
luo zhi	罗织	1
luo zhi gou xian	罗织构陷	1
luo zhi zui ming	罗织罪名	1
luo que jue shu	罗雀掘鼠	1
luo fei yu	罗非鱼	1
fa bu dang zui	罚不当罪	1
fa bu ze zhong	罚不责众	1
fa mo	罚没	1
fa mo kuan	罚没款	1
gang feng	罡风	1
ba yan	罢演	1
ba sai	罢赛	1
ba chu bai jia	罢黜百家	1
zui bu ke huan	罪不可逭	1
zui bu rong zhu	罪不容诛	1
zui bu sheng zhu	罪不胜诛	1
zui ye shen zhong	罪业深重	1
zui ren bu nu	罪人不孥	1
zui da e ji	罪大恶极	1
zui nie shen zhong	罪孽深重	1
zui ying wan si	罪应万死	1
zui dang wan si	罪当万死	1
zui e zhao zhang	罪恶昭彰	1
zui e zhao zhu	罪恶昭著	1
zui e tao tian	罪恶滔天	1
zui e guan ying	罪恶贯盈	1
zui you ying de	罪有应得	1
zui you you gui	罪有攸归	1
zui xing lei lei	罪行累累	1
zui gai wan si	罪该万死	1
zui ze nan tao	罪责难逃	1
zui ni shen zhong	罪逆深重	1
zhi zhi bu gu	置之不顾	1
zhi zhi du wai	置之度外	1
zhi zhi si di	置之死地	1
zhi zhi si di er hou kuai	置之死地而后快	1
zhi zhi si di er hou sheng	置之死地而后生	1
zhi yu si di	置于死地	1
zhi ruo wang wen	置若罔闻	1
zhi zhui zhi di	置锥之地	1
li nan	罹难	1
yang guan	羊倌	1
yang ru hu qun	羊入虎群	1
yang juan	羊圈	1
yang tou	羊头	1
yang gong	羊工	1
yang tao	羊桃	1
yang mao chu zai yang shen shang	羊毛出在羊身上	1
yang mao zhi	羊毛脂	1
yang mao yi	羊毛衣	1
yang hao	羊毫	1
yang hen lang tan	羊狠狼贪	1
yang xian feng	羊痫风	1
yang dian feng	羊癫风	1
yang pi fa	羊皮筏	1
yang pi zhi	羊皮纸	1
yang rong shan	羊绒衫	1
yang xu xuan yu	羊续悬鱼	1
yang gao	羊羔	1
yang gao mei jiu	羊羔美酒	1
yang geng	羊羹	1
yang du	羊肚	1
yang chang	羊肠	1
yang chang jiu qu	羊肠九曲	1
yang chang xiao dao	羊肠小道	1
yang chang xian	羊肠线	1
yang chang niao dao	羊肠鸟道	1
yang zhi	羊脂	1
yang mo	羊膜	1
yang luo hu kou	羊落虎口	1
yang jiao	羊角	1
yang jiao feng	羊角风	1
yang chu fan li	羊触藩篱	1
yang zhi hu pi	羊质虎皮	1
yang chi	羊齿	1
mei bu sheng shou	美不胜收	1
mei di	美地	1
mei nv zan hua	美女簪花	1
mei ru guan yu	美如冠玉	1
mei rong shu	美容术	1
mei chai	美差	1
mei jing liang chen	美景良辰	1
mei shu zi	美术字	1
mei shu jia	美术家	1
mei shu pian	美术片	1
mei shu jie	美术界	1
mei hou er wang	美猴儿王	1
mei nan zi	美男子	1
mei cheng	美称	1
mei yan bu xin	美言不信	1
mei shi jia	美食家	1
ling yang gua jiao	羚羊挂角	1
ling yang jiao	羚羊角	1
di yang chu fan	羝羊触藩	1
xiu yu wei wu	羞与为伍	1
xiu yu kuai wu	羞与哙伍	1
xiu yu	羞于	1
xiu ren da da	羞人答答	1
xiu wu	羞恶	1
xiu da da	羞答答	1
xiu xiu da da	羞羞答答	1
xiu sao	羞臊	1
xiu mian jian ren	羞面见人	1
qun zhong guan xi	群众关系	1
qun zhong zu zhi	群众组织	1
qun kou xiang sheng	群口相声	1
qun ju xue chu	群居穴处	1
qun meng	群氓	1
qun kong ji bei	群空冀北	1
qun er bu dang	群而不党	1
qun ying hui	群英会	1
qun yi kui di	群蚁溃堤	1
qun yi fu shan	群蚁附膻	1
qun qi	群起	1
qun qing zhe zhou	群轻折轴	1
qun ci yu yu	群雌粥粥	1
qun diao	群雕	1
qun hong xi hai	群鸿戏海	1
jie yang	羯羊	1
xi huang shang ren	羲皇上人	1
geng chi	羹匙	1
geng tang	羹汤	1
geng li han qiu	羹藜唅糗	1
yu guan	羽冠	1
yu hua	羽化	1
yu tan	羽坛	1
yu shan	羽扇	1
yu shan guan jin	羽扇纶巾	1
yi she jiu ri	羿射九日	1
chi qiao	翅鞘	1
qiao qi	翘企	1
qiao wei ba	翘尾巴	1
qiao wang	翘望	1
qiao leng	翘棱	1
qiao chu	翘楚	1
qiao pan	翘盼	1
qiao she yin	翘舌音	1
qiao zu yin ling	翘足引领	1
qiao zu er dai	翘足而待	1
qiao bian zi	翘辫子	1
qiao shou qi zu	翘首企足	1
qiao shou yin ling	翘首引领	1
cui bai	翠柏	1
cui xiao hong jian	翠消红减	1
pian pian shao nian	翩翩少年	1
pian pian nian shao	翩翩年少	1
pian pian feng du	翩翩风度	1
pian ruo jing hong	翩若惊鸿	1
fan ge er	翻个儿	1
fan yun fu yu	翻云覆雨	1
fan gong	翻供	1
fan dao	翻倒	1
fan juan	翻卷	1
fan chun nong she	翻唇弄舌	1
fan di	翻地	1
fan tian zuo di	翻天作地	1
fan shan yue ling	翻山越岭	1
fan nong	翻弄	1
fan shou yun fu shou yu	翻手云覆手雨	1
fan dou	翻斗	1
fan dou che	翻斗车	1
fan ben er	翻本儿	1
fan cha	翻查	1
fan jiang dao hai	翻江倒海	1
fan jiang	翻浆	1
fan yong	翻涌	1
fan pai	翻牌	1
fan kong chu qi	翻空出奇	1
fan jin dou	翻筋斗	1
fan xiang dao gui	翻箱倒柜	1
fan xiang dao long	翻箱倒笼	1
fan chang dao du	翻肠倒肚	1
fan chang jiao du	翻肠搅肚	1
fan lian bu ren ren	翻脸不认人	1
fan gen tou	翻跟头	1
fan gen dou	翻跟斗	1
fan che	翻车	1
fan che yu	翻车鱼	1
fan huang dao zao	翻黄倒皁	1
fan huang dao zao	翻黄倒皂	1
yi ce	翼侧	1
yao mu	耀目	1
lao zhong qing	老中青	1
lao zhi jiang zhi	老之将至	1
lao qin	老亲	1
lao bo bo	老伯伯	1
lao fo ye	老佛爷	1
lao ji	老几	1
lao chu nv	老处女	1
lao da jie	老大姐	1
lao da niang	老大娘	1
lao da tu shang bei	老大徒伤悲	1
lao da wu cheng	老大无成	1
lao da nan	老大难	1
lao tian ba di	老天拔地	1
lao fu zi	老夫子	1
lao hao ren	老好人	1
lao yu neng jie	老妪能解	1
lao po dang jun	老婆当军	1
lao shao bian qiong	老少边穷	1
lao shi xiu ru	老师宿儒	1
lao nian ban	老年斑	1
lao nian bing	老年病	1
lao di	老底	1
lao ruo bing can	老弱病残	1
lao dang yi zhuang	老当益壮	1
lao cheng chi zhong	老成持重	1
lao cheng jian dao	老成见到	1
lao jing	老景	1
lao you suo zhong	老有所终	1
lao ben er	老本儿	1
lao ben hang	老本行	1
lao xiu wu neng	老朽无能	1
lao lai qiao	老来俏	1
lao lai shao	老来少	1
lao ban zhuo	老板桌	1
lao si bu xiang wang lai	老死不相往来	1
lao qi heng qiu	老气横秋	1
lao tang	老汤	1
lao you tiao	老油条	1
lao lei	老泪	1
lao lei zong heng	老泪纵横	1
lao shu ren	老熟人	1
lao fu	老父	1
lao niu po che	老牛破车	1
lao ge da	老疙瘩	1
lao bai gan er	老白干儿	1
lao xiang	老相	1
lao xiang shi	老相识	1
lao zhe lian pi	老着脸皮	1
lao jiao	老窖	1
lao hu tu	老糊涂	1
lao lao shao shao	老老少少	1
lao er bu si	老而不死	1
lao er bu si shi wei zei	老而不死是为贼	1
lao lai yu qin	老莱娱亲	1
lao hu tou shang pu cang ying	老虎头上扑苍蝇	1
lao hu tou shang sao yang	老虎头上搔痒	1
lao hu pi gu mo bu de	老虎屁股摸不得	1
lao bang zhu tai	老蚌珠胎	1
lao bang sheng zhu	老蚌生珠	1
lao diao	老调	1
lao diao chong tan	老调重弹	1
lao diao chong tan	老调重谈	1
lao mian kong	老面孔	1
lao ma shi tu	老马识途	1
lao gu tou	老骨头	1
lao shu jia	老鼠夹	1
lao shu guo jie	老鼠过街	1
kao zhong	考中	1
kao fen	考分	1
kao qin bu	考勤簿	1
kao qu	考区	1
kao xue	考学	1
kao ju	考据	1
kao ju xue	考据学	1
kao qi	考期	1
kao feng	考风	1
qi su	耆宿	1
qi nian shuo de	耆年硕德	1
qi de shuo lao	耆德硕老	1
qi lao	耆老	1
shua dan er	耍单儿	1
shua wei feng	耍威风	1
shua nong	耍弄	1
shua tai du	耍态度	1
shua ba xi	耍把戏	1
shua pai chang	耍排场	1
shua heng	耍横	1
shua liu mang	耍流氓	1
shua hua tou	耍滑头	1
shua bi gan	耍笔杆	1
nai ren ju jue	耐人咀嚼	1
nai ji	耐饥	1
geng yun bo yu	耕云播雨	1
geng dang wen nu	耕当问奴	1
geng chu	耕畜	1
geng zhi	耕织	1
geng zhe you qi tian	耕者有其田	1
geng du	耕读	1
hao zi yao	耗子药	1
hao san	耗散	1
hao yong	耗用	1
hao shen	耗神	1
ba di	耙地	1
pa zi	耙子	1
tang ba	耥耙	1
er hou sheng feng	耳后生风	1
er ting ba fang	耳听八方	1
er guai zi	耳掴子	1
er ti mian ming	耳提面命	1
er pang feng	耳旁风	1
er gen qing jing	耳根清净	1
er xun mu ran	耳熏目染	1
er mu bi sai	耳目闭塞	1
er shi	耳石	1
er hong mian chi	耳红面赤	1
er bei	耳背	1
er shi mu shi	耳视目食	1
er bian feng	耳边风	1
er wen bu ru mu jian	耳闻不如目见	1
er wen bu ru mian jian	耳闻不如面见	1
er wen mu jian	耳闻目见	1
er shi	耳食	1
er shi zhi yan	耳食之言	1
er shi zhi lun	耳食之论	1
er shi zhi tan	耳食之谈	1
er bin si mo	耳鬓厮磨	1
er bin si mo	耳鬓撕磨	1
er bin si mo	耳鬓斯磨	1
ye jiao	耶教	1
ye su hui	耶稣会	1
ye su jiao	耶稣教	1
song zhi	耸峙	1
song jian qu bei	耸肩曲背	1
song jian suo bei	耸肩缩背	1
chi yu kuai wu	耻与哙伍	1
chi yu	耻于	1
chi ju wang hou	耻居王后	1
chi yan ren guo	耻言人过	1
chi gu	耻骨	1
dan ni	耽溺	1
liao yi zu sui	聊以卒岁	1
liao yi se ze	聊以塞责	1
liao yi jie chao	聊以解嘲	1
liao biao	聊表	1
long ya ren	聋哑人	1
long zi	聋子	1
zhi ye da xue	职业大学	1
zhi ye zhuang	职业装	1
zhi dai hui	职代会	1
zhi wu gong zi	职务工资	1
zhi da	职大	1
zhi gong dai biao da hui	职工代表大会	1
lian ti	联体	1
lian ju	联句	1
lian he zhan xian	联合战线	1
lian he shou ge ji	联合收割机	1
lian he zheng fu	联合政府	1
lian he ji	联合机	1
lian chang	联唱	1
lian zou	联奏	1
lian zhan	联展	1
lian jian	联检	1
lian piao	联票	1
lian pian lei du	联篇累牍	1
lian xiao	联销	1
pin ren zhi	聘任制	1
pin qi	聘期	1
pin yong zhi	聘用制	1
pin yue	聘约	1
ju bian fan ying	聚变反应	1
ju tou	聚头	1
ju shao cheng duo	聚少成多	1
ju san	聚散	1
ju sha cheng ta	聚沙成塔	1
ju mi wei shan	聚米为山	1
ju mi wei gu	聚米为谷	1
ju jie	聚结	1
ju luo	聚落	1
ju xian ya an	聚酰亚胺	1
ju qi	聚齐	1
cong ming fan bei cong ming wu	聪明反被聪明误	1
cong ming zhi neng	聪明智能	1
cong ming zheng zhi	聪明正直	1
ao ya jie qu	聱牙诘屈	1
ao ya jie qu	聱牙诘曲	1
su du	肃毒	1
si ying	肆应	1
si yi wang wei	肆意妄为	1
si yi heng xing	肆意横行	1
si nve heng xing	肆虐横行	1
si xing	肆行	1
si xing wu ji	肆行无忌	1
rou ding	肉丁	1
rou zhong ci	肉中刺	1
rou guan	肉冠	1
rou zhi pin	肉制品	1
rou bao zi da gou	肉包子打狗	1
rou tou	肉头	1
rou zi jie	肉孜节	1
rou gan	肉干	1
rou pai	肉排	1
rou mo er	肉末儿	1
rou ni	肉泥	1
rou pian er	肉片儿	1
rou chu	肉畜	1
rou yan fan fu	肉眼凡夫	1
rou piao	肉票	1
rou qin	肉禽	1
rou mi	肉糜	1
rou hong	肉红	1
rou bo gu bing	肉薄骨并	1
rou tan qian yang	肉袒牵羊	1
rou tiao xin jing	肉跳心惊	1
rou tiao shen jing	肉跳神惊	1
rou pu	肉铺	1
rou chan xin jing	肉颤心惊	1
rou shi zhe bi	肉食者鄙	1
rou xian er	肉馅儿	1
lei mu	肋木	1
lei tiao	肋条	1
le mo yan	肋膜炎	1
ji pi li jie	肌劈理解	1
ji gu	肌骨	1
xiao xiang quan	肖像权	1
xiao xiang hua	肖像画	1
zhou guan jie	肘关节	1
zhou xing xi bu	肘行膝步	1
du si	肚丝	1
du zi e	肚子饿	1
du dai	肚带	1
du pian	肚片	1
du chang	肚肠	1
du qi yan er	肚脐眼儿	1
du li lei xia	肚里泪下	1
du li hui chong	肚里蛔虫	1
du liang	肚量	1
gan xin tu di	肝心涂地	1
gan xin ruo lie	肝心若裂	1
gan dan tu di	肝胆涂地	1
gan dan xiang zhao	肝胆相照	1
gan dan guo ren	肝胆过人	1
gan nao tu di	肝脑涂地	1
gan feng	肝风	1
chang wei bing	肠胃病	1
gu fen	股分	1
gu zhang zhi shang	股掌之上	1
gu zhang	股长	1
gu gu	股骨	1
fu shou zhi su	肤受之愬	1
fu cun er he	肤寸而合	1
fu pi liao cao	肤皮潦草	1
fu jian jian shi	肤见謭识	1
fu jian jian shi	肤见谫识	1
fu jue	肤觉	1
fei tou da er	肥头大耳	1
fei tou da mian	肥头大面	1
fei tou pang er	肥头胖耳	1
fei cha	肥差	1
fei zao pao	肥皂泡	1
fei shuo	肥硕	1
fei yu da rou	肥鱼大肉	1
jian cong chi xu	肩从齿序	1
jian lao ren yuan	肩劳任怨	1
jian tiao	肩挑	1
jian mo gu ji	肩摩毂击	1
jian mo gu jie	肩摩毂接	1
jian mo mei jie	肩摩袂接	1
jian mo zhong jie	肩摩踵接	1
jian bei	肩背	1
jian bei xiang wang	肩背相望	1
jian bei nan wang	肩背难望	1
jian jia gu	肩胛骨	1
ken bu ken	肯不肯	1
ken yu	肯于	1
ken gan	肯干	1
ken qing	肯綮	1
gong gu	肱骨	1
yu ying	育婴	1
fei dong mai	肺动脉	1
fei ye	肺叶	1
fei pao	肺泡	1
fei huo liang	肺活量	1
fei shi feng qing	肺石风清	1
fei jing mai	肺静脉	1
shen nang	肾囊	1
xie bu zhan xi	胁不沾席	1
xie cong	胁从	1
xie jian lei zu	胁肩累足	1
xie jian lei zu	胁肩絫足	1
wei chuan kong	胃穿孔	1
dan sang hun jing	胆丧魂惊	1
dan sang hun xiao	胆丧魂消	1
dan nang yan	胆囊炎	1
dan da yu shen	胆大于身	1
dan da bao tian	胆大包天	1
dan da ru dou	胆大如斗	1
dan da wang wei	胆大妄为	1
dan da xin xiao	胆大心小	1
dan da xin cu	胆大心粗	1
dan da xin xi	胆大心细	1
dan da xin xiong	胆大心雄	1
dan da po tian	胆大泼天	1
dan han fa shu	胆寒发竖	1
dan jie shi	胆结石	1
dan lie hun fei	胆裂魂飞	1
dan chan xin jing	胆颤心惊	1
bei bu zhu	背不住	1
bei yi wang en	背义忘恩	1
bei yi fu xin	背义负信	1
bei yi fu en	背义负恩	1
bei xiang li jing	背乡离井	1
bei jing li xiang	背井离乡	1
bei ren	背人	1
bei xin	背信	1
bei xin qi yi	背信弃义	1
bei zhai	背债	1
bei guang xing	背光性	1
bei gong xiang si	背公向私	1
bei gong ying si	背公营私	1
bei qian mian hou	背前面后	1
bei bao fu	背包袱	1
bei xiang	背向	1
bei nang	背囊	1
bei di	背地	1
bei di li	背地里	1
bei cheng yi zhan	背城一战	1
bei cheng jie yi	背城借一	1
bei zi	背子	1
bei shan qi lou	背山起楼	1
bei dai	背带	1
bei dai qun	背带裙	1
bei dai ku	背带裤	1
bei qi	背弃	1
bei en qi yi	背恩弃义	1
bei en wang yi	背恩忘义	1
bei en fu yi	背恩负义	1
bei hui shi yan	背惠食言	1
bei da zi	背搭子	1
bei ri xing	背日性	1
bei shi	背时	1
bei an tou ming	背暗投明	1
bei qu yao wan	背曲腰弯	1
bei qu yao gong	背曲腰躬	1
bei ben jiu mo	背本就末	1
bei ben qu mo	背本趋末	1
bei bang	背榜	1
bei qi	背气	1
bei shui yi zhan	背水一战	1
bei shui zhen	背水阵	1
bei shu	背熟	1
bei sheng mang ci	背生芒刺	1
bei meng bai yue	背盟败约	1
bei zhe shou	背着手	1
bei bei fu ju	背碑覆局	1
bei kuang	背筐	1
bei dou	背篼	1
bei yue	背约	1
bei ji	背脊	1
bei fu shou di	背腹受敌	1
bei ruo mang ci	背若芒刺	1
bei jie	背街	1
bei dai	背袋	1
bei miu	背谬	1
bei yun	背运	1
bei yin	背阴	1
bei jing	背静	1
bei kao bei	背靠背	1
bei feng	背风	1
bei feng mian	背风面	1
bei qi	背鳍	1
bei hei guo	背黑锅	1
tai fa	胎发	1
tai du	胎毒	1
pang da hai	胖大海	1
pang tou yu	胖头鱼	1
pei zhou	胚轴	1
sheng ren yu kuai	胜任愉快	1
sheng si	胜似	1
sheng quan	胜券	1
sheng ju	胜局	1
sheng jing	胜景	1
sheng chao	胜朝	1
sheng du shi nian shu	胜读十年书	1
sheng bai nai bing jia chang shi	胜败乃兵家常事	1
bao xiong di	胞兄弟	1
bao mei	胞妹	1
bao jie	胞姐	1
bao di	胞弟	1
hu zuo luan wei	胡作乱为	1
hu zuo hu wei	胡作胡为	1
hu zuo fei wei	胡作非为	1
hu chi hai he	胡吃海喝	1
hu tian hu di	胡天胡地	1
hu zi la cha	胡子拉碴	1
hu zi cha er	胡子茬儿	1
hu si luan liang	胡思乱量	1
hu da hai shuai	胡打海摔	1
hu la luan che	胡拉乱扯	1
hu zhi che ye	胡支扯叶	1
hu fu qi she	胡服骑射	1
hu yang	胡杨	1
hu zhi che ye	胡枝扯叶	1
hu jiao mian er	胡椒面儿	1
hu xing luan wei	胡行乱为	1
hu yan han yu	胡言汉语	1
hu zhou luan shuo	胡诌乱说	1
hu shuo luan dao	胡说乱道	1
hu shuo bai dao	胡说白道	1
hu yue yi jia	胡越一家	1
hu yue tong zhou	胡越同舟	1
jing da yu gu	胫大于股	1
jing gu	胫骨	1
yan hong	胭红	1
yan zhi hong	胭脂红	1
kua gu	胯骨	1
ge zhi	胳肢	1
ge zhi wo	胳肢窝	1
ge bo ning bu guo da tui	胳膊拧不过大腿	1
ge bo zhou	胳膊肘	1
ge bo zhou er	胳膊肘儿	1
ge bo zhou zi	胳膊肘子	1
ge bo wan zi	胳膊腕子	1
ge bei	胳臂	1
dong ti	胴体	1
jiao wan	胶丸	1
jiao ti	胶体	1
jiao he	胶合	1
jiao he ban	胶合板	1
jiao zhu tiao se	胶柱调瑟	1
jiao ni	胶泥	1
jiao zhuo	胶着	1
jiao zhi	胶纸	1
jiao jie	胶结	1
jiao ge zhi kun	胶鬲之困	1
xiong zhong wan juan	胸中万卷	1
xiong zhong lei kuai	胸中垒块	1
xiong zhong wu shu	胸中无数	1
xiong zhong you shu	胸中有数	1
xiong zhong jia bing	胸中甲兵	1
xiong zhong lin jia	胸中鳞甲	1
xiong xiang	胸像	1
xiong ka	胸卡	1
xiong huai da zhi	胸怀大志	1
xiong huai lei luo	胸怀磊落	1
xiong wu da zhi	胸无大志	1
xiong wu su wu	胸无宿物	1
xiong you qiu he	胸有丘壑	1
xiong you cheng fu	胸有城府	1
xiong you xuan jing	胸有悬镜	1
xiong you cheng lve	胸有成略	1
xiong you cheng suan	胸有成算	1
xiong you qiu he	胸有邱壑	1
xiong you lin jia	胸有鳞甲	1
xiong zhui	胸椎	1
xiong pian	胸片	1
xiong pai	胸牌	1
xiong ke	胸科	1
xiong men nan shou	胸闷难受	1
xiong shi	胸饰	1
xiong gu	胸骨	1
neng shang neng xia	能上能下	1
neng bu chen guan	能不称官	1
neng shi	能事	1
neng shen neng qu	能伸能屈	1
neng xie hui suan	能写会算	1
neng dong xing	能动性	1
neng qu neng shen	能屈能伸	1
neng gong qiao jiang	能工巧匠	1
neng zheng guan zhan	能征惯战	1
neng qia hui suan	能掐会算	1
neng wen neng wu	能文能武	1
neng ya li chi	能牙利齿	1
neng zhe wei shi	能者为师	1
neng zhe duo lao	能者多劳	1
neng yan shan bian	能言善辩	1
neng yan qiao bian	能言巧辩	1
neng yan kuai yu	能言快语	1
neng yan kuai shuo	能言快说	1
neng shuo hui dao	能说会道	1
neng shuo guan dao	能说惯道	1
neng mou shan duan	能谋善断	1
neng jin qu pi	能近取譬	1
neng liang bu mie ding lv	能量不灭定律	1
zhi fang liu	脂肪瘤	1
zhi gao	脂膏	1
zhi gao bu run	脂膏不润	1
zhi gao mo run	脂膏莫润	1
cui zao	脆枣	1
cui er bu jian	脆而不坚	1
cui gu	脆骨	1
mai dong dian liu	脉动电流	1
mai ya	脉压	1
mai xi	脉息	1
mai an	脉案	1
mai li	脉理	1
mai shi	脉石	1
mai guan	脉管	1
mai guan yan	脉管炎	1
mo mo	脉脉	1
mo mo han qing	脉脉含情	1
mai mai xiang tong	脉脉相通	1
mai xiang	脉象	1
mai men	脉门	1
ji liang gu	脊梁骨	1
ji zhui dong wu	脊椎动物	1
ji zhui gu	脊椎骨	1
ji gu	脊骨	1
zang luan cha	脏乱差	1
zang le	脏了	1
zang zi er	脏字儿	1
zang wu lang ji	脏污狼藉	1
zang huo er	脏活儿	1
zang xi xi	脏稀稀	1
zang yi fu	脏衣服	1
nao ti dao gua	脑体倒挂	1
nao chong xue	脑充血	1
nao shao er	脑勺儿	1
nao jiang	脑浆	1
nao zhang	脑涨	1
nao yi xue	脑溢血	1
nao xue shuan	脑血栓	1
nao xue shuan xing cheng	脑血栓形成	1
nao xue guan	脑血管	1
nao dai gua er	脑袋瓜儿	1
nao pin xue	脑贫血	1
nong xue	脓血	1
bo geng er	脖梗儿	1
bo geng	脖颈	1
bo geng zi	脖颈子	1
jiao bu zhan di	脚不沾地	1
jiao bu dian di	脚不点地	1
jiao xin chao tian	脚心朝天	1
jiao ta liang zhi chuan	脚踏两只船	1
jiao lian	脚链	1
tuo kun	脱困	1
tuo ke	脱壳	1
tuo ke jin chan	脱壳金蝉	1
tuo shou dan wan	脱手弹丸	1
tuo bai gua lv	脱白挂绿	1
tuo yan	脱盐	1
tuo ying nang zhui	脱颖囊锥	1
lian bu hong xin bu tiao	脸不红心不跳	1
lian re	脸热	1
lian hong jin bao	脸红筋暴	1
lian hong jin zhang	脸红筋涨	1
lian hong er re	脸红耳热	1
lian hong er chi	脸红耳赤	1
pi qi hen niu	脾气很拗	1
jing lun	腈纶	1
la ba	腊八	1
la ba zhou	腊八粥	1
la wei	腊味	1
la jin chun hui	腊尽春回	1
la ri	腊日	1
la mei	腊梅	1
la chang	腊肠	1
ye chou	腋臭	1
yan zi	腌渍	1
yan rou	腌肉	1
a za	腌臜	1
a za	腌臢	1
yan cai	腌菜	1
fu huai	腐坏	1
fu e	腐恶	1
fu zhi zhi	腐殖质	1
fu chou	腐臭	1
fei gu	腓骨	1
wan gu	腕骨	1
xing shan	腥膻	1
xing sao	腥臊	1
xing chou	腥臭	1
xing wen zai shang	腥闻在上	1
xing feng xue yu	腥风血雨	1
xing feng xian yu	腥风醎雨	1
e lie	腭裂	1
sai bang zi	腮帮子	1
yao yu	腰俞	1
yao gan	腰杆	1
yao gan zi	腰杆子	1
yao chan wan guan	腰缠万贯	1
yao ji lao sun	腰肌劳损	1
yao bei	腰背	1
yao dai	腰袋	1
yao suan bei tong	腰酸背痛	1
yao gu xiong di	腰鼓兄弟	1
jian qiao	腱鞘	1
fu zhong bing jia	腹中兵甲	1
fu nei	腹内	1
fu xin xiang zhao	腹心相照	1
fu you lin jia	腹有鳞甲	1
fu bei zhi mao	腹背之毛	1
fu bei shou di	腹背受敌	1
fu mo yan	腹膜炎	1
fu zai wu che	腹载五车	1
fu bao wan yan	腹饱万言	1
xian liu	腺瘤	1
mian yan shi chou	腼颜事仇	1
teng chong	腾冲	1
teng yong	腾涌	1
teng kong er qi	腾空而起	1
tui du zi	腿肚子	1
bang da yao yuan	膀大腰圆	1
bang bi	膀臂	1
bo lie	膊裂	1
gao ji	膏剂	1
gao chun qi she	膏唇岐舌	1
gao chun shi she	膏唇拭舌	1
gao chun shi she	膏唇试舌	1
gao chun fan she	膏唇贩舌	1
gao chang xiu kuai	膏场绣浍	1
gao zi	膏子	1
gao liang wan ku	膏梁纨袴	1
gao liang jin xiu	膏梁锦绣	1
gao ze	膏泽	1
gao ze zhi xiang	膏泽脂香	1
gao huo zhi fei	膏火之费	1
gao huo zi jian	膏火自煎	1
gao liang	膏粱	1
gao liang zi di	膏粱子弟	1
gao liang nian shao	膏粱年少	1
gao liang wen xiu	膏粱文绣	1
gao liang wan ku	膏粱纨袴	1
gao liang jin xiu	膏粱锦绣	1
gao huang	膏肓	1
gao huang zhi ji	膏肓之疾	1
gao yu	膏腴	1
gao yu zhi di	膏腴之地	1
gao yu zi di	膏腴子弟	1
gao yu gui you	膏腴贵游	1
gao xue	膏血	1
gao che mo ma	膏车秣马	1
biao fei ti zhuang	膘肥体壮	1
xi tou	膝头	1
xi yang sao bei	膝痒搔背	1
xi gai gu	膝盖骨	1
xi xing	膝行	1
xi xing pu fu	膝行匍伏	1
xi xing er qian	膝行而前	1
xi xing zhou bu	膝行肘步	1
xi xing pu fu	膝行蒲伏	1
xi yu she xing	膝语蛇行	1
peng ti sha	膨体纱	1
peng hua	膨化	1
peng da	膨大	1
peng zhang xi shu	膨胀系数	1
shan su	膳宿	1
dan zhong	膻中	1
shan wei	膻味	1
shan qi	膻气	1
bi li	臂力	1
bi zhu	臂助	1
bi wan	臂弯	1
bi you si zhou	臂有四肘	1
bi zhang	臂章	1
bi zhou	臂肘	1
bi wan	臂腕	1
bi bo	臂膊	1
yi duo	臆度	1
yi jian	臆见	1
yi shuo	臆说	1
sao zi	臊子	1
chen pu	臣仆	1
chen fu	臣服	1
zang pi	臧否	1
zang pi ren wu	臧否人物	1
zang gu wang yang	臧穀亡羊	1
zang gu wang yang	臧谷亡羊	1
zi shang er xia	自上而下	1
zi xia er shang	自下而上	1
zi bu dai yan	自不待言	1
zi bu liang li	自不量力	1
zi ye zi de	自业自得	1
zi wei jie ji	自为阶级	1
zi cheng	自乘	1
zi chan zi xiao	自产自销	1
zi yi wei de ji	自以为得计	1
zi zuo jie ren	自作解人	1
zi gong	自供	1
zi gong zhuang	自供状	1
zi bian	自便	1
zi xin bu yi	自信不疑	1
zi jue quan	自决权	1
zi jing	自净	1
zi chu yi jia	自出一家	1
zi chu ji zhou	自出机轴	1
zi fen	自分	1
zi dong dao juan	自动倒卷	1
zi dong dao dai	自动倒带	1
zi dong bu qiang	自动步枪	1
zi dong men	自动门	1
zi mai zi kua	自卖自夸	1
zi cuo tong yi	自厝同异	1
zi qu qi jiu	自取其咎	1
zi qu qi huo	自取其祸	1
zi qu mie wang	自取灭亡	1
zi ge er	自各儿	1
zi chui zi lei	自吹自擂	1
zi ming bu fan	自命不凡	1
zi yuan qi shuo	自圆其说	1
zi huai chang cheng	自坏长城	1
zi da kuang	自大狂	1
zi kua	自夸	1
zi jia ren	自家人	1
zi xun duan jian	自寻短见	1
zi qi zi bao	自弃自暴	1
zi dang	自当	1
zi de	自得	1
zi de qi le	自得其乐	1
zi yuan zi yi	自怨自艾	1
zi kui bu ru	自愧不如	1
zi cheng yi ti	自成一体	1
zi cheng yi jia	自成一家	1
zi cheng ti xi	自成体系	1
zi wo chui xu	自我吹嘘	1
zi wo jiao yu	自我教育	1
zi wo biao bang	自我标榜	1
zi wo jie chao	自我解嘲	1
zi sao men qian xue	自扫门前雪	1
zi bao jia men	自报家门	1
zi xuan	自旋	1
zi you gong lun	自有公论	1
zi lai shui bi	自来水笔	1
zi lai hong	自来红	1
zi han	自汗	1
zi liu guan gai	自流灌溉	1
zi du	自渎	1
zi ran di li xue	自然地理学	1
zi ran duan	自然段	1
zi ran jing ji	自然经济	1
zi gan duo luo	自甘堕落	1
zi gan bao qi	自甘暴弃	1
zi you ti cao	自由体操	1
zi you shi chang	自由市场	1
zi you fang ren	自由放任	1
zi you gang	自由港	1
zi you wang guo	自由王国	1
zi liu di	自留地	1
zi liu chu	自留畜	1
zi xiang jing you	自相惊忧	1
zi xiang jing rao	自相惊扰	1
zi xiang can hai	自相残害	1
zi xiang can sha	自相残杀	1
zi xiang shui huo	自相水火	1
zi xiang yu rou	自相鱼肉	1
zi jin	自矜	1
zi jin	自禁	1
zi chou ji yang	自筹给养	1
zi jiu	自纠	1
zi ji	自给	1
zi bei hei guo	自背黑锅	1
zi ruo	自若	1
zi xing qi shi	自行其是	1
zi xing huo pao	自行火炮	1
zi shi shen gao	自视甚高	1
zi jue xing hui	自觉形秽	1
zi jue zi yuan	自觉自愿	1
zi tao mei qu	自讨没趣	1
zi xu	自许	1
zi yi yi qi	自诒伊戚	1
zi shuo zi hua	自说自话	1
zi mou	自谋	1
zi fu bu fan	自负不凡	1
zi fei sheng	自费生	1
zi shen nan bao	自身难保	1
zi zhuan	自转	1
zi xuan dong zuo	自选动作	1
zi xuan shang chang	自选商场	1
zi liang	自量	1
zi xiao	自销	1
zi gu bu xia	自顾不暇	1
zi shi	自食	1
zi shi qi li	自食其力	1
zi shi qi e guo	自食其恶果	1
zi shi qi guo	自食其果	1
zi shi qi yan	自食其言	1
zi gao zi da	自高自大	1
zi ming de yi	自鸣得意	1
chou bu ke dang	臭不可当	1
chou bu ke wen	臭不可闻	1
chou ming	臭名	1
chou ming zhao zhang	臭名昭彰	1
chou ming zhao zhu	臭名昭著	1
chou ming yuan yang	臭名远扬	1
chou wei er	臭味儿	1
xiu wei xiang tou	臭味相投	1
chou zou yi dun	臭揍一顿	1
chou jia zi	臭架子	1
chou qi	臭棋	1
chou chun	臭椿	1
chou yang ceng	臭氧层	1
chou hong hong	臭烘烘	1
chou pi nang	臭皮囊	1
chou lao jiu	臭老九	1
chou rou lai ying	臭肉来蝇	1
chou ma	臭骂	1
zhi wei	至为	1
zhi qin	至亲	1
zhi qin hao you	至亲好友	1
zhi qin gu rou	至亲骨肉	1
zhi da zhi gang	至大至刚	1
zhi hao	至好	1
zhi dang	至当	1
zhi dang bu yi	至当不易	1
zhi zheng	至正	1
zhi si bu bian	至死不变	1
zhi si bu wu	至死不悟	1
zhi si bu yu	至死不渝	1
zhi shen	至深	1
zhi yi jin yi	至矣尽矣	1
zhi ruo	至若	1
zhi cheng gao jie	至诚高节	1
zhi li yu	致力于	1
zhi yuan ren zhong	致远任重	1
jiu tou shen mu	臼头深目	1
chong rong da ya	舂容大雅	1
chong mi	舂米	1
jiu fu	舅父	1
yu lun hua ran	舆论哗然	1
she jiao bu xia	舌挢不下	1
she qiao bu xia	舌桥不下	1
she qin	舍亲	1
she qu	舍去	1
she ji	舍己	1
she ji wei ren	舍己为人	1
she ji wei gong	舍己为公	1
she ji cong ren	舍己从人	1
she wo qi shui	舍我其谁	1
she jian	舍监	1
she duan qu chang	舍短取长	1
she ce zhui yang	舍策追羊	1
she shen wei guo	舍身为国	1
she ju bao shuai	舍车保帅	1
she jin wu yuan	舍近务远	1
she jin ji yuan	舍近即远	1
she jin qiu yuan	舍近求远	1
shi pi lun gu	舐皮论骨	1
shu juan	舒卷	1
shu tou tan nao	舒头探脑	1
shu san	舒散	1
shu song	舒松	1
shu jin huo xue	舒筋活血	1
tian shi	舔食	1
wu chang	舞场	1
wu nong	舞弄	1
wu nong wen mo	舞弄文墨	1
wu wen nong fa	舞文弄法	1
wu xing	舞星	1
wu xie ge tai	舞榭歌台	1
wu zhao zhang ya	舞爪张牙	1
wu bi nong wen	舞笔弄文	1
wu mei	舞美	1
wu shan ge shan	舞衫歌扇	1
wu qun ge shan	舞裙歌扇	1
wu ci nong zha	舞词弄札	1
zhou zhong di guo	舟中敌国	1
zhou che	舟车	1
zhou che lao dun	舟车劳顿	1
hang wu	航务	1
hang tian fu	航天服	1
hang xiao	航校	1
hang mo	航模	1
hang ce	航测	1
hang kong xin	航空信	1
hang kong bing	航空兵	1
hang kong gang	航空港	1
hang lu	航路	1
pan huan	般桓	1
bo re	般若	1
jian zhi	舰只	1
jian pao	舰炮	1
cang shi	舱室	1
zhu lu xiang ji	舳舻相继	1
chuan dao qiao men zi hui zhi	船到桥门自会直	1
chuan jian pao li	船坚炮利	1
chuan duo bu ai lu	船多不碍路	1
chuan fu	船夫	1
chuan fu qu	船夫曲	1
chuan di	船底	1
chuan wei	船桅	1
chuan ting	船艇	1
chuan ling	船龄	1
liang xiao hao jing	良宵好景	1
liang xiao mei jing	良宵美景	1
liang jia	良家	1
liang jiang	良将	1
liang xin fa xian	良心发现	1
liang xin hua	良心话	1
liang shi mei jing	良时美景	1
liang zhi liang neng	良知良能	1
liang qin ze mu	良禽择木	1
liang neng	良能	1
liang you bu yi	良莠不一	1
liang you bu fen	良莠不分	1
liang gu shen cang	良贾深藏	1
liang chen mei jing	良辰媚景	1
liang chen mei jing	良辰美景	1
jian ku chuang ye	艰苦创业	1
jian ku bei chang	艰苦备尝	1
jian ku pu su	艰苦朴素	1
jian nan kun ku	艰难困苦	1
jian nan qu zhe	艰难曲折	1
jian nan yu cheng	艰难玉成	1
jian nan jie jue	艰难竭蹶	1
jian nan xian zu	艰难险阻	1
se ren xing wei	色仁行违	1
se li nei ren	色厉内荏	1
se li dan bo	色厉胆薄	1
shai zi	色子	1
se dai	色带	1
se du	色度	1
se la	色拉	1
se shou hun yu	色授魂与	1
se san	色散	1
se yun	色晕	1
se ruo si hui	色若死灰	1
se shuai ai chi	色衰爱弛	1
se jue	色觉	1
yan fu	艳服	1
yan cheng	艳称	1
yan zi yao hong	艳紫妖红	1
yan hong	艳红	1
fu ran bu yue	艴然不悦	1
yi bu ya shen	艺不压身	1
yi shu ti cao	艺术体操	1
yi neng	艺能	1
yi gao ren dan da	艺高人胆大	1
yi gao dan da	艺高胆大	1
jie xia	节下	1
jie ling	节令	1
jie yu	节余	1
jie jia	节假	1
jie jian	节减	1
jie zhi zi ben	节制资本	1
jie ai shun bian	节哀顺变	1
jie wai sheng zhi	节外生枝	1
jie fu	节妇	1
jie zi	节子	1
jie du	节度	1
jie du shi	节度使	1
jie lu	节录	1
jie lv	节律	1
jie cao	节操	1
jie zhi	节支	1
jie ben	节本	1
jie yu	节欲	1
jie liu	节流	1
jie lie	节烈	1
jie pian	节片	1
jie li	节理	1
jie yong	节用	1
jie yong ai min	节用爱民	1
jie yong yu min	节用裕民	1
jie lve	节略	1
jie mu zhu chi ren	节目主持人	1
jie mu dan	节目单	1
jie li	节礼	1
jie zhi dong wu	节肢动物	1
jie yu	节育	1
jie yu huan	节育环	1
jie yi suo shi	节衣缩食	1
jie jian	节间	1
jie gu yan	节骨眼	1
mang ci	芒刺	1
mang ci zai bei	芒刺在背	1
mang han se zheng	芒寒色正	1
mang zhong	芒种	1
fu rong bing di	芙蓉并蒂	1
wu yi	芜荑	1
shan fan jiu jian	芟繁就简	1
kou mai	芤脉	1
jie zi	芥子	1
jie zi qi	芥子气	1
jie cai	芥菜	1
jie di	芥蒂	1
jie lan	芥蓝	1
gai lan cai	芥蓝菜	1
lu ding	芦丁	1
lu gan	芦柑	1
yuan hua	芫花	1
yan sui	芫荽	1
ba jiao shan	芭蕉扇	1
xin zi	芯子	1
hua bu leng deng	花不棱登	1
hua hui	花会	1
hua qiao	花俏	1
hua xin nian hua	花信年华	1
hua juan	花卷	1
hua ni	花呢	1
hua da jie	花大姐	1
hua tian jiu di	花天酒地	1
hua tian jin di	花天锦地	1
hua hao yue yuan	花好月圆	1
hua gang shi	花岗石	1
hua cuan jin cu	花攒锦簇	1
hua cuan jin ju	花攒锦聚	1
hua zhao yue xi	花朝月夕	1
hua zhao yue ye	花朝月夜	1
hua zhi zhao zhan	花枝招展	1
hua zhi zhao chan	花枝招颤	1
hua zhi zhao zhan	花枝招颭	1
hua jia	花架	1
hua deng xi	花灯戏	1
hua pao	花炮	1
hua sheng ren er	花生仁儿	1
hua sheng dou er	花生豆儿	1
hua cu jin cuan	花簇锦攒	1
hua zi er	花籽儿	1
hua hong	花红	1
hua hong liu lv	花红柳绿	1
hua chou	花绸	1
hua jie liu xiang	花街柳巷	1
hua bei	花被	1
hua shuo liu shuo	花说柳说	1
hua che	花车	1
hua zhe liu yin	花遮柳隐	1
hua lu	花露	1
hua xiang niao yu	花香鸟语	1
hua gu duo	花骨朵	1
hua niao hua	花鸟画	1
hua gu xi	花鼓戏	1
fang lan jing ti	芳兰竟体	1
fang nian hua yue	芳年华月	1
fang ze	芳泽	1
ya zi	芽子	1
wei cong	苇丛	1
chang hong hua bi	苌弘化碧	1
chang hong bi xie	苌弘碧血	1
cang jing	苍劲	1
cang ya	苍哑	1
cang tou	苍头	1
cang zhu	苍术	1
cang song	苍松	1
cang song cui bai	苍松翠柏	1
cang kong	苍空	1
cang lv	苍绿	1
cang ying jian xie	苍蝇见血	1
cang yan bai fa	苍颜白发	1
su yi shi yun he	苏伊士运河	1
su e	苏俄	1
su ju	苏剧	1
su he xiang	苏合香	1
su di	苏堤	1
su zi	苏子	1
su xiao xiao	苏小小	1
su zhou ma zi	苏州码子	1
su da	苏打	1
su mu	苏木	1
su hai han chao	苏海韩潮	1
su bai	苏白	1
su qin	苏秦	1
su xiu	苏绣	1
tai xian	苔藓	1
tiao zhou	苕帚	1
miao zhai	苗寨	1
miao qi	苗期	1
miao er bu xiu	苗而不秀	1
miao yu	苗语	1
ke dai	苛待	1
ke xing na	苛性钠	1
ke juan za shui	苛捐杂税	1
ke zheng	苛政	1
ke zheng meng yu hu	苛政猛于虎	1
ke xi	苛细	1
ke ze	苛责	1
mu xu	苜蓿	1
bao ju gan du	苞苴竿牍	1
gou qie	苟且	1
gou qie zhi xin	苟且之心	1
gou qie tou an	苟且偷安	1
gou qie tou sheng	苟且偷生	1
gou he	苟合	1
gou he qu rong	苟合取容	1
qu mai cai	苣卖菜	1
qu mai cai	苣荬菜	1
pie lan	苤蓝	1
ruo sang kao bi	若丧考妣	1
ruo he	若何	1
ruo luan tou shi	若卵投石	1
ruo he fu jie	若合符节	1
ruo fu	若夫	1
ruo cun ruo wang	若存若亡	1
ruo beng jue jiao	若崩厥角	1
ruo ao zhi gui	若敖之鬼	1
ruo ao gui nei	若敖鬼馁	1
ruo ming ruo mei	若明若昧	1
ruo ming ruo an	若明若暗	1
ruo you suo sang	若有所丧	1
ruo you suo wang	若有所亡	1
ruo you suo shi	若有所失	1
ruo you ruo wu	若有若无	1
ruo guo	若果	1
ruo she yuan bing	若涉渊冰	1
ruo she yuan shui	若涉渊水	1
ruo peng xiao xian	若烹小鲜	1
ruo li ruo ji	若离若即	1
ruo shi zhong fu	若释重负	1
ruo yin ruo xian	若隐若显	1
ku ding cha	苦丁茶	1
ku bu ke yan	苦不可言	1
ku zhong zuo le	苦中作乐	1
ku le bu jun	苦乐不均	1
ku shen	苦参	1
ku chu	苦处	1
ku xia	苦夏	1
ku da chou shen	苦大仇深	1
ku jin gan lai	苦尽甘来	1
ku jin tian lai	苦尽甜来	1
ku chai	苦差	1
ku chai shi	苦差事	1
ku gan	苦干	1
ku si	苦思	1
ku si ming xiang	苦思冥想	1
ku xiang	苦想	1
ku cheng	苦撑	1
ku dou	苦斗	1
ku ao	苦熬	1
ku xiang	苦相	1
ku duan	苦短	1
ku xing	苦行	1
ku xing seng	苦行僧	1
ku shen jiao si	苦身焦思	1
ku nan shen zhong	苦难深重	1
ku yu	苦雨	1
ku yu qi feng	苦雨凄风	1
shan bu	苫布	1
shan gai	苫盖	1
shan yan pu mei	苫眼铺眉	1
ying hua	英华	1
ying zi bo bo	英姿勃勃	1
ying zi bo fa	英姿勃发	1
ying zi huan fa	英姿焕发	1
ying mo	英模	1
ying shi	英石	1
ying xiong zhuan	英雄传	1
ying xiong suo jian lve tong	英雄所见略同	1
ying xiong wu yong wu zhi di	英雄无用武之地	1
ying xiong bang	英雄榜	1
ying xiong bei chu	英雄辈出	1
ying feng liang jie	英风亮节	1
ping guo lv	苹果绿	1
zhuo zhang	茁长	1
fan shui mo shan	范水模山	1
fan li	范蠡	1
mao tai jiu	茅台酒	1
mao se dun kai	茅塞顿开	1
mao wu cai chuan	茅屋采椽	1
mao she	茅舍	1
jing gan	茎干	1
ying di	茔地	1
xi xi gong zhu	茜茜公主	1
qian cao	茜草	1
mang wu tou xu	茫无头绪	1
mang wu suo zhi	茫无所知	1
mang ran bu jie	茫然不解	1
mang ran ruo shi	茫然若失	1
zhu yu	茱萸	1
cha hui	茶会	1
cha chi	茶匙	1
cha ye dan	茶叶蛋	1
cha chang	茶场	1
cha fang	茶坊	1
cha zhuo	茶桌	1
cha tang	茶汤	1
cha lu	茶炉	1
cha ou	茶瓯	1
cha zhong	茶盅	1
cha zhan	茶盏	1
cha pan	茶盘	1
cha hua hui	茶话会	1
cha cheng	茶铛	1
cha shi	茶食	1
ru rou tu gang	茹柔吐刚	1
ru mao yin xue	茹毛饮血	1
jing san leng	荆三棱	1
jing ren she yong	荆人涉澭	1
jing tian ji di	荆天棘地	1
jing tiao	荆条	1
jing ji se tu	荆棘塞途	1
jing ji zai tu	荆棘载途	1
jing jie	荆芥	1
cao ti	草体	1
cao yan feng cong	草偃风从	1
cao yan feng xing	草偃风行	1
cao chuang	草创	1
cao chuang wei jiu	草创未就	1
cao tai ban zi	草台班子	1
cao duo	草垛	1
cao tou tian zi	草头天子	1
cao tou wang	草头王	1
cao zi tou	草字头	1
cao di er	草底儿	1
cao liao chang	草料场	1
cao mu yu fu	草木愚夫	1
cao mu zhi wei	草木知威	1
cao ze	草泽	1
cao tan	草滩	1
cao shuai cong shi	草率从事	1
cao lv jiang shi	草率将事	1
cao shuai shou bing	草率收兵	1
cao dian zi	草甸子	1
cao wo	草窝	1
cao yue	草约	1
cao lv	草绿	1
cao jie	草芥	1
cao jie ren ming	草芥人命	1
cao shan	草苫	1
cao cao liao shi	草草了事	1
cao she hui xian	草蛇灰线	1
cao xing lu su	草行露宿	1
cao yi mu shi	草衣木食	1
cao zhang ying fei	草长莺飞	1
cao jian qiu huo	草间求活	1
cao mi feng xing	草靡风行	1
huang qiu	荒丘	1
huang tang wu ji	荒唐无稽	1
huang po	荒坡	1
huang shi bao yue	荒时暴月	1
huang sha	荒沙	1
huang yin wu du	荒淫无度	1
huang luo	荒落	1
huang dan bu jing	荒诞不经	1
huang dan wu ji	荒诞无稽	1
qiao mian he le	荞面饸饹	1
dang chan qing jia	荡产倾家	1
dang hun she po	荡魂摄魄	1
rong ren	荣任	1
rong hua fu gui	荣华富贵	1
rong li	荣立	1
rong yu gan	荣誉感	1
rong ji	荣记	1
xun zhou	荤粥	1
hun shi	荤食	1
xing yang	荥阳	1
luo luo da duan	荦荦大端	1
ying guang ping	荧光屏	1
ying guang fen	荧光粉	1
xun ma	荨麻	1
yin liang	荫凉	1
yin zi feng qi	荫子封妻	1
yin bi	荫庇	1
yin yi	荫翳	1
yin bi	荫蔽	1
yao ju	药具	1
yao ji ban zhong	药剂拌种	1
yao dan	药单	1
yao hai	药害	1
yao gong	药工	1
yao nian	药捻	1
yao nian zi	药捻子	1
yao yu	药浴	1
yao wang	药王	1
yao shi	药石	1
yao shi zhi yan	药石之言	1
yao long zhong wu	药笼中物	1
yao cha	药茶	1
yao zhen	药针	1
yao pu	药铺	1
yao mian	药面	1
he tang	荷塘	1
he qiang shi dan	荷枪实弹	1
he zhong	荷重	1
he chu	荷锄	1
bi qi	荸荠	1
tu du	荼毒	1
tu du sheng ling	荼毒生灵	1
pu xian xi	莆仙戏	1
suo cao	莎草	1
shen shen	莘莘	1
wan er	莞尔	1
wan er yi xiao	莞尔一笑	1
wan er er xiao	莞尔而笑	1
wan wan	莞莞	1
liang chou	莨绸	1
lang dang	莨菪	1
mo bu shi	莫不是	1
mo wei yi shen	莫为已甚	1
mo zhi yu jing	莫之与京	1
mo yu du ye	莫予毒也	1
mo yu du ye	莫余毒也	1
mo ke ming zhuang	莫可名状	1
mo ke nai he	莫可奈何	1
mo ke jiu jie	莫可究诘	1
mo ru	莫如	1
mo zhan yi chou	莫展一筹	1
mo gan shui he	莫敢谁何	1
mo si ke da xue	莫斯科大学	1
mo ming qi miao	莫明其妙	1
mo sang bi ke	莫桑比克	1
mo ci wei shen	莫此为甚	1
mo ce gao shen	莫测高深	1
mo zhi suo wei	莫知所为	1
mo zhong yi shi	莫衷一是	1
mo bian chu ye	莫辨楮叶	1
mo ni	莫逆	1
mo ni zhi jiao	莫逆之交	1
mo ni yu xin	莫逆于心	1
lai an	莱案	1
lian tai	莲台	1
lian hua lao	莲花落	1
lian peng tou	莲蓬头	1
shi luo	莳罗	1
shi luo	莳萝	1
wo ju	莴苣	1
huo de xing mian yi	获得性免疫	1
huo xuan	获选	1
huo jun gong che	获隽公车	1
ying chou yan lv	莺俦燕侣	1
ying yin yan wu	莺吟燕儛	1
ying yin yan wu	莺吟燕舞	1
ying ti yan yu	莺啼燕语	1
ying sheng yan yu	莺声燕语	1
ying chao yan lei	莺巢燕垒	1
ying qi yan yue	莺期燕约	1
ying ge yan wu	莺歌燕舞	1
ying ge yan yu	莺歌燕语	1
ying cai yan du	莺猜燕妒	1
ying yu	莺语	1
ying gui yan ge	莺闺燕阁	1
ying fei yan wu	莺飞燕舞	1
ying fei cao zhang	莺飞草长	1
chun lu zhi si	莼鲈之思	1
cai ye	菜叶	1
cai tuan zi	菜团子	1
cai bang zi	菜帮子	1
cai dian	菜店	1
cai tan	菜摊	1
cai dian	菜点	1
cai jiao	菜窖	1
cai lan zi gong cheng	菜篮子工程	1
cai yang	菜羊	1
ling jiao mo zuo ji tou	菱角磨作鸡头	1
fei yi	菲仪	1
fei cai	菲材	1
fei li	菲礼	1
fei bo	菲薄	1
fei shi bo yi	菲食薄衣	1
ping shui xiang feng	萍水相逢	1
ping piao peng zhuan	萍飘蓬转	1
wei mi bu zhen	萎靡不振	1
ying qu	营区	1
ying ying fei jin	营蝇斐锦	1
xiao lang mo lu	萧郎陌路	1
e pian	萼片	1
luo bu shi	落不是	1
la le	落了	1
luo jing tou shi	落井投石	1
lao jia	落价	1
luo ti	落体	1
luo su	落俗	1
luo su tao	落俗套	1
luo dan	落单	1
luo fa	落发	1
luo ye gui gen	落叶归根	1
luo ye shu	落叶树	1
luo ye zhi qiu	落叶知秋	1
luo di shi	落地式	1
luo di shan	落地扇	1
luo di deng	落地灯	1
luo di sheng gen	落地生根	1
luo di chuang	落地窗	1
luo mo	落墨	1
luo tao	落套	1
lao zi	落子	1
luo chen	落尘	1
luo shan	落山	1
luo shi	落市	1
luo zhang	落帐	1
luo zuo	落座	1
luo tuo	落拓	1
luo tuo bu ji	落拓不羁	1
luo yue wu liang	落月屋梁	1
lao zhen	落枕	1
luo chui	落槌	1
luo shui gou	落水狗	1
luo shui guan	落水管	1
luo tang pang xie	落汤螃蟹	1
luo tang ji	落汤鸡	1
luo bo	落泊	1
luo chao	落潮	1
lao kang	落炕	1
luo zhao	落照	1
luo bi	落笔	1
luo di	落第	1
luo ji	落籍	1
luo zhi yun yan	落纸云烟	1
luo pin	落聘	1
luo biao	落膘	1
lao shai	落色	1
luo hua wu yan	落花无言	1
luo hua liu shui	落花流水	1
luo hua sheng	落花生	1
luo ying	落英	1
luo ying bin fen	落英缤纷	1
luo cao	落草	1
luo cao wei kou	落草为寇	1
luo huang	落荒	1
luo huang er zou	落荒而走	1
luo huang er tao	落荒而逃	1
luo luo da fang	落落大方	1
luo luo gua he	落落寡合	1
luo luo mu mu	落落穆穆	1
luo luo nan he	落落难合	1
luo suo	落锁	1
luo jing xia shi	落阱下石	1
luo nan	落难	1
luo yan chen yu	落雁沉鱼	1
luo xia	落霞	1
luo yin	落音	1
luo po bu ou	落魄不偶	1
luo po bu ji	落魄不羁	1
luo po jiang hu	落魄江湖	1
feng fei zhi cai	葑菲之采	1
zhu shu li shuo	著书立说	1
zhu yu zhu bo	著于竹帛	1
zhu zuo ren	著作人	1
zhu zuo quan fa	著作权法	1
zhu zuo deng shen	著作等身	1
zhu wen	著文	1
zhu shu deng shen	著述等身	1
ge ju lv shuang	葛屦履霜	1
ge bu	葛布	1
ge gen	葛根	1
ge fen	葛粉	1
ge teng	葛藤	1
pu tao gan	葡萄干	1
jia fu zhi qin	葭莩之亲	1
cong tou	葱头	1
cong bai er	葱白儿	1
cong lv	葱绿	1
kui shan	葵扇	1
kui hua zi	葵花籽	1
meng shi	蒙事	1
meng ren	蒙人	1
meng yi yang zheng	蒙以养正	1
meng yuan	蒙冤	1
meng yi	蒙医	1
meng gu ren zhong	蒙古人种	1
meng gu bao	蒙古包	1
meng gu dai fu	蒙古大夫	1
meng gu wen	蒙古文	1
meng gu yu	蒙古语	1
meng hong	蒙哄	1
meng zai gu li	蒙在鼓里	1
meng gou	蒙垢	1
meng tai qi	蒙太奇	1
meng tou zhuan xiang	蒙头转向	1
meng chen	蒙尘	1
meng shi	蒙师	1
meng de wei de ya	蒙得维的亚	1
meng en	蒙恩	1
meng mei	蒙昧	1
meng mei zhu yi	蒙昧主义	1
meng mei wu zhi	蒙昧无知	1
meng han yao	蒙汗药	1
meng hun	蒙混	1
meng hun guo guan	蒙混过关	1
meng pi	蒙皮	1
meng long	蒙眬	1
meng zhao	蒙着	1
meng zhe guo er	蒙着锅儿	1
meng xiu	蒙羞	1
meng long	蒙胧	1
meng yao	蒙药	1
meng meng liang	蒙蒙亮	1
meng meng xi yu	蒙蒙细雨	1
meng meng hei	蒙蒙黑	1
meng mei ji ju	蒙袂辑屦	1
meng yu	蒙语	1
meng nan	蒙难	1
suan tou	蒜头	1
suan ni	蒜泥	1
suan ban er	蒜瓣儿	1
suan huang	蒜黄	1
pu shan	蒲扇	1
pu jie	蒲节	1
zheng san	蒸散	1
zheng qi ji che	蒸汽机车	1
zheng qi yu	蒸汽浴	1
zheng sha wei fan	蒸沙为饭	1
zheng sha cheng fan	蒸沙成饭	1
zheng long	蒸笼	1
zheng shi	蒸食	1
zheng bing	蒸饼	1
zheng liu shui	蒸馏水	1
jian jia zhi si	蒹葭之思	1
ji li	蒺藜	1
hao zi	蒿子	1
hao cao	蒿草	1
xu fa	蓄发	1
xu shui liang	蓄水量	1
xu neng	蓄能	1
weng yu	蓊郁	1
shi zhan	蓍占	1
lan ya ji shu	蓝牙技术	1
mo di	蓦地	1
peng tou li chi	蓬头历齿	1
peng tou li chi	蓬头厉齿	1
peng tou gou mian	蓬头垢面	1
peng tou chi jiao	蓬头赤脚	1
peng tou xian zu	蓬头跣足	1
peng song song	蓬松松	1
peng sheng ma zhong	蓬生麻中	1
liao chong wang xin	蓼虫忘辛	1
man er	蔓儿	1
man yin zhu qiu	蔓引株求	1
man sheng	蔓生	1
man sheng zhi wu	蔓生植物	1
man cao	蔓草	1
man cao nan chu	蔓草难除	1
man man ri mao	蔓蔓日茂	1
man yan	蔓衍	1
zhe tian	蔗田	1
wei wei zhuang guan	蔚为壮观	1
wei wei da guan	蔚为大观	1
yu xian	蔚县	1
wei cheng feng qi	蔚成风气	1
wei ran	蔚然	1
wei ran cheng feng	蔚然成风	1
nian er huai	蔫儿坏	1
nian tou da nao	蔫头耷脑	1
nian ba	蔫巴	1
ai ran ke qin	蔼然可亲	1
bi se	蔽塞	1
bi ri gan yun	蔽日干云	1
bi ming se cong	蔽明塞聪	1
bi cong se ming	蔽聪塞明	1
fan wang	蕃王	1
qi she	蕲蛇	1
yun yi	蕴意	1
yun jie	蕴结	1
yun jie	蕴藉	1
bo chan	薄产	1
bo li	薄利	1
bo li duo xiao	薄利多销	1
bo ming	薄命	1
bo ming jia ren	薄命佳人	1
bao chun qing yan	薄唇轻言	1
bo han zhong ren	薄寒中人	1
bao ceng	薄层	1
bo xing	薄幸	1
bo dai	薄待	1
bo qing	薄情	1
bo qing wu yi	薄情无义	1
bo ji	薄技	1
bo ji zai shen	薄技在身	1
bo xiao	薄晓	1
bo mu	薄暮	1
bo mu ming ming	薄暮冥冥	1
bao ban	薄板	1
bao pian	薄片	1
bo wu xi gu	薄物细故	1
bo tian	薄田	1
bao sha	薄纱	1
bao cui	薄脆	1
bao mo	薄膜	1
bo he nao	薄荷脑	1
bo zang	薄葬	1
bao bao	薄薄	1
bo jiu	薄酒	1
bo chou	薄酬	1
bo wu	薄雾	1
bo mian	薄面	1
bao bing	薄饼	1
hao cao	薅草	1
yi yi meng bang	薏苡蒙谤	1
xin chuan	薪传	1
xin jin huo chuan	薪尽火传	1
xin tan lin	薪炭林	1
xin gei	薪给	1
xin xiang	薪饷	1
sou zhong jing qu	薮中荆曲	1
shu lei	薯类	1
shu liang	薯莨	1
shu liang chou	薯莨绸	1
xun tian he di	薰天赫地	1
xun you bu tong qi	薰莸不同器	1
xun you tong qi	薰莸同器	1
xun feng	薰风	1
jie yi	藉以	1
jie kou	藉口	1
jie cao zhen kuai	藉草枕块	1
cang zhi ming shan	藏之名山	1
cang yi	藏医	1
zang li	藏历	1
cang qi dai shi	藏器待时	1
cang gou na wu	藏垢纳污	1
cang tou kang nao	藏头亢脑	1
cang tou lu wei	藏头露尾	1
cang jian	藏奸	1
cang fu	藏富	1
cang qiao yu zhuo	藏巧于拙	1
zang fu	藏府	1
cang gong peng gou	藏弓烹狗	1
cang xing ni ying	藏形匿影	1
cang nu su yuan	藏怒宿怨	1
zang xi	藏戏	1
cang zhuo	藏拙	1
cang ye	藏掖	1
cang ye duo shan	藏掖躲闪	1
cang wu na gou	藏污纳垢	1
cang mao er	藏猫儿	1
zang hong hua	藏红花	1
cang bao	藏胞	1
zang yao	藏药	1
zang lan	藏蓝	1
cang pao	藏袍	1
cang zhu ming shan	藏诸名山	1
cang zong	藏踪	1
cang zong nie ji	藏踪蹑迹	1
cang duo	藏躲	1
cang feng	藏锋	1
cang feng lian rui	藏锋敛锐	1
cang feng lian e	藏锋敛锷	1
cang feng lian ying	藏锋敛颖	1
zang qing	藏青	1
zang xiang	藏香	1
cang long wo hu	藏龙卧虎	1
ou fen	藕粉	1
ou se	藕色	1
ou jie	藕节	1
ou he	藕荷	1
teng zi	藤子	1
teng tiao	藤条	1
teng yi	藤椅	1
teng pai	藤牌	1
teng xiang	藤箱	1
teng bian	藤编	1
teng luo	藤萝	1
teng wan	藤蔓	1
fan shu	藩属	1
fan zhen ge ju	藩镇割据	1
zao jing	藻井	1
zao si	藻思	1
zao shi	藻饰	1
hu bu shi er	虎不食儿	1
hu ti xiong yao	虎体熊腰	1
hu ru yang qun	虎入羊群	1
hu jin	虎劲	1
hu wo long tiao	虎卧龙跳	1
hu xiao feng sheng	虎啸风生	1
hu tou yan han	虎头燕颔	1
hu tou hu nao	虎头虎脑	1
hu tou she wei	虎头蛇尾	1
hu jiang	虎将	1
hu wei	虎尾	1
hu wei chun bing	虎尾春冰	1
hu ju long pan	虎据龙蟠	1
hu dou long zheng	虎斗龙争	1
hu bu long xing	虎步龙行	1
hu po shi jie	虎珀拾芥	1
hu zhe lian	虎着脸	1
hu er guan	虎而冠	1
hu dan	虎胆	1
hu bei xiong yao	虎背熊腰	1
hu dang yang qun	虎荡羊群	1
hu luo ping chuan	虎落平川	1
hu ben	虎贲	1
hu pao	虎跑	1
hu gu	虎骨	1
hu gu jiu	虎骨酒	1
nve dai	虐待	1
qian xin	虔信	1
xu yu wei yi	虚与委蛇	1
xu wei yi dai	虚位以待	1
xu zuo yi dai	虚左以待	1
xu ying gu shi	虚应故事	1
xu fei ci shuo	虚废词说	1
xu du nian hua	虚度年华	1
xu huai ruo gu	虚怀若谷	1
xu qing jia yi	虚情假意	1
xu wu piao miao	虚无缥缈	1
xu huang yi qiang	虚晃一枪	1
xu you qi biao	虚有其表	1
xu han	虚汗	1
xu zhou piao wa	虚舟飘瓦	1
xu lun gao yi	虚论高议	1
xu ci gui shuo	虚词诡说	1
chong luan	虫卵	1
chong sha yuan he	虫沙猿鹤	1
chong bi shu gan	虫臂鼠肝	1
ji shi xiang diao	虮虱相吊	1
shi chu kun zhong	虱处裈中	1
shi duo bu yang	虱多不痒	1
hong xiao yu ji	虹销雨霁	1
hong zun yu	虹鳟鱼	1
sui fu neng fu	虽覆能复	1
xia bing xie jiang	虾兵蟹将	1
xia zi	虾子	1
ha ma	虾蟆	1
yi hou	蚁后	1
yi feng xue yu	蚁封穴雨	1
yi yong feng cuan	蚁拥蜂攒	1
yi dou wo zheng	蚁斗蜗争	1
yi kui shu hai	蚁溃鼠骇	1
yi wang	蚁王	1
yi xue huai di	蚁穴坏堤	1
yi xue kui di	蚁穴溃堤	1
yi ju feng tun	蚁聚蜂屯	1
yi ju feng cuan	蚁聚蜂攒	1
yi fu feng tun	蚁附蜂屯	1
yi ji feng cuan	蚁集蜂攒	1
ma yi ken gu tou	蚂蚁啃骨头	1
ma yi ban tai shan	蚂蚁搬泰山	1
ma yi yuan huai	蚂蚁缘槐	1
ma zha	蚂蚱	1
ma feng	蚂蜂	1
ma huang	蚂蝗	1
ma lang	蚂螂	1
ma huang	蚂蟥	1
ma huang ding	蚂蟥钉	1
beng bu shi	蚌埠市	1
bang bing cheng zhu	蚌病成珠	1
bang bing sheng zhu	蚌病生珠	1
bang yu xiang chi	蚌鹬相持	1
pi fu han da shu	蚍蜉撼大树	1
can tou yan wei	蚕头燕尾	1
can sha	蚕沙	1
can zhong	蚕种	1
can e	蚕蛾	1
can shi jing tun	蚕食鲸吞	1
zao xiu	蚤休	1
han zi	蚶子	1
she kou feng zhen	蛇口蜂针	1
she tou shu yan	蛇头鼠眼	1
she ying bei gong	蛇影杯弓	1
she xin fo kou	蛇心佛口	1
she yu tun xiang	蛇欲吞象	1
she xie wei xin	蛇蝎为心	1
she xie xin chang	蛇蝎心肠	1
she xing	蛇行	1
she shi jing tun	蛇食鲸吞	1
dan bai niao	蛋白尿	1
dan qing	蛋青	1
dan ya	蛋鸭	1
cheng zi	蛏子	1
wa ma sheng fu	蛙蟆胜负	1
jiao long de shui	蛟龙得水	1
jiao long xi shui	蛟龙戏水	1
ge fen	蛤粉	1
ge bang	蛤蚌	1
ge jie	蛤蚧	1
ge li	蛤蜊	1
ha ma jing	蛤蟆镜	1
man bu jiang li	蛮不讲理	1
man jin	蛮劲	1
man gan	蛮干	1
man heng wu li	蛮横无理	1
man yan zhang yu	蛮烟瘴雨	1
man chu xiang zheng	蛮触相争	1
yong qi	蛹期	1
e zi	蛾子	1
e mei	蛾眉	1
e mei yue	蛾眉月	1
e mei hao chi	蛾眉皓齿	1
e mei qin shou	蛾眉螓首	1
feng he yi ju	蜂合蚁聚	1
feng he shi tu	蜂合豕突	1
feng tun wu he	蜂屯乌合	1
feng tun yi za	蜂屯蚁杂	1
feng tun yi ju	蜂屯蚁聚	1
feng tun yi fu	蜂屯蚁附	1
feng shan yi ju	蜂扇蚁聚	1
feng yong er shang	蜂拥而上	1
feng yong yi tun	蜂拥蚁屯	1
feng cuan yi ju	蜂攒蚁聚	1
feng cuan yi ji	蜂攒蚁集	1
feng du	蜂毒	1
feng wang	蜂王	1
feng wang jiang	蜂王浆	1
feng yao xue bei	蜂腰削背	1
feng yao yuan bei	蜂腰猿背	1
feng chai you du	蜂虿有毒	1
feng shi ying cai	蜂识莺猜	1
feng qi yun yong	蜂起云涌	1
feng qu yi fu	蜂趋蚁附	1
fu you han da shu	蜉蝣撼大树	1
tui hua	蜕化	1
tui hua bian zhi	蜕化变质	1
wo xuan	蜗旋	1
wo xing niu bu	蜗行牛步	1
wo jiao	蜗角	1
wo jiao zhi zheng	蜗角之争	1
wo jiao xu ming	蜗角虚名	1
wo jiao ying tou	蜗角蝇头	1
fei wa ba mu	蜚瓦拔木	1
fei duan liu chang	蜚短流长	1
fei yu	蜚语	1
mi gong	蜜供	1
mi guan er	蜜罐儿	1
mi yu	蜜语	1
mi li tiao you	蜜里调油	1
mi lu	蜜露	1
la tai	蜡台	1
quan qu	蜷曲	1
qing ting han shi zhu	蜻蜓撼石柱	1
ying tou	蝇头	1
ying tou xiao li	蝇头小利	1
ying tou xiao kai	蝇头小楷	1
ying tou wei li	蝇头微利	1
ying tou wo jiao	蝇头蜗角	1
ying pai	蝇拍	1
ying cuan yi ju	蝇攒蚁聚	1
ying cuan yi fu	蝇攒蚁附	1
ying fu ji wei er zhi qian li	蝇附骥尾而致千里	1
ying sui ji wei	蝇随骥尾	1
chan bu zhi xue	蝉不知雪	1
chan chuan lei gan	蝉喘雷干	1
chan fu gui chang	蝉腹龟肠	1
ji qu	蝍蛆	1
xie xie zhe zhe	蝎蝎螫螫	1
fu she	蝮蛇	1
kui she	蝰蛇	1
hu die ban	蝴蝶斑	1
die gu	蝶骨	1
rong hui	融会	1
rong hui guan tong	融会贯通	1
rong hui tong jia	融会通浃	1
rong he	融和	1
rong qia wu jian	融洽无间	1
rong jie	融解	1
qin shou e mei	螓首蛾眉	1
ming e	螟蛾	1
shi shou jie wan	螫手解腕	1
shi zhen	螫针	1
tang bi dang che	螳臂当车	1
tang bi dang zhe	螳臂当辙	1
tang bi dang che	螳臂挡车	1
tang lang fen bi	螳螂奋臂	1
tang lang huang que	螳螂黄雀	1
luo si qi zi	螺丝起子	1
luo si ding	螺丝钉	1
luo hao	螺号	1
luo xuan shi	螺旋式	1
luo xuan jiang	螺旋桨	1
luo gan	螺杆	1
luo wen gang	螺纹钢	1
mang she	蟒蛇	1
mang pao	蟒袍	1
mang pao yu dai	蟒袍玉带	1
pan qu	蟠曲	1
pan tao hui	蟠桃会	1
xie miao	蟹苗	1
chan gong zhe gui	蟾宫折桂	1
ru xing	蠕行	1
huo qu bu shen	蠖屈不伸	1
li xian	蠡县	1
du zhong mu zhe	蠹众木折	1
du ju qi chu	蠹居棊处	1
du ju qi chu	蠹居棋处	1
xue zhong du	血中毒	1
xue shu	血书	1
xue kui	血亏	1
xue qin	血亲	1
xue chou	血仇	1
xue zhai	血债	1
xue zhai lei lei	血债累累	1
xue guang zhi zai	血光之灾	1
xue ning gu	血凝固	1
xue ren	血刃	1
xue yong zhi ren	血勇之人	1
xue yin	血印	1
xue ya zheng chang	血压正常	1
xue ya ji	血压计	1
xue ya gao sheng	血压高升	1
xue you bing	血友病	1
xue you bing huan zhe	血友病患者	1
xue kou	血口	1
xue kou pen ren	血口喷人	1
xue xi chong	血吸虫	1
xue xi chong bing	血吸虫病	1
xue si	血嗣	1
xue kuai	血块	1
xue xing fen lei	血型分类	1
xue xiao ban bing	血小板病	1
xue niao su	血尿素	1
xue beng	血崩	1
xue beng zheng	血崩症	1
xue ku	血库	1
xue xun huan	血循环	1
xue xing nan er	血性男儿	1
xue zhan dao di	血战到底	1
xue ban	血斑	1
xie yun	血晕	1
xue ben wu gui	血本无归	1
xue ku bing	血枯病	1
xue ran	血染	1
xue ran sha chang	血染沙场	1
xue shuan xing cheng	血栓形成	1
xue shuan xin nei mo yan	血栓心内膜炎	1
xue shuan shuan se	血栓栓塞	1
xue shuan mai guan yan	血栓脉管炎	1
xue yang	血样	1
xue qi zhi yong	血气之勇	1
xue qi fang gang	血气方刚	1
xue shui	血水	1
xue han gong chang	血汗工厂	1
xue wu	血污	1
xue chen	血沉	1
xue chen shi yan	血沉实验	1
xue chen dian su	血沉淀素	1
xue chen su	血沉素	1
xue po	血泊	1
xue pao	血泡	1
xue lei ban ban	血泪斑斑	1
xue lei ying jin	血泪盈襟	1
xue xi	血洗	1
xue liu dong li xue	血流动力学	1
xue liu ru zhu	血流如注	1
xue liu cheng he	血流成河	1
xue liu cheng qu	血流成渠	1
xue liu piao chu	血流漂杵	1
xue jiang dan bai	血浆蛋白	1
xue nong yu shui	血浓于水	1
xue hai	血海	1
xue hai shen chou	血海深仇	1
xue ye xue	血液学	1
xue ye bing	血液病	1
xue ye tou xi	血液透析	1
xue ye tou xi qi	血液透析器	1
xie lin lin	血淋淋	1
xue qing xing	血清型	1
xue qing xing gan yan	血清性肝炎	1
xue qing bing	血清病	1
xue qing bai dan bai	血清白蛋白	1
xue qing su	血清素	1
xue zi	血渍	1
xue qiu	血球	1
xue qiu ji shu qi	血球计数器	1
xue jia	血痂	1
xue hen	血痕	1
xue li	血痢	1
xue lao	血痨	1
xue jia	血瘕	1
xue ai	血癌	1
xue pen da kou	血盆大口	1
xue ji	血祭	1
xue jie	血竭	1
xue guan zai zao	血管再造	1
xue guan qie chu shu	血管切除术	1
xue guan kuo zhang	血管扩张	1
xue guan shou suo	血管收缩	1
xue guan geng zu	血管梗阻	1
xue guan yan	血管炎	1
xue guan bing	血管病	1
xue guan jing luan	血管痉挛	1
xue guan liu	血管瘤	1
xue guan po lie	血管破裂	1
xue guan ying hua	血管硬化	1
xue guan jin zhang	血管紧张	1
xue guan mo	血管膜	1
xue guan shu zhang	血管舒张	1
xue guan zao ying	血管造影	1
xue fen	血粉	1
xie hu hu	血糊糊	1
xue tang di	血糖低	1
xue tang gao	血糖高	1
xue hong su	血红素	1
xue hong se	血红色	1
xue xi bao	血细胞	1
xue rou zhi qu	血肉之躯	1
xue rou mo hu	血肉模糊	1
xue rou heng fei	血肉横飞	1
xue rou xiang lian	血肉相联	1
xue rou xiang lian	血肉相连	1
xue mai bu chang	血脉不畅	1
xue mai xiang tong	血脉相通	1
xue xing wei	血腥味	1
xue xing tu sha	血腥屠杀	1
xue xing tong zhi	血腥统治	1
xue xing zhen ya	血腥镇压	1
xue se su	血色素	1
xue hua	血花	1
xue xu	血虚	1
xue yi	血衣	1
xue zheng	血证	1
xie dou fu	血豆腐	1
xue xiang	血象	1
xue zhang	血账	1
xue lu	血路	1
xue ji ban ban	血迹斑斑	1
xie dao zi	血道子	1
xue fang	血防	1
xue yu xing feng	血雨腥风	1
xue feng rou yu	血风肉雨	1
xin fa xiao qiang	衅发萧墙	1
xin ren e ying	衅稔恶盈	1
xing bu cong jing	行不从径	1
xing bu fu yan	行不副言	1
xing bu lv wei	行不履危	1
xing bu de ye ge ge	行不得也哥哥	1
xing bu you jing	行不由径	1
xing bu sheng yi	行不胜衣	1
xing bu gou he	行不苟合	1
xing bu er guo	行不贰过	1
xing bu yu fang	行不逾方	1
hang dong	行东	1
xing wei neng li	行为能力	1
xing le	行乐	1
xing qi	行乞	1
xing shu	行书	1
xing ling	行令	1
hang wu	行伍	1
xing zhu zuo wo	行住坐卧	1
xing xia hao yi	行侠好义	1
xing bing bu zhen	行兵布阵	1
xing jun chuang	行军床	1
hang lie shi	行列式	1
xing ci	行刺	1
xing dong zuo wo	行动坐卧	1
xing jie	行劫	1
xing bao	行包	1
xing gu zhi jin	行古志今	1
hang hao	行号	1
xing hao wo qi	行号卧泣	1
xing hao xiang ku	行号巷哭	1
xing he qu tong	行合趋同	1
xing tong gou zhi	行同狗彘	1
xing tong gou xi	行同狗豨	1
xing tong neng ou	行同能偶	1
xing yin	行吟	1
xing yin shi ren	行吟诗人	1
xing tang	行唐	1
xing shang	行商	1
xing jian mai qiao	行奸卖俏	1
xing hao	行好	1
hang jia li shou	行家里手	1
xing jiang	行将	1
xing jiang jiu mu	行将就木	1
xing shi zou gu	行尸走骨	1
xing xian jiao xing	行崄侥幸	1
xing ji you chi	行己有耻	1
hang shi	行市	1
xing shi dong zhong	行师动众	1
hang bang	行帮	1
xing nian	行年	1
xing si zuo yi	行思坐忆	1
xing si zuo xiang	行思坐想	1
xing si zuo chou	行思坐筹	1
xing cheng yu si	行成于思	1
xing fang	行房	1
xing qiang	行抢	1
xing fang bian	行方便	1
xing lv	行旅	1
xing shi	行时	1
xing yi zhi nan	行易知难	1
xing you yu li	行有余力	1
xing qi	行期	1
xing li juan er	行李卷儿	1
xing li fang	行李房	1
xing li che	行李车	1
xing ban	行板	1
hang zhan	行栈	1
xing kai	行楷	1
hang kuan	行款	1
xing zhi	行止	1
xing bu ru fei	行步如飞	1
xing zhuo yan qing	行浊言清	1
xing zao	行灶	1
xing zhuang	行状	1
xing lie	行猎	1
xing bai li zhe ban jiu shi	行百里者半九十	1
xing bai li zhe ban yu jiu shi	行百里者半于九十	1
xing sheng	行省	1
xing mian li dun	行眠立盹	1
xing qie	行窃	1
xing bi	行笔	1
xing qie	行箧	1
xing jing	行经	1
xing shu	行署	1
xing zhe rang lu	行者让路	1
xing pin	行聘	1
xing jiao	行脚	1
xing qiang	行腔	1
xing zhou	行舟	1
xing chuan	行船	1
xing se	行色	1
xing se cong cong	行色匆匆	1
xing se cong cong	行色怱怱	1
xing ruo wu shi	行若无事	1
xing ruo gou zhi	行若狗彘	1
xing cao	行草	1
xing ying	行营	1
xing cang	行藏	1
xing cang yong she	行藏用舍	1
hang hang chu zhuang yuan	行行出状元	1
hang hang she yin	行行蛇蚓	1
xing zhuang	行装	1
xing zha	行诈	1
hang hua	行话	1
xing fan	行贩	1
xing gu	行贾	1
xing shang	行赏	1
hang ju	行距	1
xing lu	行路	1
xing zong wu ding	行踪无定	1
hang bei	行辈	1
xing yuan	行辕	1
xing yun	行运	1
xing yuan sheng gao	行远升高	1
xing yuan zi er	行远自迩	1
xing shu	行述	1
xing ji	行迹	1
hang dao	行道	1
xing dao shu	行道树	1
xing du	行都	1
xing zhen bu xian	行针步线	1
hang jian	行间	1
hang jian zi li	行间字里	1
xing xian jiao xing	行险徼幸	1
xing feng	行风	1
xing xiang gua pai	行香挂牌	1
xuan yu gu shi	衒玉贾石	1
xian hua pei shi	衔华佩实	1
xian wei xiang sui	衔尾相随	1
xian sha tian hai	衔沙填海	1
xian yu jia shi	衔玉贾石	1
xian huan jie cao	衔环结草	1
xian shi tian hai	衔石填海	1
xian dan qi bing	衔胆栖冰	1
jie hao xiang ku	街号巷哭	1
jie fang si lin	街坊四邻	1
jie fang lin li	街坊邻里	1
jie tou ju	街头剧	1
jie tou xiang wei	街头巷尾	1
jie tou xiang di	街头巷底	1
jie tou shi	街头诗	1
jie xiang qian mo	街巷阡陌	1
jie jing	街景	1
jie tan xiang yi	街谈巷议	1
jie tan xiang yu	街谈巷语	1
jie tan xiang shuo	街谈巷说	1
jie tan xiang yan	街谈巷谚	1
jie tan xiang yi	街谭巷议	1
jie mian er shang	街面儿上	1
ya nei	衙内	1
heng duan lun chang	衡短论长	1
heng shi cheng shu	衡石程书	1
heng shi liang shu	衡石量书	1
heng men shen xiang	衡门深巷	1
yi bu wan cai	衣不完采	1
yi bu bi ti	衣不蔽体	1
yi bu jie dai	衣不解带	1
yi guan zhong	衣冠冢	1
yi guan tu xiao	衣冠土枭	1
yi guan xiao jing	衣冠枭獍	1
yi guan chu chu	衣冠楚楚	1
yi guan li le	衣冠礼乐	1
yi guan qin shou	衣冠禽兽	1
yi fen	衣分	1
yi dan shi bo	衣单食薄	1
yi xiao shi gan	衣宵食旰	1
yi mao jian	衣帽间	1
yi bai	衣摆	1
yi jia fan nang	衣架饭囊	1
yi zu shi shui	衣租食税	1
yi xiu ye xing	衣绣夜行	1
yi xiu zhou xing	衣绣昼行	1
yi e	衣蛾	1
yi bei qun sheng	衣被群生	1
yi shang zhi hui	衣裳之会	1
yi qing cheng fei	衣轻乘肥	1
yi bo xiang chuan	衣钵相传	1
yi jin ye xing	衣锦夜行	1
yi jin zhou xing	衣锦昼行	1
yi jin guo xiang	衣锦过乡	1
yi jin huan xiang	衣锦还乡	1
yi jin shi rou	衣锦食肉	1
yi shi bu zhou	衣食不周	1
yi shi fu mu	衣食父母	1
yi shi shui zu	衣食税租	1
bu xi xue xiao	补习学校	1
bu xiu	补休	1
bu jia	补假	1
bu xie	补写	1
bu ji	补剂	1
bu zhu jin	补助金	1
bu tai	补台	1
bu tian zhu di	补天柱地	1
bu cha	补差	1
bu zheng	补正	1
bu lou	补漏	1
bu piao	补票	1
bu zhong	补种	1
bu ji xian	补给线	1
bu bian	补编	1
bu ju xia lou	补苴罅漏	1
bu jiao	补角	1
bu ji	补记	1
bu yu	补语	1
bu guo	补过	1
bu guo shi yi	补过拾遗	1
bu guo shi fei	补过饰非	1
bu jiu	补酒	1
bu ding	补钉	1
bu que shi yi	补阙拾遗	1
bu que gua lou	补阙挂漏	1
bu que deng qing	补阙灯檠	1
bu gu zhi	补骨脂	1
biao qin	表亲	1
biao zhi nv	表侄女	1
biao xiong di	表兄弟	1
biao zhuang bu ru li zhuang	表壮不如里壮	1
biao chi	表尺	1
biao zheng	表徵	1
biao yan yi shu	表演艺术	1
biao rang zi	表瓤子	1
biao meng zi	表蒙子	1
biao guan	表观	1
biao jie	表解	1
biao yu	表语	1
biao li bu yi	表里不一	1
biao li wei jian	表里为奸	1
biao li xiang yi	表里相依	1
biao li xiang ying	表里相应	1
biao li xiang ji	表里相济	1
biao li xiang fu	表里相符	1
biao mian hua	表面化	1
chen bu	衬布	1
chen ying	衬映	1
chen zhi	衬纸	1
chen ling	衬领	1
shuai fa	衰乏	1
shuai wang	衰亡	1
shuai bian	衰变	1
shuai shao	衰少	1
shuai nian	衰年	1
shuai dang yi zhuang	衰当益壮	1
shuai wei	衰微	1
shuai bei	衰惫	1
shuai xiu	衰朽	1
shuai cao	衰草	1
shuai wei	衰萎	1
shuai yi	衰衣	1
shuai mai	衰迈	1
shuai tui	衰颓	1
zhong qu	衷曲	1
ren xi nang kuo	衽扱囊括	1
yuan da tou	袁大头	1
mei yun han yu	袂云汗雨	1
niao nuo	袅娜	1
niao nuo ping ting	袅娜娉婷	1
niao niao nuo nuo	袅袅娜娜	1
pao fu	袍服	1
pao ze	袍泽	1
pao hu deng chang	袍笏登场	1
tan xiong lu bei	袒胸露背	1
tan xiong lu bi	袒胸露臂	1
tan bi hui quan	袒臂挥拳	1
tan xi luo cheng	袒裼裸裎	1
tan lu	袒露	1
xiu tou	袖头	1
xiu shou pang guan	袖手旁观	1
wa tong	袜筒	1
bei ci	被刺	1
bei dong shi	被动式	1
bei dan	被单	1
bei wo	被卧	1
pi fa zuo ren	被发左衽	1
pi fa wen shen	被发文身	1
pi fa ying guan	被发缨冠	1
bei tou	被头	1
bei zi zhi wu	被子植物	1
bei chong ruo jing	被宠若惊	1
pi shan dai he	被山带河	1
bei fu	被服	1
bei ze meng xiu	被泽蒙庥	1
pi jia zhi bing	被甲执兵	1
pi jia chi bing	被甲持兵	1
pi jia ju an	被甲据鞍	1
pi jia zhen ge	被甲枕戈	1
bei cheng wei	被称为	1
bei wo er	被窝儿	1
bei xu	被絮	1
bei zhao	被罩	1
bei dai	被袋	1
pi he huai yu	被褐怀玉	1
pi he huai zhu	被褐怀珠	1
bei fu	被覆	1
bei shi wei	被视为	1
bei ping wei	被评为	1
bei xuan ju quan	被选举权	1
bei li	被里	1
bei nan	被难	1
bei mian	被面	1
qia pan	袷袢	1
cai pan zhang	裁判长	1
cai chu	裁处	1
cai bing	裁并	1
cai duo	裁度	1
cai hong dian cui	裁红点翠	1
cai liang	裁量	1
cai chang bu duan	裁长补短	1
lie guan hui mian	裂冠毁冕	1
lie bian	裂变	1
lie kou	裂口	1
lie tu fen mao	裂土分茅	1
lie bo	裂帛	1
lie guo	裂果	1
lie pian	裂片	1
lie wen	裂璺	1
lie zi jiao chi	裂眦嚼齿	1
lie shi chuan yun	裂石穿云	1
lie shang yi chuang	裂裳衣疮	1
lie chang guo zu	裂裳裹足	1
lie gu	裂谷	1
lie xi	裂隙	1
zhuang zai men hu lu li	装在闷葫芦里	1
zhuang sun zi	装孙子	1
zhuang mu zuo yang	装模作样	1
zhuang huang men mian	装潢门面	1
zhuang jia bing	装甲兵	1
zhuang shen nong gui	装神弄鬼	1
zhuang hu tu	装糊涂	1
zhuang long zuo ya	装聋作哑	1
zhuang pei gong	装配工	1
zhuang shi bu	装饰布	1
yu ru	裕如	1
qiu bi jin jin	裘弊金尽	1
qun ji shao nian	裙屐少年	1
qun dai guan xi	裙带关系	1
qun dai feng	裙带风	1
ku tou	裤头	1
ku xian	裤线	1
ku feng	裤缝	1
ku jiao	裤脚	1
pi jiang	裨将	1
bi yi	裨益	1
bi bu	裨补	1
biao hu	裱糊	1
chang chang	裳裳	1
luo cheng tan xi	裸裎袒裼	1
guo xie	裹挟	1
guo xue li zhan	裹血力战	1
guo zu bu qian	裹足不前	1
you ran guan shou	褎然冠首	1
he yi bu wan	褐衣不完	1
he yi shu shi	褐衣蔬食	1
bao shan bian e	褒善贬恶	1
bao yi wei guan	褒衣危冠	1
bao bian yu duo	褒贬与夺	1
zhu xiao huai da	褚小怀大	1
zhu xiao bei da	褚小杯大	1
ru dan	褥单	1
ru tao	褥套	1
ru zi	褥子	1
tun qu	褪去	1
tui hou qu qian	褪后趋前	1
zhe zi	褶子	1
xiang zhu	襄助	1
jin huai sa luo	襟怀洒落	1
jin huai lei luo	襟怀磊落	1
xi yue	西乐	1
xi bei feng	西北风	1
xi hua	西华	1
xi yin du qun dao	西印度群岛	1
xi tai tong ku	西台痛哭	1
xi tou	西头	1
xi shan ri bao	西山日薄	1
xi fang jing guo	西方净国	1
xi fang jing tu	西方净土	1
xi sha qun dao	西沙群岛	1
xi fa	西法	1
xi yang shen	西洋参	1
xi yang jing	西洋景	1
xi wang	西王	1
xi wang mu	西王母	1
xi yu	西语	1
xi jin nan chen	西赆南琛	1
xi feng can zhao	西风残照	1
xi feng luo ye	西风落叶	1
xi shi dong mian	西食东眠	1
yao shi	要事	1
yao ren	要人	1
yao jia huan jia	要价还价	1
yao wei	要位	1
yao chong	要冲	1
yao ji	要击	1
yao ze	要则	1
yao wu	要务	1
yao yuan	要员	1
yao tu	要图	1
yao di	要地	1
yao zi	要子	1
yao hai zhi di	要害之地	1
yao zhi	要旨	1
yao an	要案	1
yao si bu huo	要死不活	1
yao si yao huo	要死要活	1
yao jin	要津	1
yao fan	要犯	1
yao lve	要略	1
yao mu	要目	1
yao duan	要端	1
yao er yan zhi	要而言之	1
yao er lun zhi	要而论之	1
yao zhi	要职	1
yao lian	要脸	1
yao lan	要览	1
yao yan	要言	1
yao yan bu fan	要言不烦	1
yao yan miao dao	要言妙道	1
yao jue	要诀	1
yao huang	要谎	1
yao zhang	要账	1
yao lu	要路	1
yao dao	要道	1
yao ai	要隘	1
yao mian zi	要面子	1
fu wang	覆亡	1
fu wang wu ri	覆亡无日	1
fu jun sha jiang	覆军杀将	1
fu di fan tian	覆地翻天	1
fu he	覆核	1
fu shui nan shou	覆水难收	1
fu mo	覆没	1
fu pen zi	覆盆子	1
fu pen nan zhao	覆盆难照	1
fu bei	覆被	1
fu che zhi jie	覆车之戒	1
fu che zhi gui	覆车之轨	1
fu che zhi jian	覆车之鉴	1
fu yu fan yun	覆雨翻云	1
jian shang di	见上帝	1
jian shi sheng miao	见世生苗	1
jian shi mian	见世面	1
jian yi dang wei	见义当为	1
jian yi bi wei	见义必为	1
jian yi gan wei	见义敢为	1
jian xi sheng	见习生	1
jian shi sheng feng	见事生风	1
jian shi feng sheng	见事风生	1
jian tu fang ying	见兔放鹰	1
jian tu gu quan	见兔顾犬	1
jian qi yi wei jian qi er	见其一未见其二	1
jian ji er zuo	见几而作	1
jian fen xiao	见分晓	1
jian li wang yi	见利忘义	1
jian li si yi	见利思义	1
jian shi bu miao	见势不妙	1
jian wei shou ming	见危授命	1
jian wei zhi ming	见危致命	1
jian luan qiu ji	见卵求鸡	1
jian ke er jin	见可而进	1
jian gao	见告	1
jian ku xing bei	见哭兴悲	1
jian shan bi qian	见善必迁	1
jian ye fei shi	见噎废食	1
jian qiang jian geng	见墙见羹	1
jian duo shi guang	见多识广	1
jian tian	见天	1
jian shi zhi zhong	见始知终	1
jian xiao an da	见小暗大	1
jian ji er zuo	见幾而作	1
jian yi si qian	见异思迁	1
jian qi yu ren	见弃于人	1
jian dan qiu xiao	见弹求鸮	1
jian dan qiu e	见弹求鹗	1
jian wei zhi meng	见微知萌	1
jian wei zhi zhu	见微知著	1
jian de si qi	见德思齐	1
jian xing cheng fo	见性成佛	1
jian guai fei guai	见怪非怪	1
jian guan bu jing	见惯不惊	1
jian guan si kong	见惯司空	1
jian suo bu jian	见所不见	1
jian suo wei jian	见所未见	1
jian jiao	见教	1
jian xin	见新	1
jian fang	见方	1
jian shi zhi ji	见时知几	1
jian jing sheng qing	见景生情	1
jian zhi jian ren	见智见仁	1
jian ji	见机	1
jian ji er zuo	见机而作	1
jian ji er xing	见机而行	1
jian ji xing shi	见机行事	1
jian leng jian jiao	见棱见角	1
jian si bu jiu	见死不救	1
jian ni bu jiu	见溺不救	1
jian ai	见爱	1
jian wu bu jian ren	见物不见人	1
jian lie xin xi	见猎心喜	1
jian li	见礼	1
jian shen jian gui	见神见鬼	1
jian cheng	见称	1
jian xiao da fang	见笑大方	1
jian jing shi jing	见精识精	1
xian su bao pu	见素抱朴	1
jian jing shi jing	见经识经	1
jian feng jiu zuan	见缝就钻	1
jian feng cha zhen	见缝插针	1
jian zui	见罪	1
jian geng jian qiang	见羹见墙	1
jian lao	见老	1
jian bei	见背	1
jian zheng ren	见证人	1
jian qiao da fang	见诮大方	1
jian shi fu tu	见豕负涂	1
jian mao bian se	见貌辨色	1
jian cai qi yi	见财起意	1
jian xian si qi	见贤思齐	1
jian qian yan kai	见钱眼开	1
jian qian yan hong	见钱眼红	1
jian yan wang	见阎王	1
jian que zhang luo	见雀张罗	1
jian mian li	见面礼	1
jian an si ma	见鞍思马	1
jian feng shi fan	见风使帆	1
jian feng shi duo	见风使舵	1
jian feng shi chuan	见风使船	1
jian feng shi yu	见风是雨	1
jian feng zhuan peng	见风转篷	1
jian feng zhuan duo	见风转舵	1
jian ma ke si	见马克思	1
jian gao di	见高低	1
guan shi yin	观世音	1
guan jin yi jian gu	观今宜鉴古	1
guan guang nong ye	观光农业	1
guan hua ting feng	观化听风	1
guan chang ai ren	观场矮人	1
guan cha shi	观察使	1
guan cha li	观察力	1
guan cha shao	观察哨	1
guan cha shi	观察室	1
guan cha jia	观察家	1
guan cha suo	观察所	1
guan shan wan shui	观山玩水	1
guan xing cha se	观形察色	1
guan wang zhi lai	观往知来	1
guan nian xing tai	观念形态	1
guan xing tai	观星台	1
guan wang bu qian	观望不前	1
guan ji er zuo	观机而作	1
guan ji er dong	观机而动	1
guan zhi	观止	1
guan chao	观潮	1
guan huo	观火	1
guan zhao	观照	1
guan mei shuo yan	观眉说眼	1
guan zhan	观瞻	1
guan li	观礼	1
guan li tai	观礼台	1
guan zhe yun ji	观者云集	1
guan zhe ru yun	观者如云	1
guan zhe ru duo	观者如垛	1
guan zhe ru du	观者如堵	1
guan zhe ru shi	观者如市	1
guan zhe ru zhi	观者如织	1
guan zhe cheng du	观者成堵	1
guan lan	观览	1
guan xiang tai	观象台	1
guan mao cha se	观貌察色	1
guan shang zhi wu	观赏植物	1
guan shang yu	观赏鱼	1
guan sai	观赛	1
guan guo zhi ren	观过知仁	1
guan zhen	观阵	1
guan yu fan san	观隅反三	1
guan yin tu	观音土	1
guan yin zhu	观音竹	1
guan feng	观风	1
guan feng cha su	观风察俗	1
gui tian ju di	规天矩地	1
gui ding dong zuo	规定动作	1
gui xuan ju she	规旋矩折	1
gui zheng	规正	1
gui qiu wu du	规求无度	1
gui yue	规约	1
gui xing ju zhi	规行矩止	1
gui xing ju bu	规行矩步	1
gui chong ju die	规重矩叠	1
gui zhong ju die	规重矩迭	1
shi dan ru lv	视丹如绿	1
shi wei er xi	视为儿戏	1
shi wei kou chou	视为寇雠	1
shi wei wei tu	视为畏途	1
shi wei zhi ji	视为知己	1
shi tong yi lv	视同一律	1
shi tong er xi	视同儿戏	1
shi tong gong bi	视同拱璧	1
shi tong qin yue	视同秦越	1
shi tong lu ren	视同路人	1
shi tong mo lu	视同陌路	1
shi chang	视唱	1
shi ru tu jie	视如土芥	1
shi ru kou chou	视如寇仇	1
shi ru cao jie	视如草芥	1
shi cha	视差	1
shi wei zhi zhuo	视微知著	1
shi si ruo gui	视死若归	1
shi si ruo sheng	视死若生	1
shi ruo er xi	视若儿戏	1
shi ruo wu du	视若无睹	1
shi ruo lu ren	视若路人	1
shi yuan bu gao	视远步高	1
shi xian ruo yi	视险若夷	1
lan wen bian jian	览闻辩见	1
jue ren jue shi	觉人觉世	1
jin jian	觐见	1
jue li	角力	1
jiao dong liang	角动量	1
jiao hua	角化	1
jiao zi	角子	1
jiao chi	角尺	1
jiao jin dong lu	角巾东路	1
jiao jin si di	角巾私第	1
jiao hu fen men	角户分门	1
jue dou	角斗	1
jiao lou	角楼	1
jiao piao	角票	1
jiao li jie chu	角立杰出	1
jiao mo yan	角膜炎	1
jiao su du	角速度	1
jiao gang	角钢	1
jiao tie	角铁	1
jiao men	角门	1
jie xia	解下	1
jie yan	解严	1
jie fa	解乏	1
jie shi	解事	1
jie ren nan de	解人难得	1
jie ren	解任	1
jie yuan	解元	1
jie bing shi jia	解兵释甲	1
jie jian bai chou	解剑拜仇	1
jie pou xue	解剖学	1
jie pou shi	解剖室	1
jie pou ma que	解剖麻雀	1
jie quan	解劝	1
jie wei	解危	1
jie fa yang kuang	解发佯狂	1
jie xi	解吸	1
jie chao	解嘲	1
jie nang	解囊	1
jie nang xiang zhu	解囊相助	1
jie kun	解困	1
jie chai	解差	1
jie xian geng zhang	解弦更张	1
jie you	解忧	1
jie hen	解恨	1
jie wu	解悟	1
jie chou	解愁	1
jie shou	解手	1
jie kou er	解扣儿	1
jie fang qu	解放区	1
jie fang xie	解放鞋	1
xie shu	解数	1
jie shu	解暑	1
jie xi ji he	解析几何	1
jie meng	解梦	1
jie kuan	解款	1
jie min dao xuan	解民倒悬	1
jie qi	解气	1
xie chi	解池	1
xie fa	解法	1
jie re	解热	1
jie jia	解甲	1
jie jia xiu bing	解甲休兵	1
jie jia xiu shi	解甲休士	1
jie jia dao ge	解甲倒戈	1
jie jia gui tian	解甲归田	1
jie jia tou ge	解甲投戈	1
jie yi	解疑	1
jie yi shi huo	解疑释惑	1
jie li	解离	1
jie fen pai nan	解纷排难	1
jie lan	解缆	1
jie zhi	解职	1
jie yi bao huo	解衣包火	1
jie yi xie jia	解衣卸甲	1
jie yi bao huo	解衣抱火	1
jie yi tui shi	解衣推食	1
jie yi pan pang	解衣槃磅	1
jie yi pan pang	解衣盘磅	1
jie yi pan bo	解衣盘礴	1
jie yi pang bo	解衣磅礴	1
jie yi ban bo	解衣般礴	1
jie yi yi ren	解衣衣人	1
jie biao	解表	1
jie jie	解解	1
jie shuo ci	解说词	1
jie tiao	解调	1
jie mi	解谜	1
jie yun	解运	1
jie song	解送	1
jie yu	解郁	1
jie jiu	解酒	1
jie ling xi ling	解铃系铃	1
jie ling hai shi xi ling ren	解铃还是系铃人	1
jie ling hai xu xi ling ren	解铃还需系铃人	1
jie ling hai xu xi ling ren	解铃还须系铃人	1
jie ling xu yong xi ling ren	解铃须用系铃人	1
jie nan	解难	1
jie yi	解颐	1
jie e	解饿	1
jie chan	解馋	1
jie can tui shi	解骖推食	1
jie nian qu fu	解黏去缚	1
gong fan bu ji hu sun	觥饭不及壶飧	1
chu di hao tian	触地号天	1
chu chu ji lai	触处机来	1
chu shou ke ji	触手可及	1
chu dou man zheng	触斗蛮争	1
chu jing shang xin	触景伤心	1
chu jing shang huai	触景伤怀	1
chu jing shang qing	触景伤情	1
chu jing sheng qing	触景生情	1
chu ji bian fa	触机便发	1
chu wu xing huai	触物兴怀	1
chu mu xing tan	触目兴叹	1
chu shi jue mu	触石决木	1
chu lei pang tong	触类旁通	1
chu lei er chang	触类而长	1
chu lei	触雷	1
chu mei tou	触霉头	1
yan san yu si	言三语四	1
yan bu er jia	言不二价	1
yan bu ji yi	言不及义	1
yan bu ji xing	言不及行	1
yan bu jin yi	言不尽意	1
yan bu you zhong	言不由中	1
yan bu you zhong	言不由衷	1
yan bu da yi	言不达意	1
yan bu dai yi	言不逮意	1
yan bu gu xing	言不顾行	1
yan yu xin wei	言与心违	1
yan zhong	言中	1
yan zhong shi yin	言中事隐	1
yan wei xin sheng	言为心声	1
yan zhi bu yu	言之不预	1
yan zhi you xu	言之有序	1
yan zhi you ju	言之有据	1
yan zhi you gu	言之有故	1
yan zhi you wu	言之有物	1
yan zhi you li	言之有理	1
yan zhi you li	言之有礼	1
yan zhi guo zao	言之过早	1
yan zhi guo shen	言之过甚	1
yan cong ji ting	言从计听	1
yan cong ji na	言从计纳	1
yan cong ji xing	言从计行	1
yan chuan	言传	1
yan chuan shen jiao	言传身教	1
yan xin xing guo	言信行果	1
yan chu huo cong	言出祸从	1
yan fa huo sui	言发祸随	1
yan ting shi xing	言听事行	1
yan ting xing cong	言听行从	1
yan ting ji cong	言听计从	1
yan ting ji xing	言听计行	1
yan he	言和	1
yan he yi shun	言和意顺	1
yan duo shang xing	言多伤行	1
yan duo yu shi	言多语失	1
yan cha yu cuo	言差语错	1
yan gui yu hao	言归于好	1
yan gui he hao	言归和好	1
yan gui zheng zhuan	言归正传	1
yan bi you zhong	言必有中	1
yan bi you ju	言必有据	1
yan bi you wu	言必有物	1
yan yang xing ju	言扬行举	1
yan ti qi er	言提其耳	1
yan jiao	言教	1
yan wen xing yuan	言文行远	1
yan fang xing yuan	言方行圆	1
yan wu bu jin	言无不尽	1
yan wu er jia	言无二价	1
yan lai yu qu	言来语去	1
yan qing xing zhuo	言清行浊	1
yan xiao bu gou	言笑不苟	1
yan xiao zi ruo	言笑自若	1
yan jian yi shao	言简意少	1
yan yue zhi yuan	言约旨远	1
yan zhe bu zhi	言者不知	1
yan zhe fu zhi	言者弗知	1
yan er bu xin	言而不信	1
yan er wu xin	言而无信	1
yan er you xin	言而有信	1
yan fang xing jie	言芳行洁	1
yan ruo xuan he	言若悬河	1
yan xing yi zhi	言行一致	1
yan xing bu yi	言行不一	1
yan xing bu fu	言行不符	1
yan xing bu er	言行不贰	1
yan xing xin guo	言行信果	1
yan xing bao yi	言行抱一	1
yan xing xiang fu	言行相副	1
yan xing xiang bei	言行相悖	1
yan xing xiang fu	言行相符	1
yan xing xiang gui	言行相诡	1
yan xing xiang gu	言行相顾	1
yan xing ruo yi	言行若一	1
yan xing ji cong	言行计从	1
yan lun feng sheng	言论风生	1
yan ci ken qie	言词恳切	1
yan yu miao tian xia	言语妙天下	1
yan yu lu jue	言语路绝	1
yan yu dao duan	言语道断	1
yan guo qi shi	言过其实	1
yan jin yi yuan	言近意远	1
yan jin zhi yuan	言近指远	1
yan jin zhi yuan	言近旨远	1
yan zhong	言重	1
yan zhong jiu ding	言重九鼎	1
yan dian yu dao	言颠语倒	1
yan gao yu di	言高语低	1
hong ran	訇然	1
zhan yan zhan yu	詀言詀语	1
li yi wei zhi	詈夷为跖	1
zhan yan qu shuo	詹言曲说	1
yu bu jue kou	誉不绝口	1
shi bu liang li	誓不两立	1
shi bu ba xiu	誓不罢休	1
shi tong sheng si	誓同生死	1
shi tian duan fa	誓天断发	1
shi si bu er	誓死不二	1
shi si bu qu	誓死不屈	1
shi si bu yu	誓死不渝	1
shi si bu er	誓死不贰	1
shi yue	誓约	1
qing kai	謦欬	1
ao ya jie qu	謷牙诘屈	1
jing fei pian	警匪片	1
jing wei yuan	警卫员	1
jing ju	警句	1
jing hao	警号	1
jing bei qu	警备区	1
jing kui jue long	警愦觉聋	1
jing gun	警棍	1
jing deng	警灯	1
jing zhong	警种	1
jing ji	警纪	1
jing yu	警语	1
jing feng	警风	1
pi ruo	譬若	1
ji shang xin tou	计上心头	1
ji shang xin lai	计上心来	1
ji bu fan gu	计不反顾	1
ji bu xuan kui	计不旋跬	1
ji bu xuan zhong	计不旋踵	1
ji bu fan gu	计不返顾	1
ji fa cheng xun	计伐称勋	1
ji chu wan quan	计出万全	1
ji chu wan si	计出万死	1
ji hua dan lie shi	计划单列市	1
ji gong xing feng	计功行封	1
ji gong xing shang	计功行赏	1
ji gong bu guo	计功补过	1
ji gong liang zui	计功量罪	1
ji xun xing shang	计勋行赏	1
ji he mou cong	计合谋从	1
ji jiang an chu	计将安出	1
ji jin li qiong	计尽力穷	1
ji xi	计息	1
ji dou fu cai	计斗负才	1
ji ri yi si	计日以俟	1
ji ri yi dai	计日以待	1
ji ri yi qi	计日以期	1
ji ri ke dai	计日可待	1
ji ri ke qi	计日可期	1
ji ri zhi qi	计日指期	1
ji ri er si	计日而俟	1
ji ri er dai	计日而待	1
ji shen lv yuan	计深虑远	1
ji ran zhi shu	计然之术	1
ji yan xin suan	计研心算	1
ji cheng biao	计程表	1
ji qiong li jin	计穷力尽	1
ji qiong shi po	计穷势迫	1
ji qiong lv jin	计穷虑尽	1
ji suan ji bing du	计算机病毒	1
ji suan ji wang luo	计算机网络	1
ji chu fang kui	计绌方匮	1
ji xing lv yi	计行虑义	1
ji xing yan ting	计行言听	1
ji guo zi song	计过自讼	1
ding zheng	订正	1
ding yue	订约	1
ren qin	认亲	1
ren chou zuo fu	认仇作父	1
ren tou	认头	1
ren nu zuo lang	认奴作郎	1
ren ying wei tou	认影为头	1
ren ying mi tou	认影迷头	1
ren di zuo fu	认敌作父	1
ren zhi ke xue	认知科学	1
ren shi lun	认识论	1
ren fu	认负	1
ren zei wei zi	认贼为子	1
ren zei wei fu	认贼为父	1
ren zei zuo fu	认贼作父	1
ji ci	讥刺	1
ji chao	讥嘲	1
ji tan	讥弹	1
tao qin	讨亲	1
tao jia	讨价	1
tao pian yi	讨便宜	1
tao e jian bao	讨恶翦暴	1
tao lei zhi yuan	讨类知原	1
tao huan	讨还	1
rang yu	让与	1
rang jia	让价	1
shan ya xian ke	讪牙闲嗑	1
qi qing jin yi	讫情尽意	1
xun ling	训令	1
xun tiao	训条	1
yi bu fan gu	议不反顾	1
yi hui zhi	议会制	1
yi he	议和	1
yi chang	议场	1
yi er bu jue	议而不决	1
yi lun wen	议论文	1
yi lun fen yun	议论纷纭	1
yi lun fen cuo	议论纷错	1
yi lun ying fa	议论英发	1
yi lun feng fa	议论风发	1
yi lun feng sheng	议论风生	1
ji fen ce	记分册	1
ji gong wang guo	记功忘过	1
ji shi	记时	1
ji yao	记要	1
jiang jia qian	讲价钱	1
jiang xin xiu mu	讲信修睦	1
jiang gu lun jin	讲古论今	1
jiang he	讲和	1
jiang hao	讲好	1
jiang shi tuan	讲师团	1
jiang qing mian	讲情面	1
jiang pai chang	讲排场	1
jiang shi shuo fei	讲是说非	1
jiang jing shuo fa	讲经说法	1
jiang jie yuan	讲解员	1
hui e bu quan	讳恶不悛	1
hui shu shu ma	讳树数马	1
hui mo ru shen	讳莫如深	1
hui mo gao shen	讳莫高深	1
ne kou shao yan	讷口少言	1
ne yan min xing	讷言敏行	1
xu qin	许亲	1
xu hun	许婚	1
xu shi	许是	1
xu shen	许身	1
xu pei	许配	1
e yi chuan e	讹以传讹	1
e chuan	讹传	1
e wu	讹误	1
lun shi zhi ren	论世知人	1
lun zheng	论争	1
lun jiao	论交	1
lun jin shuo gu	论今说古	1
lun jia	论价	1
lun lie	论列	1
lun lie shi fei	论列是非	1
lun jian	论剑	1
lun gong shou shang	论功受赏	1
lun gong feng shang	论功封赏	1
lun gong xing feng	论功行封	1
lun gong xing shang	论功行赏	1
lun qian lun wan	论千论万	1
lun ji	论及	1
lun chu	论处	1
lun de shi neng	论德使能	1
lun xin ding zui	论心定罪	1
lun di	论敌	1
lun li	论理	1
lun li xue	论理学	1
lun gan ji xin	论甘忌辛	1
lun duan dao chang	论短道长	1
lun zui	论罪	1
lun zhu	论著	1
lun yi feng sheng	论议风生	1
lun zheng hui	论证会	1
lun shuo	论说	1
lun shuo wen	论说文	1
lun zi pai bei	论资排辈	1
lun bian	论辩	1
lun bian feng sheng	论辩风生	1
lun dao	论道	1
lun dao jing bang	论道经邦	1
lun chang shuo duan	论长说短	1
lun chang dao duan	论长道短	1
lun nan	论难	1
lun ji	论集	1
lun gao gua he	论高寡合	1
lun huang shu bai	论黄数白	1
lun huang shu hei	论黄数黑	1
song gun	讼棍	1
feng duo yao gua	讽多要寡	1
she ka	设卡	1
she quan tao	设圈套	1
she xin chu lv	设心处虑	1
she dian	设点	1
she ruo	设若	1
she zhang	设障	1
fang qin wen you	访亲问友	1
fang you	访友	1
fang cha	访查	1
fang wen xue zhe	访问学者	1
jue bie	诀别	1
zheng quan jiao yi suo	证券交易所	1
zheng ju que zao	证据确凿	1
zheng ming ren	证明人	1
zheng ming xin	证明信	1
zheng jian	证见	1
zheng gui cheng bie	证龟成鳖	1
he fo di wu	诃佛诋巫	1
he zi	诃子	1
ping zhuan	评传	1
ping pan yuan	评判员	1
ping gong bai hao	评功摆好	1
ping juan	评卷	1
ping tou pin zu	评头品足	1
ping tou lun jiao	评头论脚	1
ping tou lun zu	评头论足	1
ping tan	评弹	1
ping xi	评戏	1
ping pin	评聘	1
ping liang	评量	1
shi er wu er bu zhi shi	识二五而不知十	1
shi bian cong yi	识变从宜	1
shi duo cai guang	识多才广	1
shi da ti	识大体	1
shi zi ban	识字班	1
shi zi zhi shu	识字知书	1
shi wei zhi zhuo	识微知著	1
shi wei jian ji	识微见几	1
shi wei jian yuan	识微见远	1
shi cai	识才	1
shi cai zun xian	识才尊贤	1
shi wen duan zi	识文断字	1
shi wen tan zi	识文谈字	1
shi shi wu	识时务	1
shi shi wu zhe wei jun jie	识时务者为俊杰	1
shi shi da wu	识时达务	1
shi shi da bian	识时达变	1
shi shi tong bian	识时通变	1
shi ming zhi shen	识明智审	1
shi tu lao ma	识涂老马	1
shi xiang	识相	1
shi li zhi shu	识礼知书	1
shi xiu	识羞	1
shi jian	识见	1
shi ji	识记	1
shi huo	识货	1
shi qu	识趣	1
shi tu lao ma	识途老马	1
zha ya yang long	诈哑佯聋	1
zha hu	诈唬	1
zha jian bu ji	诈奸不及	1
zha chi bu dian	诈痴不颠	1
zha cheng	诈称	1
zha yu	诈语	1
zha xiang	诈降	1
su song zhuang	诉讼状	1
zhen duan shu	诊断书	1
zhen liao suo	诊疗所	1
zhen mai	诊脉	1
zhou shang yi xia	诌上抑下	1
ci bu da yi	词不达意	1
ci bu dai yi	词不逮意	1
ci bu dai li	词不逮理	1
ci yan yi zheng	词严义正	1
ci ling	词令	1
ci hua dian shan	词华典赡	1
ci tou	词头	1
ci wei	词尾	1
ci wu zhi ye	词无枝叶	1
ci zheng li zhi	词正理直	1
ci shen qie ji	词甚切激	1
ci qiong li jin	词穷理尽	1
ci yue zhi ming	词约指明	1
ci yan yi zheng	词言义正	1
ci diao	词调	1
qu cun xin chi	诎寸信尺	1
qu yao rao guo	诎要桡腘	1
zhao ling	诏令	1
yi zhi pian	译制片	1
yi yuan	译员	1
yi yi feng	译意风	1
yi zhu	译著	1
shi yang	试养	1
shi chang	试场	1
shi ji	试机	1
shi pian	试片	1
shi zhong	试种	1
shi ying ye	试营业	1
shi jiang	试讲	1
shi du	试读	1
shi jin shi	试金石	1
shi zhong you hua	诗中有画	1
shi shu fa zhong	诗书发冢	1
shi hui	诗会	1
shi ti	诗体	1
shi xing	诗兴	1
shi kan	诗刊	1
shi jia san mei	诗家三昧	1
shi li zhi jia	诗礼之家	1
shi li ren jia	诗礼人家	1
shi li chuan jia	诗礼传家	1
shi jie	诗节	1
shi hang	诗行	1
shi lun	诗论	1
shi jiu feng liu	诗酒风流	1
shi feng	诗风	1
ji qu	诘屈	1
ji qu ao qiao	诘屈磝碻	1
ji qu ao ya	诘屈聱牙	1
jie qu ao ya	诘屈謷牙	1
jie rong zhi bing	诘戎治兵	1
jie qu ao ya	诘曲聱牙	1
ji chao	诘朝	1
jie qu ao ya	诘诎聱牙	1
jie ze	诘责	1
jie wen	诘问	1
jie nan	诘难	1
cheng xin zheng yi	诚心正意	1
cheng fu	诚服	1
cheng piao	诚朴	1
zhu jin sha jue	诛尽杀绝	1
zhu xin zhi lun	诛心之论	1
zhu bao tao ni	诛暴讨逆	1
zhu qiu bu yi	诛求不已	1
zhu qiu wu du	诛求无度	1
hua bu tou ji	话不投机	1
hua bu xiang tou	话不相投	1
hua bu xu chuan	话不虚传	1
hua zhong you hua	话中有话	1
hua bie	话别	1
hua wu yuan	话务员	1
hua xia zi	话匣子	1
hua wai yin	话外音	1
hua tou	话头	1
hua jia chang	话家常	1
hua ba er	话把儿	1
hua yan hua yu	话言话语	1
hua li dai ci	话里带刺	1
hua li you ci	话里有刺	1
hua li you hua	话里有话	1
hua li cang jiu	话里藏阄	1
hua chang shuo duan	话长说短	1
dan wang bu jing	诞妄不经	1
dan huan bu jing	诞幻不经	1
dan wang bu jing	诞罔不经	1
dan man bu jing	诞谩不经	1
gou ru bu wen	诟如不闻	1
gou gui hu tian	诟龟呼天	1
gui qi	诡奇	1
gui xing qi zhi	诡形奇制	1
gui mi	诡秘	1
gui mi mo ce	诡秘莫测	1
gui cheng	诡称	1
gui yan fu shuo	诡言浮说	1
gui dan bu jing	诡诞不经	1
xun cha	询查	1
xun gen wen di	询根问底	1
xun mou qian tong	询谋佥同	1
xun mou zi du	询谋谘度	1
gai dang	该当	1
gai zhao	该着	1
xiang tu	详图	1
xiang bei	详备	1
xiang shi	详实	1
xiang mi	详密	1
xiang cha	详察	1
xiang xi	详悉	1
xiang qing du li	详情度理	1
xiang ming	详明	1
xiang xing bai dou	详星拜斗	1
xiang lve	详略	1
hun hao	诨号	1
zhou zhang wei huan	诪张为幻	1
zhou zhang bian xuan	诪张变眩	1
wu liang wei dao	诬良为盗	1
yu bu jing ren	语不惊人	1
yu bu tou ji	语不投机	1
yu yi xue	语义学	1
yu yun	语云	1
yu ti	语体	1
yu ti wen	语体文	1
yu chu yue xie	语出月胁	1
yu zhu ci	语助词	1
yu si yan san	语四言三	1
yu se	语塞	1
yu sheng	语声	1
yu miao tian xia	语妙天下	1
yu miao jue lun	语妙绝伦	1
yu xu	语序	1
yu tai	语态	1
yu yi	语意	1
yu zu	语族	1
yu wu quan ci	语无诠次	1
yu qi ci	语气词	1
yu hui	语汇	1
yu fa xue	语法学	1
yu yuan	语源	1
yu yuan xue	语源学	1
yu yan bu xiang	语焉不详	1
yu bing	语病	1
yu duan qing chang	语短情长	1
yu xiao xuan hu	语笑喧呼	1
yu xiao xuan hua	语笑喧哗	1
yu xiao xuan tian	语笑喧阗	1
yu jian yi gai	语简意赅	1
yu xi	语系	1
yu su	语素	1
yu yan guan	语言关	1
yu yan wu wei	语言无味	1
yu ci	语词	1
yu jin zhi yuan	语近指远	1
yu jin ci rong	语近词冗	1
yu zhong xin chen	语重心沉	1
yu zhong qing shen	语重情深	1
yu chang xin zhong	语长心重	1
yu yin xue	语音学	1
wu yi wei	误以为	1
wu chuan	误传	1
wu zuo fei wei	误作非为	1
wu xin	误信	1
wu chang	误场	1
wu da wu zhuang	误打误撞	1
wu qi	误期	1
wu cheng	误称	1
wu ren	误认	1
wu che	误车	1
wu shi	误食	1
wu can	误餐	1
you gong	诱供	1
you ye	诱掖	1
you ye hou jin	诱掖后进	1
you ye jiang quan	诱掖奖劝	1
you po	诱迫	1
you xiang	诱降	1
hui ren bu juan	诲人不倦	1
hui ren bu juan	诲人不惓	1
kuang yu	诳语	1
shuo yi bu er	说一不二	1
shuo bu chu kou	说不出口	1
shuo bu de	说不得	1
shuo bu lai	说不来	1
shuo bu zhao	说不着	1
shuo dong tan xi	说东谈西	1
shuo dong dao xi	说东道西	1
shuo shu	说书	1
shuo qin	说亲	1
shuo qin dao re	说亲道热	1
shuo jin dao gu	说今道古	1
shuo dao zuo dao	说到做到	1
shuo qian shuo wan	说千说万	1
shuo qian dao wan	说千道万	1
shuo gu tan jin	说古谈今	1
shuo gu dao jin	说古道今	1
shuo he	说合	1
shuo he	说和	1
shuo xian dao dan	说咸道淡	1
shuo chang wen xue	说唱文学	1
shuo zui	说嘴	1
shuo zui lang zhong	说嘴郎中	1
shuo di tan tian	说地谈天	1
shuo da hua	说大话	1
shuo tou	说头	1
shuo tou er	说头儿	1
shuo hao xian dai	说好嫌歹	1
shuo mei	说媒	1
shuo shi zai de	说实在的	1
shuo shi hua	说实话	1
shuo ke	说客	1
shuo kai	说开	1
shuo de lai	说得来	1
shuo de guo qu	说得过去	1
shuo qing	说情	1
shuo xi	说戏	1
shuo wen jie zi	说文解字	1
shuo ming wen	说明文	1
shuo shi nong fei	说是弄非	1
shuo shi tan fei	说是谈非	1
shuo shi dao fei	说是道非	1
shuo lai hua chang	说来话长	1
shuo mei zhi ke	说梅止渴	1
shuo meng hua	说梦话	1
shuo si	说死	1
shuo qing chu	说清楚	1
shuo piao liang hua	说漂亮话	1
shuo bai	说白	1
shuo bai dao lv	说白道绿	1
shuo bai dao hei	说白道黑	1
shuo zhen de	说真的	1
shuo xia hua	说瞎话	1
shuo duan lun chang	说短论长	1
shuo duan dao chang	说短道长	1
shuo po	说破	1
shuo chuan	说穿	1
shuo xiao hua	说笑话	1
shuo ci	说词	1
shuo qi lai	说起来	1
shuo chang lun duan	说长论短	1
shuo chang hua duan	说长话短	1
shuo chang shuo duan	说长说短	1
shuo chang dao duan	说长道短	1
shuo xian hua	说闲话	1
shuo xiang	说项	1
shuo huang dao hei	说黄道黑	1
shuo hei dao bai	说黑道白	1
qing bian	请便	1
qing jiang bu ru ji jiang	请将不如激将	1
qing zi wei shi	请自隗始	1
qing diao	请调	1
qing xiang	请降	1
zhu qin liu juan	诸亲六眷	1
zhu qin hao you	诸亲好友	1
zhu zi bai jia	诸子百家	1
zhu gong diao	诸宫调	1
zhu e mo zuo	诸恶莫作	1
zhu you ci lei	诸有此类	1
zhu ruo ci lei	诸若此类	1
nuo man di deng lu	诺曼底登陆	1
du bu she shou	读不舍手	1
du shu san yu	读书三余	1
du shu san dao	读书三到	1
du shu jun zi	读书君子	1
du shu de jian	读书得间	1
du shu zhong zi	读书种子	1
du shu bi ji	读书笔记	1
du fa	读法	1
du po	读破	1
du miao	读秒	1
du jing	读经	1
du zhe wen zhai	读者文摘	1
du ruo	读若	1
ke juan	课卷	1
ke zui liao ya	课嘴撩牙	1
ke yu e yan	课语讹言	1
ke zhang	课长	1
wei guo	诿过	1
shui ge	谁个	1
tiao san huo si	调三惑四	1
tiao san wo si	调三斡四	1
tiao san wo si	调三窝四	1
tiao si pin zhu	调丝品竹	1
tiao ren	调人	1
diao ling	调令	1
diao zhi	调值	1
tiao ting	调停	1
tiao ting liang yong	调停两用	1
tiao guang	调光	1
diao bing qian jiang	调兵遣将	1
tiao zhun	调准	1
diao han	调函	1
diao bao	调包	1
tiao xie	调协	1
diao juan	调卷	1
diao qu	调取	1
diao hao	调号	1
tiao he	调合	1
tiao he yin yang	调和阴阳	1
tiao he ding nai	调和鼎鼐	1
tiao suo	调唆	1
tiao chun nong she	调唇弄舌	1
tiao zui xue she	调嘴学舌	1
tiao zui nong she	调嘴弄舌	1
tiao zui diao she	调嘴调舌	1
diao hui	调回	1
tiao mo nong bi	调墨弄笔	1
tiao fu	调幅	1
diao gan	调干	1
diao du yuan	调度员	1
tiao nong	调弄	1
diao shi	调式	1
diao xian pin zhu	调弦品竹	1
tiao xi	调息	1
tiao hu	调护	1
tiao she	调摄	1
tiao zhu fu fen	调朱傅粉	1
tiao zhu nong fen	调朱弄粉	1
tiao dang	调档	1
tiao zheng	调正	1
tiao zhi	调治	1
diao pai	调派	1
diao yan	调演	1
tiao jiao	调焦	1
tiao li yin yang	调理阴阳	1
tiao pi gui	调皮鬼	1
diao yan yuan	调研员	1
tiao shen chang qing	调神畅情	1
tiao xiao	调笑	1
tiao ji	调级	1
tiao jing	调经	1
tiao geng	调羹	1
diao zhi	调职	1
tiao zhi nong fen	调脂弄粉	1
tiao she nong chun	调舌弄唇	1
tiao liang wen fan	调良稳泛	1
tiao se	调色	1
tiao se ban	调色板	1
tiao jie shui	调节税	1
diao hu li shan	调虎离山	1
tiao ci jia song	调词架讼	1
tiao diao	调调	1
tiao xie	调谐	1
tiao xue	调谑	1
tiao zi	调资	1
diao zhuan	调转	1
diao yun	调运	1
tiao shi	调适	1
diao qian	调遣	1
diao men	调门	1
diao men er	调门儿	1
diao yue	调阅	1
diao fang	调防	1
tiao yin	调音	1
tiao feng bian su	调风变俗	1
tiao feng nong yue	调风弄月	1
chan shang ao xia	谄上傲下	1
chan shang yi xia	谄上抑下	1
chan shang qi xia	谄上欺下	1
chan shang jiao xia	谄上骄下	1
chan ci ling se	谄词令色	1
zhun zhun bu juan	谆谆不倦	1
zhun zhun jiao dao	谆谆教导	1
tan bu rong kou	谈不容口	1
tan jin lun gu	谈今论古	1
tan he rong yi	谈何容易	1
tan xing	谈兴	1
tan zhu	谈助	1
tan gu lun jin	谈古论今	1
tan gu shuo jin	谈古说今	1
tan tu sheng feng	谈吐生风	1
tan tu feng sheng	谈吐风生	1
tan yuan shuo tong	谈圆说通	1
tan tian lun di	谈天论地	1
tan tian shuo di	谈天说地	1
tan kai	谈开	1
tan de lai	谈得来	1
tan xuan shuo miao	谈玄说妙	1
tan kong shuo huan	谈空说幻	1
tan kong shuo you	谈空说有	1
tan xiao feng hou	谈笑封侯	1
tan xiao you hong ru	谈笑有鸿儒	1
tan xiao zi ruo	谈笑自若	1
tan xiao feng sheng	谈笑风生	1
tan ruo xuan he	谈若悬河	1
tan yan wei zhong	谈言微中	1
tan yi feng sheng	谈议风生	1
tan lun feng sheng	谈论风生	1
tan guo qi shi	谈过其实	1
yi bu rong ci	谊不容辞	1
yi bu gan ci	谊不敢辞	1
yi qie tai cen	谊切苔岑	1
mou wei bu gui	谋为不轨	1
mou ting ji xing	谋听计行	1
mou tu bu gui	谋图不轨	1
mou fu kong duo	谋夫孔多	1
mou ru yong quan	谋如涌泉	1
mou chen ru yu	谋臣如雨	1
mou chen wu jiang	谋臣武将	1
mou chen meng jiang	谋臣猛将	1
xue er bu nve	谑而不虐	1
wei yu bu xin	谓予不信	1
chan yan ning yu	谗言佞语	1
di fen shen bu	谛分审布	1
mi yi yang	谜一样	1
dang yan jia lun	谠言嘉论	1
dang lun kan kan	谠论侃侃	1
xie lan yan gui	谢兰燕桂	1
xie jia bao shu	谢家宝树	1
xie jia huo ji	谢家活计	1
xie tie	谢帖	1
yao yan	谣谚	1
yao feng	谣风	1
shi hao	谥号	1
qian chong	谦冲	1
qian shou yi	谦受益	1
qian cheng	谦称	1
jin shang	谨上	1
jin ben xiang shi	谨本详始	1
jin xing jian yong	谨行俭用	1
jin yan shen xing	谨言慎行	1
jin xie bu min	谨谢不敏	1
jin shen jie yong	谨身节用	1
man bu jing yi	谩不经意	1
man tian mei di	谩天昧地	1
man tian man di	谩天谩地	1
man cang hui dao	谩藏诲盗	1
man ci hua shuo	谩辞哗说	1
miu wang wu ji	谬妄无稽	1
miu tuo zhi ji	谬托知己	1
miu zhong	谬种	1
miu zhong liu chuan	谬种流传	1
miu shuo	谬说	1
miu cai xu sheng	谬采虚声	1
miu cai xu yu	谬采虚誉	1
tan tian shuo di	谭天说地	1
tan yan wei zhong	谭言微中	1
zen xia man shang	谮下谩上	1
pu hao	谱号	1
pu qu	谱曲	1
pu xi	谱系	1
jue er bu zheng	谲而不正	1
zhan yu	谵语	1
chen yu	谶语	1
gu di	谷地	1
gu fang	谷坊	1
gu ke er	谷壳儿	1
gu fu can mu	谷父蚕母	1
gu yu	谷雨	1
huo liang	豁亮	1
huo ren er mu	豁人耳目	1
huo mian quan	豁免权	1
huo chu	豁出	1
huo kou	豁口	1
huo kou jie she	豁口截舌	1
huo zui	豁嘴	1
huo zi	豁子	1
hua quan	豁拳	1
huo lang	豁朗	1
huo ran	豁然	1
huo ran da wu	豁然大悟	1
huo ran kai wu	豁然开悟	1
huo ran xing wu	豁然省悟	1
huo ran que si	豁然确斯	1
huo ran guan tong	豁然贯通	1
huo ran dun wu	豁然顿悟	1
huo da da du	豁达大度	1
dou fen gua pou	豆分瓜剖	1
dou pou gua fen	豆剖瓜分	1
dou pao	豆泡	1
dou ban er	豆瓣儿	1
dou li	豆粒	1
dou lv	豆绿	1
dou hua er	豆花儿	1
dou qi xiang jian	豆萁相煎	1
dou kou nian hua	豆蔻年华	1
dou jue er	豆角儿	1
dou chi	豆豉	1
dou chong yu ming	豆重榆瞑	1
wan dou huang	豌豆黄	1
shi jiao shou chu	豕交兽畜	1
shi fen she duan	豕分蛇断	1
shi tu lang ben	豕突狼奔	1
shi hu chuan e	豕虎传讹	1
shi shi gai yi	豕食丐衣	1
xiang sha you jie shi	象煞有介事	1
hao xing	豪兴	1
hao qu zhi long	豪取智笼	1
hao shang ju gu	豪商巨贾	1
hao gan bao qu	豪干暴取	1
hao qiang	豪强	1
hao fang bu ji	豪放不羁	1
hao heng	豪横	1
hao heng ba hu	豪横跋扈	1
hao yan zhuang yu	豪言壮语	1
hao yu	豪语	1
hao mai bu qun	豪迈不群	1
hao yu	豪雨	1
yu jian	豫见	1
bao tou huan yan	豹头环眼	1
chai lang dang tu	豺狼当涂	1
chai lang dang lu	豺狼当路	1
chai lang dang dao	豺狼当道	1
chai lang heng dao	豺狼横道	1
diao gou xiang shu	貂狗相属	1
hao zi	貉子	1
hao rong	貉绒	1
mao bu jing ren	貌不惊人	1
mao si qiang da	貌似强大	1
mao he xing li	貌合形离	1
mao he xin li	貌合心离	1
mao he qing li	貌合情离	1
mao he shen li	貌合神离	1
mao he xing li	貌合行离	1
mao xiang	貌相	1
mao li shen he	貌离神合	1
bei que zhu gong	贝阙珠宫	1
zhen bu jue su	贞不绝俗	1
zhen yuan hui he	贞元会合	1
zhen nv	贞女	1
zhen song jing bai	贞松劲柏	1
zhen jie	贞节	1
zhen guan zhi zhi	贞观之治	1
zhen feng liang jie	贞风亮节	1
fu cheng si duo	负乘斯夺	1
fu cheng zhi kou	负乘致寇	1
fu ren meng lao	负任蒙劳	1
fu su zhi lei	负俗之累	1
fu zhai lei lei	负债累累	1
fu hao	负号	1
fu gu bu bin	负固不宾	1
fu gu bu fu	负固不服	1
fu di jin cai	负地矜才	1
fu de bei yi	负德背义	1
fu en bei yi	负恩背义	1
fu cai ren qi	负才任气	1
fu cai ren qi	负材任气	1
fu cai jin di	负材矜地	1
fu qi dou hen	负气斗狠	1
fu pian	负片	1
fu shi fu he	负石赴河	1
fu lei	负累	1
fu yue	负约	1
fu lao ti you	负老提幼	1
fu heng ju ding	负衡据鼎	1
fu zhong tun wu	负重吞污	1
fu zhong han wu	负重含污	1
fu zhong she yuan	负重涉远	1
fu zhong zhi yuan	负重致远	1
fu zu bu bin	负阻不宾	1
fu xian bu bin	负险不宾	1
fu xian bu chen	负险不臣	1
gong yu tan guan	贡禹弹冠	1
gong jiu	贡酒	1
cai bu lu bai	财不露白	1
cai kui li chu	财匮力绌	1
cai da qi cu	财大气粗	1
cai zheng gua tou	财政寡头	1
cai dan li jin	财殚力尽	1
cai dan li pu	财殚力痡	1
cai jie	财界	1
cai jie li jin	财竭力尽	1
cai yun heng tong	财运亨通	1
ze ren shi gu	责任事故	1
ze ren zhuang	责任状	1
ze ren tian	责任田	1
ze da	责打	1
ze wu pang dai	责无旁贷	1
ze you suo gui	责有所归	1
ze you you gui	责有攸归	1
ze quan li	责权利	1
xian nei zhu	贤内助	1
xian qi	贤契	1
xian di	贤弟	1
xian mu liang qi	贤母良妻	1
xian neng	贤能	1
xian liang fang zheng	贤良方正	1
xian shen gui ti	贤身贵体	1
bai bu xuan zhong	败不旋踵	1
bai wang	败亡	1
bai su shang hua	败俗伤化	1
bai su shang feng	败俗伤风	1
bai xing	败兴	1
bai xing er gui	败兴而归	1
bai bing	败兵	1
bai jun zhi jiang	败军之将	1
bai ze wei zei	败则为贼	1
bai hua shang feng	败化伤风	1
bai bei	败北	1
bai ye	败叶	1
bai guo sang jia	败国丧家	1
bai guo wang jia	败国亡家	1
bai jia zi	败家子	1
bai jiang	败将	1
bai jiang can bing	败将残兵	1
bai de ru xing	败德辱行	1
bai du	败毒	1
bai fa luan ji	败法乱纪	1
bai ji shi ju	败绩失据	1
bai luo	败落	1
bai xue	败血	1
bai xue bing	败血病	1
bai xue zheng	败血症	1
bai lu	败露	1
zhang wu	账务	1
zhang bu	账簿	1
huo jia	货价	1
huo dan	货单	1
huo chang	货场	1
huo jian	货检	1
huo zhi	货殖	1
huo liu	货流	1
huo chang qi liu	货畅其流	1
huo piao	货票	1
huo xiang	货箱	1
huo er bu shou	货而不售	1
huo hui gong xing	货贿公行	1
huo lu gong xing	货赂公行	1
huo lu da xing	货赂大行	1
huo yun liang	货运量	1
huo lang	货郎	1
huo lang dan	货郎担	1
huo lang gu	货郎鼓	1
zhi you	质优	1
zhi yu ying qu	质伛影曲	1
zhi ti	质体	1
zhi yin shu	质因数	1
zhi dang	质当	1
zhi shu	质数	1
zhi piao	质朴	1
zhi yi bian huo	质疑辨惑	1
zhi yi wen nan	质疑问难	1
zhi di	质的	1
zhi er bu li	质而不俚	1
zhi er bu ye	质而不野	1
fan jia	贩假	1
fan fu	贩夫	1
fan fu su zi	贩夫俗子	1
fan fu zao li	贩夫皁隶	1
fan fu zao li	贩夫皂隶	1
fan fu fan fu	贩夫贩妇	1
fan fu zou zu	贩夫走卒	1
fan fu zou zu	贩夫驺卒	1
fan huang	贩黄	1
tan pian yi	贪便宜	1
tan zhan	贪占	1
tan mo cheng feng	贪墨成风	1
tan duo wu de	贪多务得	1
tan duo jiao bu lan	贪多嚼不烂	1
tan da qiu yang	贪大求洋	1
tan fu xun cai	贪夫徇财	1
tan fu xun li	贪夫殉利	1
tan fu xun li	贪夫狥利	1
tan fu xun cai	贪夫狥财	1
tan xiao shi da	贪小失大	1
tan de wu yan	贪得无厌	1
tan xin bu zu	贪心不足	1
tan lin wu yan	贪惏无餍	1
tan wu fan	贪污犯	1
tan wu lang ji	贪污狼藉	1
tan wu fu hua	贪污腐化	1
tan wan er	贪玩儿	1
tan sheng wu si	贪生恶死	1
tan shui	贪睡	1
tan er wu xin	贪而无信	1
tan she wang wei	贪蛇忘尾	1
tan cai hao se	贪财好色	1
tan zang huai fa	贪赃坏法	1
tan shi	贪食	1
pin xia zhong nong	贫下中农	1
pin bu xue jian	贫不学俭	1
pin hua	贫化	1
pin zui e she	贫嘴恶舌	1
pin zui bo she	贫嘴薄舌	1
pin kun liao dao	贫困潦倒	1
pin kun xian	贫困线	1
pin wu li zhui zhi di	贫无立锥之地	1
pin bing jiao po	贫病交迫	1
pin er le dao	贫而乐道	1
pin jian bu yi	贫贱不移	1
pin jian bu neng yi	贫贱不能移	1
pin jian zhi zhi	贫贱之知	1
bian jia	贬价	1
bian cheng	贬称	1
gou xiao cha jia	购销差价	1
zhu yun	贮运	1
zhu liang	贮量	1
guan dou shuang long	贯斗双龙	1
guan xiu su hong	贯朽粟红	1
guan ying e ren	贯盈恶稔	1
guan chuan rong hui	贯穿融会	1
guan tong rong hui	贯通融会	1
jian jia	贱价	1
jian nei	贱内	1
jian lian gui fa	贱敛贵发	1
jian gu tou	贱骨头	1
bi lin	贲临	1
ben xing	贲星	1
ben kui	贲溃	1
ben men	贲门	1
tie xin ren	贴心人	1
tie xin hua	贴心话	1
tie ben er	贴本儿	1
tie gao yao	贴膏药	1
gui bu zhao jiao	贵不召骄	1
gui bu ke yan	贵不可言	1
gui bu qi jiao	贵不期骄	1
gui ti	贵体	1
gui guan lv qing tou zu	贵冠履轻头足	1
gui zai zhi xin	贵在知心	1
gui chu	贵处	1
gui shao jian lao	贵少贱老	1
gui gan	贵干	1
gui jian wu er	贵贱无二	1
gui yuan jian jin	贵远贱近	1
gui yuan bi jin	贵远鄙近	1
mao yi feng	贸易风	1
mao shou zhi chou	贸首之仇	1
fei jin xin ji	费尽心机	1
fei jin xin xue	费尽心血	1
fei nan	费难	1
he xin	贺信	1
he sui pian	贺岁片	1
he nian ka	贺年卡	1
he nian pian	贺年片	1
yi jue sun mou	贻厥孙谋	1
yi xiao da fang	贻笑大方	1
yi lei	贻累	1
yi chou wan nian	贻臭万年	1
zei tou gou nao	贼头狗脑	1
zei tou zei nao	贼头贼脑	1
zei tou gui nao	贼头鬼脑	1
zei tou shu nao	贼头鼠脑	1
zei xin bu si	贼心不死	1
zei liu liu	贼溜溜	1
zei dan	贼胆	1
zei feng	贼风	1
zei gu tou	贼骨头	1
zhi jian	贽见	1
gu ren	贾人	1
jia yong	贾勇	1
jia guan	贾官	1
jia qi	贾欺	1
gu yong	贾用	1
jia tian	贾田	1
gu huo	贾祸	1
jia dai	贾贷	1
gu mao	贾贸	1
jia zi	贾资	1
jia dao	贾道	1
gu ma	贾马	1
hui huo gong xing	贿货公行	1
hui lu gong xing	贿赂公行	1
hui lu bing xing	贿赂并行	1
hui jin	贿金	1
lin er yong mu	赁耳佣目	1
zang wu lang ji	赃污狼藉	1
zang ying e guan	赃盈恶贯	1
zang si lang ji	赃私狼藉	1
zang hui lang ji	赃秽狼藉	1
zang huo lang ji	赃货狼藉	1
zang hui lang ji	赃贿狼藉	1
zi bu di zhai	资不抵债	1
zi ben zhu yi she hui	资本主义社会	1
zi ben lun	资本论	1
zi shen wang zhong	资深望重	1
gai kuo	赅括	1
fu you	赋有	1
du zhou fa shi	赌咒发誓	1
du gun	赌棍	1
du yin	赌瘾	1
du shen fa zhou	赌神发咒	1
du shi fa yuan	赌誓发原	1
du shi fa yuan	赌誓发愿	1
du chang jiao duan	赌长较短	1
du feng	赌风	1
ji zhi yi mei	赍志以没	1
ji zhi er mo	赍志而没	1
ji liang jie kou	赍粮藉寇	1
shu dang	赎当	1
shang bu dang gong	赏不当功	1
shang bu yu ri	赏不逾日	1
shang bu yu shi	赏不逾时	1
shang xin fa bi	赏信罚必	1
shang xin fa ming	赏信罚明	1
shang tong fa yi	赏同罚异	1
shang shan fa fou	赏善罚否	1
shang shan fa e	赏善罚恶	1
shang qi xi yi	赏奇析疑	1
shang xin le shi	赏心乐事	1
shang fa bu ming	赏罚不明	1
shang fa xin ming	赏罚信明	1
shang fa fen ming	赏罚分明	1
shang xian shi neng	赏贤使能	1
shang xian fa bao	赏贤罚暴	1
pei bu shi	赔不是	1
pei le fu ren you zhe bing	赔了夫人又折兵	1
pei huan	赔还	1
lai you ci er	赖有此耳	1
zhui shi tai cang	赘食太仓	1
zhuan tou	赚头	1
zuan de	赚得	1
sai hui	赛会	1
sai si	赛似	1
sai qi	赛期	1
sai qiu	赛球	1
sai lu fen	赛璐玢	1
sai guo	赛过	1
sai ma chang	赛马场	1
zan kou bu jue	赞口不绝	1
zan tan bu yi	赞叹不已	1
zan sheng bu jue	赞声不绝	1
zan yu	赞语	1
zeng shu	赠书	1
zeng yu	赠予	1
zeng bie	赠别	1
zeng quan	赠券	1
zeng da	赠答	1
zeng gei	赠给	1
ying jian mai qiao	赢奸卖俏	1
chi xian shen zhou	赤县神州	1
chi kou du she	赤口毒舌	1
chi di	赤地	1
chi di qian li	赤地千里	1
chi kan lou	赤崁楼	1
chi xin xiang dai	赤心相待	1
chi shou kong quan	赤手空拳	1
chi ri yan yan	赤日炎炎	1
chi hong	赤红	1
chi lian she	赤练蛇	1
chi sheng ji zu	赤绳系足	1
chi bei	赤背	1
chi bo shang zhen	赤膊上阵	1
chi cheng xiang dai	赤诚相待	1
chi pin ru xi	赤贫如洗	1
chi shen luo ti	赤身裸体	1
chi shen lu ti	赤身露体	1
chi lu	赤露	1
she guo you zui	赦过宥罪	1
nan yan han xia	赧颜汗下	1
he zi	赫兹	1
zhe shi	赭石	1
zhe yi se lu	赭衣塞路	1
zhe huang se	赭黄色	1
zou wei shang zhao	走为上着	1
zou wei shang ce	走为上策	1
zou wei shang ji	走为上计	1
zou qin qi	走亲戚	1
zou fu wu di	走伏无地	1
zou nei xian	走内线	1
zou zu	走卒	1
zou nan chuang bei	走南闯北	1
zou tai	走台	1
zou tou wu lu	走头无路	1
zou hao yun	走好运	1
zou niang jia	走娘家	1
zou tou mei lu	走投没路	1
zou jie jing	走捷径	1
zou san	走散	1
zou cun chuan hu	走村串户	1
zou ji duan	走极端	1
zou zhe qiao	走着瞧	1
zou shi fei sha	走石飞沙	1
zou si fan	走私犯	1
zou lao lu	走老路	1
zou hua liu bing	走花溜冰	1
zou hua liu shui	走花溜水	1
zou jie chuan xiang	走街串巷	1
zou du	走读	1
zou du sheng	走读生	1
zou diao	走调	1
zou diao er	走调儿	1
zou zhang	走账	1
zou guo chang	走过场	1
zou gang si	走钢丝	1
zou feng	走风	1
zou ma shang ren	走马上任	1
zou ma dao ren	走马到任	1
zou ma kan hua	走马看花	1
zou ma zhang tai	走马章台	1
zou ma fu ren	走马赴任	1
jiu jiu wu fu	赳赳武夫	1
fu ren	赴任	1
fu hui	赴会	1
fu tang dao huo	赴汤蹈火	1
fu yue	赴约	1
fu nan	赴难	1
zhao ti	赵体	1
gan bu ji	赶不及	1
gan ren wu	赶任务	1
gan hui	赶会	1
gan xian jin	赶先进	1
gan xie	赶写	1
gan zhi	赶制	1
gan chang	赶场	1
gan jin sha jue	赶尽杀绝	1
gan miao hui	赶庙会	1
gan de shang	赶得上	1
gan de ji	赶得及	1
gan huo er	赶活儿	1
gan lang tou	赶浪头	1
gan tang	赶趟	1
gan tang er	赶趟儿	1
gan pao	赶跑	1
gan che	赶车	1
gan lv	赶驴	1
gan ya zi	赶鸭子	1
gan ya zi shang jia	赶鸭子上架	1
qi yan wei shu	起偃为竖	1
qi xing	起兴	1
qi tou	起头	1
qi cheng zhuan he	起承转合	1
qi pai	起拍	1
qi gen fa you	起根发由	1
qi si ren er rou bai gu	起死人而肉白骨	1
qi si ren rou bai gu	起死人肉白骨	1
qi pao	起泡	1
qi dian zhan	起点站	1
qi yi	起疑	1
qi zhou	起皱	1
qi wang	起网	1
qi xing	起行	1
qi jie	起解	1
qi su zhuang	起诉状	1
qi zhong	起重	1
qi feng	起风	1
chen bian	趁便	1
chen shi luo peng	趁势落篷	1
chen hong da jie	趁哄打劫	1
chen shui huo ni	趁水和泥	1
chen huo da jie	趁火打劫	1
chen huo qiang jie	趁火抢劫	1
chen re da tie	趁热打铁	1
chen kong	趁空	1
chen feng shi duo	趁风使柁	1
chao yi liu	超一流	1
chao jin guan gu	超今冠古	1
chao di kong	超低空	1
chao jia	超假	1
chao fan ren sheng	超凡人圣	1
chao fan tuo su	超凡脱俗	1
chao fen zi	超分子	1
chao yuan	超员	1
chao dao ti	超导体	1
chao du	超度	1
chao du zhong sheng	超度众生	1
chao shou	超收	1
chao qi fu yi	超期服役	1
chao shui ping	超水平	1
chao ran bu qun	超然不群	1
chao ran du chu	超然独处	1
chao ran zi de	超然自得	1
chao ran yuan ju	超然远举	1
chao ran yuan yin	超然远引	1
chao ji shi chang	超级市场	1
chao hao hua	超豪华	1
chao chao xuan zhu	超超玄著	1
chao cai	超采	1
chao liang	超量	1
chao gao ya	超高压	1
chao gao wen	超高温	1
chao gao pin	超高频	1
yue ye sai	越野赛	1
yue niao nan qi	越鸟南栖	1
qu zhi ruo wu	趋之若骛	1
qu zhi ruo wu	趋之若鹜	1
qu guang xing	趋光性	1
qu li	趋利	1
qu li bi hai	趋利避害	1
qu feng	趋奉	1
qu shi	趋时	1
qu shi feng shi	趋时奉势	1
qu shi fu shi	趋时附势	1
qu quan fu shi	趋权附势	1
qu yan fu shi	趋炎附势	1
qu yan fu re	趋炎附热	1
qu jin	趋紧	1
qu jin	趋近	1
qu bi	趋避	1
qu fu	趋附	1
zi ju	趑趄	1
zi ju bu qian	趑趄不前	1
lie qie	趔趄	1
tang di	趟地	1
tang shui	趟水	1
tang ma	趟马	1
qu ju	趣剧	1
qu hua	趣话	1
qu tan	趣谈	1
zu bu chu men	足不出门	1
zu bu lv ying	足不履影	1
zu bu kui hu	足不窥户	1
zu bu yu hu	足不逾户	1
zu bing zu shi	足兵足食	1
zu chi jia er	足尺加二	1
zu yi zu shi	足衣足食	1
zu zu you yu	足足有余	1
zu gen	足跟	1
zu ta shi di	足踏实地	1
zu yin kong gu	足音空谷	1
zu shi feng yi	足食丰衣	1
zu shi zu bing	足食足兵	1
zu gao qi qiang	足高气强	1
bao tu quan	趵突泉	1
zhi zhong xiang jie	趾踵相接	1
zhi zhong xiang cuo	趾踵相错	1
ta la	趿拉	1
ta la zhe xie	趿拉着鞋	1
yue ran zhi shang	跃然纸上	1
qiang liang	跄踉	1
tuo meng bu ji	跅幪不羁	1
tuo chi bu ji	跅弛不羁	1
tuo tao bu ji	跅弢不羁	1
ba qian zhi hou	跋前疐后	1
ba hu zi sui	跋扈恣睢	1
ba hu zhi wei	跋胡疐尾	1
die dang bu ji	跌宕不羁	1
die dang feng liu	跌宕风流	1
die dan ban jiu	跌弹斑鸠	1
die da wan	跌打丸	1
die da sun shang	跌打损伤	1
die dang bu ju	跌荡不拘	1
die dang bu ji	跌荡不羁	1
die dang feng liu	跌荡风流	1
ci zhe men kan	跐着门槛	1
pao mai mai	跑买卖	1
pao le he shang pao bu le si	跑了和尚跑不了寺	1
pao le he shang pao bu le miao	跑了和尚跑不了庙	1
pao guang	跑光	1
pao mao di lou	跑冒滴漏	1
pao dan bang	跑单帮	1
pao fan	跑反	1
pao yuan chang	跑圆场	1
pao tang	跑堂	1
pao tang er	跑堂儿	1
pao shang	跑墒	1
pao wai	跑外	1
pao han chuan	跑旱船	1
pao jiang hu	跑江湖	1
pao sheng yi	跑生意	1
pao dian	跑电	1
pao ma tou	跑码头	1
pao du	跑肚	1
pao tui er	跑腿儿	1
pao jie	跑街	1
pao biao	跑表	1
pao jing bao	跑警报	1
pao diao	跑调	1
pao pao tiao tiao	跑跑跳跳	1
pao pao dian dian	跑跑颠颠	1
pao ma mai xie	跑马卖解	1
pao ma chang	跑马场	1
pao ma guan hua	跑马观花	1
pao long tao	跑龙套	1
fu e zai wei	跗萼载韡	1
bo zi	跛子	1
bo xing	跛行	1
bo xing qian li	跛行千里	1
gen cong	跟从	1
gen chai	跟差	1
gen dou	跟斗	1
gen ban er	跟班儿	1
xian zu ke tou	跣足科头	1
kua feng cheng luan	跨凤乘鸾	1
kua feng cheng long	跨凤乘龙	1
kua shan ya hai	跨山压海	1
kua nian du	跨年度	1
kua hang ye	跨行业	1
kua yuan er	跨院儿	1
gui dao	跪倒	1
qiong xiang kong gu	跫响空谷	1
lu bu shi yi	路不拾遗	1
lu ren jie zhi	路人皆知	1
lu qia	路卡	1
lu tou	路头	1
lu shu	路数	1
lu wu shi yi	路无拾遗	1
lu tiao	路条	1
lu ji	路祭	1
lu jian bu ping	路见不平	1
lu yuan tiao tiao	路远迢迢	1
lu feng	路风	1
tiao wan ri yue	跳丸日月	1
tiao jing	跳井	1
tiao san ta	跳伞塔	1
tiao dao huang he xi bu qing	跳到黄河洗不清	1
tiao tai	跳台	1
tiao zai huang he xi bu qing	跳在黄河洗不清	1
tiao ya	跳崖	1
tiao fang zi	跳房子	1
tiao yue	跳月	1
tiao lan	跳栏	1
tiao liang	跳梁	1
tiao liang xiao chou	跳梁小丑	1
tiao qi	跳棋	1
tiao shui chi	跳水池	1
tiao he	跳河	1
tiao ban	跳班	1
tiao pi jin	跳皮筋	1
tiao pi jin er	跳皮筋儿	1
tiao shen	跳神	1
tiao xiang	跳箱	1
tiao ji	跳级	1
tiao jiao	跳脚	1
tiao tuo	跳脱	1
tiao dang	跳荡	1
tiao chong	跳虫	1
tiao hang	跳行	1
tiao yue	跳越	1
tiao liang	跳踉	1
tiao jin huang he xi bu qing	跳进黄河洗不清	1
tiao yuan	跳远	1
tiao zha	跳闸	1
tiao ma	跳马	1
tiao shu	跳鼠	1
jian tu shi mao	践土食毛	1
jian yue	践约	1
jian gui ta ju	践规踏矩	1
qiao zu er dai	跷足而待	1
ju di yue tian	跼地籥天	1
ju tian cu di	跼天促地	1
ju tian ji di	跼天蹐地	1
ju ji bu an	跼蹐不安	1
liang liang qiang qiang	踉踉跄跄	1
chou chu bu jue	踌躇不决	1
chou chu bu qian	踌躇不前	1
ta kan	踏看	1
ta jiao shi	踏脚石	1
chuo li fen fa	踔厉奋发	1
chuo li feng fa	踔厉风发	1
chuo li jun fa	踔厉骏发	1
chuo jue zhi neng	踔绝之能	1
huai zi gu	踝子骨	1
huai gu	踝骨	1
ju lu tan shang	踞炉炭上	1
chi chu bu qian	踟蹰不前	1
ti tian nong jing	踢天弄井	1
ti da	踢打	1
bo di hu tian	踣地呼天	1
cu ji bu an	踧踖不安	1
cai dian	踩点	1
duo lai duo qu	踱来踱去	1
zhong shi zeng hua	踵事增华	1
zhong jue zhou jian	踵决肘见	1
zhong jie jian mo	踵接肩摩	1
zhong wu xiang jie	踵武相接	1
zhong zu xiang jie	踵足相接	1
zhong zhi xiang jie	踵趾相接	1
zhong ji xiang jie	踵迹相接	1
chuai yi jiao	踹一脚	1
ju ju liang liang	踽踽凉凉	1
ju ju du xing	踽踽独行	1
die xie bu xia	蹀躞不下	1
ti jian san xun	蹄閒三寻	1
ti jian san xun	蹄间三寻	1
jian ren shang tian	蹇人上天	1
dao qi fu zhe	蹈其覆辙	1
dao ren bu xuan	蹈刃不旋	1
dao li fen fa	蹈厉奋发	1
dao tang fu huo	蹈汤赴火	1
dao huo tan tang	蹈火探汤	1
dao huo fu tang	蹈火赴汤	1
dao jie si yi	蹈节死义	1
dao fu tang huo	蹈赴汤火	1
dao feng yin xue	蹈锋饮血	1
ji di ju tian	蹐地局天	1
ji di ju tian	蹐地跼天	1
nie jue dan deng	蹑屩担簦	1
nie ying cang xing	蹑影藏形	1
nie ying zhui feng	蹑影追风	1
nie zu qi jian	蹑足其间	1
nie jue dan deng	蹑蹻担簦	1
liu da	蹓跶	1
cu jin jie xiu	蹙金结绣	1
beng tiao	蹦跳	1
beng da	蹦跶	1
ceng deng	蹭蹬	1
pu yong	蹼泳	1
cuan tiao	蹿跳	1
zao yan chou ju	躁言丑句	1
shen bu you zhu	身不由主	1
shen bu yu shi	身不遇时	1
shen jia bai bei	身价百倍	1
shen ti fa fu	身体发肤	1
shen zuo shen dang	身做身当	1
shen xian shi zu	身先士卒	1
shen xian zhao lu	身先朝露	1
shen jian shu zhi	身兼数职	1
shen fen zheng	身分证	1
shen dan li bo	身单力薄	1
shen li qi jing	身历其境	1
shen hou xiao tiao	身后萧条	1
shen hou shi fang gan	身后识方干	1
shen chu xian jing	身处险境	1
shen zi gu	身子骨	1
shen jia xing ming	身家性命	1
shen ju	身居	1
shen fei ming lie	身废名裂	1
shen qiang li zhuang	身强力壮	1
shen dang qi jing	身当其境	1
shen dang shi shi	身当矢石	1
shen wei li bao	身微力薄	1
shen huai liu jia	身怀六甲	1
shen huai jue ji	身怀绝技	1
shen shou bu fan	身手不凡	1
shen jiao	身教	1
shen wu fen wen	身无分文	1
shen wu ze xing	身无择行	1
shen wu chang chu	身无长处	1
shen wu chang wu	身无长物	1
shen tiao	身条	1
shen tiao er	身条儿	1
shen bai ming lie	身败名裂	1
shen bai ming hui	身败名隳	1
shen yuan xin jin	身远心近	1
shen liang	身量	1
shen chang	身长	1
shen fei mu shi	身非木石	1
shen shou yi di	身首异地	1
shen shou yi chu	身首异处	1
gong qin	躬亲	1
gong ti li xing	躬体力行	1
gong xian shi zu	躬先士卒	1
gong mao shi shi	躬冒矢石	1
gong geng le dao	躬耕乐道	1
gong zi fei bo	躬自菲薄	1
gong xing	躬行	1
gong xing shi jian	躬行实践	1
gong xing jie jian	躬行节俭	1
gong dao shi shi	躬蹈矢石	1
gong feng qi sheng	躬逢其盛	1
qu qiao	躯壳	1
duo mao mao	躲猫猫	1
duo feng	躲风	1
tang dao	躺倒	1
tang gui	躺柜	1
tang yi	躺椅	1
che ji zhou lian	车击舟连	1
che dao	车刀	1
che dao shan qian bi you lu	车到山前必有路	1
che xiao	车削	1
che qian zi	车前子	1
che tong gui	车同轨	1
che quan	车圈	1
che zai ma qian	车在马前	1
che chang	车场	1
che tian ma ai	车填马隘	1
che chen ma zu	车尘马足	1
che chen ma ji	车尘马迹	1
che gong	车工	1
che bang	车帮	1
che zuo	车座	1
che dai ma fan	车怠马烦	1
che ji	车技	1
che ba	车把	1
che ba shi	车把式	1
che zhang	车掌	1
che wu tui biao	车无退表	1
che tiao	车条	1
che jian	车检	1
che peng	车棚	1
che dai ma fan	车殆马烦	1
che fan ma bi	车烦马毙	1
che zhao	车照	1
che pi	车皮	1
che gai	车盖	1
che pan	车盘	1
che zhong	车种	1
che li zhi meng	车笠之盟	1
che kuang	车筐	1
che xiang	车箱	1
che peng	车篷	1
che zu	车组	1
che lao ban	车老板	1
che tai	车胎	1
che chuan	车船	1
che xing dao	车行道	1
che lie	车裂	1
che lun zhan	车轮战	1
che gu lu	车轱辘	1
che gu lu hua	车轱辘话	1
che zhou	车轴	1
che zai dou liang	车载斗量	1
che zai chuan zhuang	车载船装	1
che liang chang	车辆厂	1
che liang duan	车辆段	1
che fu	车辐	1
che yuan	车辕	1
che xia	车辖	1
che zhe	车辙	1
che zhe ma ji	车辙马迹	1
che dao gou	车道沟	1
che gou	车钩	1
che qian	车钱	1
che ling	车铃	1
che zha	车闸	1
che ma tian men	车马填门	1
ju ma pao	车马炮	1
che ma ying men	车马盈门	1
che ma fei	车马费	1
che ma fu cou	车马辐辏	1
che ma pian tian	车马骈阗	1
che chi ma zhou	车驰马骤	1
che jia	车驾	1
ya chang	轧场	1
zha ji	轧机	1
ga zhang	轧账	1
zha gun	轧辊	1
zha gang	轧钢	1
zha gang chang	轧钢厂	1
zha gang ji	轧钢机	1
gui du	轨度	1
xuan gai ru yun	轩盖如云	1
xuan xuan shen de	轩轩甚得	1
xuan zhi bu fen	轩轾不分	1
xuan he guan hou	轩鹤冠猴	1
zhuan yi	转义	1
zhuan cheng	转乘	1
zhuan chan	转产	1
zhuan ren	转任	1
zhuan ti	转体	1
zhuan jie	转借	1
zhuan guan xi	转关系	1
zhuan xie	转写	1
zhuan mai	转卖	1
zhuan wei wei an	转危为安	1
zhuan kou	转口	1
zhuan kou mao yi	转口贸易	1
zhuan cheng	转呈	1
zhuan hou chu hui	转喉触讳	1
zhuan chen wei xi	转嗔为喜	1
zhuan quan zi	转圈子	1
zhuan huan	转圜	1
zhuan chang	转场	1
zhuan cun	转存	1
zhuan xue sheng	转学生	1
zhuan ji	转寄	1
zhuan dao	转导	1
zhuan gang	转岗	1
zhuan gan	转干	1
zhuan nian	转年	1
zhuan yin	转引	1
zhuan wan zi	转弯子	1
zhuan wan mo jiao	转弯抹角	1
zhuan wan mo jiao	转弯磨角	1
zhuan xi	转徙	1
zhuan you wei xi	转忧为喜	1
zhuan bei wei xi	转悲为喜	1
zhuan chou wei xi	转愁为喜	1
zhuan zhan qian li	转战千里	1
zhuan tuo	转托	1
zhuan lie	转捩	1
zhuan lie dian	转捩点	1
zhuan bo tai	转播台	1
zhuai wen	转文	1
zhuan dou qian li	转斗千里	1
zhuan ri hui tian	转日回天	1
zhuan qing	转晴	1
zhuan nuan	转暖	1
zhuan yi	转椅	1
zhuan si gou he	转死沟壑	1
zhuan si gou qu	转死沟渠	1
zhuan zhu	转注	1
zhuan hai hui tian	转海回天	1
zhuan wan mo jiao	转湾抹角	1
zhuan zai wei fu	转灾为福	1
zhuan lu	转炉	1
zhuan yan zhi jian	转眼之间	1
zhuan shun	转瞬	1
zhuan shun zhi jian	转瞬之间	1
zhuan ju	转矩	1
zhuan mo	转磨	1
zhuan huo wei fu	转祸为福	1
zhuan ke	转科	1
zhuan jin	转筋	1
zhuan lian	转脸	1
zhuan chuan	转船	1
zhuan zhen	转诊	1
zhuan yi	转译	1
zhuan diao	转调	1
zhuan bai wei gong	转败为功	1
zhuan bai wei cheng	转败为成	1
zhuan bai wei sheng	转败为胜	1
zhuan zeng	转赠	1
zhuan lun	转轮	1
zhuan lun shou qiang	转轮手枪	1
zhuan zhou	转轴	1
zhuan zhan fan ce	转辗反侧	1
zhuan song	转送	1
zhuan di	转递	1
zhuan dao	转道	1
zhuan men	转门	1
zhuan yin	转阴	1
lun xiu	轮休	1
lun tai	轮台	1
lun quan	轮圈	1
lun gang	轮岗	1
lun bian zhuo lun	轮扁斫轮	1
lun ji zhang	轮机长	1
lun zhong	轮种	1
lun kong	轮空	1
lun zhuan	轮转	1
lun zhou	轮轴	1
ruan ti dong wu	软体动物	1
ruan huo	软和	1
ruan chi	软尺	1
ruan zhi biao	软指标	1
ruan yi	软椅	1
ruan ni	软泥	1
ruan pian	软片	1
ruan zhuo lu	软着陆	1
ruan ying bu chi	软硬不吃	1
ruan mo	软磨	1
ruan hong shi zhang	软红十丈	1
ruan hong xiang tu	软红香土	1
ruan yu wen yan	软语温言	1
ruan tan li yu	软谈丽语	1
ruan ding zi	软钉子	1
ruan feng	软风	1
ruan shi	软食	1
ruan gu tou	软骨头	1
ruan gu bing	软骨病	1
ruan gu yu	软骨鱼	1
hong tang da xiao	轰堂大笑	1
hong tian lie di	轰天烈地	1
hong tian lie di	轰天裂地	1
hong long	轰隆	1
zhou zi	轴子	1
zhou dui chen	轴对称	1
zhou cheng gang	轴承钢	1
zhou wa	轴瓦	1
zhou chen	轴衬	1
zhen xiu	轸宿	1
li fu dai chui	轹釜待炊	1
qing ju yuan you	轻举远游	1
qing qiao	轻俏	1
qing yao bo fu	轻傜薄赋	1
qing pan	轻判	1
qing zu rui bing	轻卒锐兵	1
qing kou bo she	轻口薄舌	1
qing tun man tu	轻吞慢吐	1
qing yin	轻吟	1
qing zui bo she	轻嘴薄舌	1
qing chen qi ruo cao	轻尘栖弱草	1
qing yao bao shui	轻徭薄税	1
qing yao bao fu	轻徭薄赋	1
qing lian zhong xi	轻怜重惜	1
qing cai hao shi	轻才好施	1
qing fu	轻拂	1
qing si zhong yi	轻死重义	1
qing si zhong qi	轻死重气	1
qing sheng zhong yi	轻生重义	1
qing sheng	轻省	1
qing kan	轻看	1
qing yao bao fu	轻繇薄赋	1
qing fang	轻纺	1
qing ruo hong mao	轻若鸿毛	1
qing bao wu zhi	轻薄无知	1
qing bao wu li	轻薄无礼	1
qing bao wu xing	轻薄无行	1
qing lv qian mou	轻虑浅谋	1
qing zhuang shang zhen	轻装上阵	1
qing zhuang jian cong	轻装简从	1
qing yan gua xin	轻言寡信	1
qing yan xi yu	轻言细语	1
qing yan ruan yu	轻言软语	1
qing yan qing yu	轻言轻语	1
qing nuo gua xin	轻诺寡信	1
qing cai hao yi	轻财好义	1
qing cai hao shi	轻财好士	1
qing cai hao shi	轻财好施	1
qing cai zhong yi	轻财重义	1
qing cai zhong shi	轻财重士	1
qing fu bao lian	轻赋薄敛	1
qing shen zhong yi	轻身重义	1
qing che jian cong	轻车减从	1
qing che shu lu	轻车熟路	1
qing che shu dao	轻车熟道	1
qing che jian cong	轻车简从	1
qing zhong dao zhi	轻重倒置	1
qing zhong shi yi	轻重失宜	1
qing zhong huan ji	轻重缓急	1
qing zhong liang ji	轻重量级	1
qing liang ji	轻量级	1
qing jin shu	轻金属	1
qing qi bing	轻骑兵	1
qing qi jian cong	轻骑减从	1
qing qi jian cong	轻骑简从	1
zai yi bao su	载一抱素	1
zai ru shi ce	载入史册	1
zai ge qie wu	载歌且舞	1
zai ge zai wu	载歌载舞	1
zai chen zai fu	载沉载浮	1
zai xiao zai yan	载笑载言	1
zai zhou fu zhou	载舟覆舟	1
zai yu	载誉	1
zai huo	载货	1
zai yun	载运	1
zai jiu wen zi	载酒问字	1
zai zhong qi che	载重汽车	1
zai zhong liang	载重量	1
zai pin	载频	1
zai chi zai qu	载驰载驱	1
zai qu zai chi	载驱载驰	1
jiao fu	轿夫	1
jiao chang	较场	1
jiao de zhuo qin	较德焯勤	1
jiao wu lun wen	较武论文	1
jiao shou liang fei	较瘦量肥	1
jiao duan bi chang	较短比长	1
jiao duan xie chang	较短絜长	1
jiao duan liang chang	较短量长	1
jiao ruo hua yi	较若画一	1
jiao zhu	较著	1
jiao chang xie duan	较长絜短	1
fu shi zhang min	辅世长民	1
fu dao zhan	辅导站	1
fu ya xiang yi	辅牙相倚	1
fu xiang	辅相	1
fu che chun chi	辅车唇齿	1
fu che xiang yi	辅车相依	1
fu che xiang jiang	辅车相将	1
bei fen	辈分	1
bei shu	辈数	1
bei shu er	辈数儿	1
hui shi	辉石	1
gun zhou	辊轴	1
chuo hao qi du	辍毫栖牍	1
zi zhong	辎重	1
fu she yuan	辐射源	1
fu she neng	辐射能	1
fu tiao	辐条	1
ji yi	辑佚	1
ji yao	辑要	1
shu jia	输家	1
shu xin fu yi	输心服意	1
shu cai zhu bian	输财助边	1
pei tou	辔头	1
zhan zhuan fan ce	辗转反侧	1
xin ku fei	辛苦费	1
gu en bei yi	辜恩背义	1
ci bu huo ming	辞不获命	1
ci bu da yi	辞不达义	1
ci bu da yi	辞不达意	1
ci yan yi zheng	辞严义正	1
ci yan yi zheng	辞严意正	1
ci yan qi zheng	辞严气正	1
ci yan yi zheng	辞严谊正	1
ci ling	辞令	1
ci bie	辞别	1
ci ju	辞句	1
ci duo shou shao	辞多受少	1
ci wei zhi yuan	辞微旨远	1
ci tiao	辞条	1
ci xing	辞行	1
bi ju	辟举	1
bi shu	辟书	1
bi zhao	辟召	1
pi di	辟地	1
bi yin	辟引	1
bi gu	辟谷	1
pi chu	辟除	1
la jiao you	辣椒油	1
bian bie li	辨别力	1
bian ri yan liang	辨日炎凉	1
bian zheng	辨正	1
bian ruo xuan he	辨若悬河	1
bian zheng lun zhi	辨证论治	1
bian shou	辩手	1
bian zheng	辩正	1
bian shuo	辩说	1
bian nan	辩难	1
ru guo sang shi	辱国丧师	1
ru mo	辱没	1
bian qia	边卡	1
bian di	边地	1
bian sai	边塞	1
bian jing xian	边境线	1
bian chen bu jing	边尘不惊	1
bian jiao liao	边角料	1
bian fang shao	边防哨	1
bian fang xian	边防线	1
liao yuan	辽远	1
da ren zhi ming	达人知命	1
da di zhi gen	达地知根	1
da mu dan	达姆弹	1
da guan zhi ming	达官知命	1
da guan yao ren	达官要人	1
da guan gui yao	达官贵要	1
da wo er zu	达斡尔族	1
da quan zhi bian	达权知变	1
da guan	达观	1
qian shan qu e	迁善去恶	1
qian shan sai wei	迁善塞违	1
qian shan gai guo	迁善改过	1
qian shan yuan zui	迁善远罪	1
qian shan chu e	迁善黜恶	1
qian ke sao ren	迁客骚人	1
qian yan ji liu	迁延稽留	1
qian yan guan wang	迁延观望	1
qian si hui lv	迁思回虑	1
qian feng yi su	迁风移俗	1
yu hui qu zhe	迂回曲折	1
yu fu zi	迂夫子	1
yu qu	迂曲	1
yu lun	迂论	1
yu tan kuo lun	迂谈阔论	1
xun pao	迅跑	1
xun lei bu ji yan er	迅雷不及掩耳	1
xun lei feng lie	迅雷风烈	1
yi li	迆逦	1
guo wei yi shen	过为已甚	1
guo wu guan	过五关	1
guo wu guan zhan liu jiang	过五关斩六将	1
guo cong	过从	1
guo cong shen mi	过从甚密	1
guo fu	过付	1
guo guan zhan jiang	过关斩将	1
guo dong zuo wu	过冬作物	1
guo leng	过冷	1
guo jin	过劲	1
guo jin er	过劲儿	1
guo hua cun shen	过化存神	1
guo wu	过午	1
guo ban shu	过半数	1
guo ting	过厅	1
guo tang	过堂	1
guo tang feng	过堂风	1
guo xia	过夏	1
guo shi sha ren	过失杀人	1
guo jia jia	过家家	1
guo tu da jue	过屠大嚼	1
guo tu men er da jue	过屠门而大嚼	1
guo shi zhao yao	过市招摇	1
guo fu chong zhou	过府冲州	1
guo ting zhi xun	过庭之训	1
guo dang	过当	1
guo lu	过录	1
guo de ying	过得硬	1
guo xin	过心	1
guo man	过慢	1
guo fang	过房	1
guo shou	过手	1
guo shi huang hua	过时黄花	1
guo wang	过望	1
guo qiao chou ban	过桥抽板	1
guo qiao chai qiao	过桥拆桥	1
guo liang	过梁	1
guo yang	过氧	1
guo shui mian	过水面	1
guo jiang zhi ji	过江之鲫	1
guo he zu zi	过河卒子	1
guo he chai qiao	过河拆桥	1
guo lv zui	过滤嘴	1
guo lv zui er	过滤嘴儿	1
guo shu	过熟	1
guo you bu ji	过犹不及	1
guo meng	过猛	1
guo shen	过甚	1
guo shen qi ci	过甚其词	1
guo shen qi ci	过甚其辞	1
guo dian	过电	1
guo dian ying	过电影	1
guo mu bu wang	过目不忘	1
guo mu cheng song	过目成诵	1
guo yan	过眼	1
guo yan yun yan	过眼云烟	1
guo yan yan yun	过眼烟云	1
guo bang	过磅	1
guo lin suan gai	过磷酸钙	1
guo li	过礼	1
guo cheng	过秤	1
guo shai	过筛	1
guo xi	过细	1
guo ji	过继	1
guo er neng gai	过而能改	1
guo jie er	过节儿	1
guo lv	过虑	1
guo jie tian qiao	过街天桥	1
guo jie lou	过街楼	1
guo jie lao shu	过街老鼠	1
guo yu	过誉	1
guo fang	过访	1
guo hua	过话	1
guo qian	过谦	1
guo zhang	过账	1
guo fei	过费	1
guo lu cai shen	过路财神	1
guo zai	过载	1
guo su	过速	1
guo du li kuai	过都历块	1
guo men	过门	1
guo men bu ru	过门不入	1
guo men er	过门儿	1
guo xi bai ju	过隙白驹	1
ying qin	迎亲	1
ying ren yi jie	迎刃以解	1
ying ren bing jie	迎刃冰解	1
ying ren li jie	迎刃立解	1
ying tou	迎头	1
ying tou tong ji	迎头痛击	1
ying tou gan shang	迎头赶上	1
ying jian mai qiao	迎奸卖俏	1
ying bin guan	迎宾馆	1
ying shen sai hui	迎神赛会	1
ying feng mao xue	迎风冒雪	1
ying feng dai yue	迎风待月	1
ying feng zhao zhan	迎风招展	1
yun zhi zhang shang	运之掌上	1
yun dong ju le bu	运动俱乐部	1
yun dong jian jiang	运动健将	1
yun dong yi	运动衣	1
yun dong wa	运动袜	1
yun dan	运单	1
yun si	运思	1
yun di	运抵	1
yun shu	运数	1
yun jin ru feng	运斤如风	1
yun jin cheng feng	运斤成风	1
yun wang shi sheng	运旺时盛	1
yun zhi pu mou	运智铺谋	1
yun chou chu qi	运筹出奇	1
yun suan fang da qi	运算放大器	1
yun neng	运能	1
yun ji pu mou	运计铺谋	1
yun zhuan shi lai	运转时来	1
yun shu liang	运输量	1
yun liang	运量	1
jin jiao yuan gong	近交远攻	1
jin qin fan zhi	近亲繁殖	1
jin si zhi	近似值	1
jin ti shi	近体诗	1
jin di dian	近地点	1
jin chang	近场	1
jin mo zhe hei	近墨者黑	1
jin yue yuan lai	近悦远来	1
jin pang	近旁	1
jin jing	近景	1
jin zhu zhe chi	近朱者赤	1
jin shui lou tai	近水楼台	1
jin shui lou tai xian de yue	近水楼台先得月	1
jin cheng dao dan	近程导弹	1
fan cheng	返城	1
fan wo chu fu	返我初服	1
fan ben chao yuan	返本朝元	1
fan ben huan yuan	返本还元	1
fan ben huan yuan	返本还原	1
fan ben huan yuan	返本还源	1
fan pu gui zhen	返朴归真	1
fan pu huan chun	返朴还淳	1
fan pu huan zhen	返朴还真	1
fan zu	返祖	1
fan lao huan tong	返老还童	1
fan guan nei zhao	返观内照	1
fan guan nei shi	返观内视	1
fan shi nei zhao	返视内照	1
fan qian	返迁	1
fan xie gui zheng	返邪归正	1
hai bu cuo	还不错	1
huan xiang	还乡	1
huan xiang tuan	还乡团	1
huan xiang zhou jin	还乡昼锦	1
huan shu	还书	1
huan su	还俗	1
huan yuan fan ben	还元返本	1
huan yuan fan ben	还原反本	1
huan yuan ran liao	还原染料	1
huan kou	还口	1
huan jun ming zhu	还君明珠	1
huan zui	还嘴	1
hai zhang	还帐	1
huan xi	还席	1
huan nian que lao	还年却老	1
huan nian que lao	还年卻老	1
huan nian zhu se	还年驻色	1
huan qing	还情	1
huan yuan	还愿	1
huan wo he shan	还我河山	1
huan bao	还报	1
hai zheng	还政	1
huan ben	还本	1
huan pu fan gu	还朴反古	1
hai kuan	还款	1
huan chun fan gu	还淳反古	1
huan chun fan pu	还淳反朴	1
huan chun fan su	还淳反素	1
huan chun fan pu	还淳返朴	1
huan zhu	还珠	1
huan zhu mai du	还珠买椟	1
huan zhu he pu	还珠合浦	1
huan zhu fan bi	还珠返璧	1
hai tian	还田	1
huan li	还礼	1
huan tong	还童	1
hai suan bu cuo	还算不错	1
huan zhang	还账	1
huan chun fan pu	还醇返朴	1
huan yang	还阳	1
huan hun	还魂	1
zhe yi zhen	这一阵	1
zhe me yang	这么样	1
zhe me dian er	这么点儿	1
zhe me zhe	这么着	1
zhe shan wang zhe na shan gao	这山望着那山高	1
jin xiu ban	进修班	1
jin xiu sheng	进修生	1
jin jun hao	进军号	1
jin jiao	进剿	1
jin kou e	进口额	1
jin ke ti bu	进可替不	1
jin ke ti fou	进可替否	1
jin shan cheng e	进善惩恶	1
jin shan tui e	进善退恶	1
jin shan chu e	进善黜恶	1
jin rang guang di	进壤广地	1
jin cun tui chi	进寸退尺	1
jin she	进射	1
jin chi	进尺	1
jin de xiu ye	进德修业	1
jin liu	进流	1
jin gang	进港	1
jin zhong shan qun	进种善群	1
jin ji	进给	1
jin ji liang	进给量	1
jin jian	进见	1
jin xian ren neng	进贤任能	1
jin xian xing gong	进贤兴功	1
jin xian ping e	进贤屏恶	1
jin xian ba neng	进贤拔能	1
jin xian yong neng	进贤用能	1
jin xian da neng	进贤达能	1
jin xian jin neng	进贤进能	1
jin xian chu e	进贤黜恶	1
jin tui liang nan	进退两难	1
jin tui zhong du	进退中度	1
jin tui zhong sheng	进退中绳	1
jin tui wei nan	进退为难	1
jin tui wang ju	进退亡据	1
jin tui chu chu	进退出处	1
jin tui shuang nan	进退双难	1
jin tui ke fou	进退可否	1
jin tui ke du	进退可度	1
jin tui shi ju	进退失据	1
jin tui cun wang	进退存亡	1
jin tui ying ju	进退应矩	1
jin tui wu ju	进退无据	1
jin tui you chang	进退有常	1
jin tui you du	进退有度	1
jin tui you jie	进退有节	1
jin tui xiao chang	进退消长	1
jin tui hu yi	进退狐疑	1
jin tui wei ji	进退维亟	1
jin tui chu fan	进退触籓	1
jin tui ba zhi	进退跋疐	1
jin dao ruo quan	进道若蜷	1
jin dao ruo quan	进道若踡	1
jin dao ruo tui	进道若退	1
yuan bu jian qin	远不间亲	1
yuan jing bu jie jin ke	远井不解近渴	1
yuan jiao jin gong	远交近攻	1
yuan qin	远亲	1
yuan qin bu ru jin lin	远亲不如近邻	1
yuan qin jin lin	远亲近邻	1
yuan bie	远别	1
yuan yin	远因	1
yuan di	远地	1
yuan chui bu xiu	远垂不朽	1
yuan tian	远天	1
yuan ke	远客	1
yuan shan fu rong	远山芙蓉	1
yuan nian jin sui	远年近岁	1
yuan nian jin ri	远年近日	1
yuan huai jin ji	远怀近集	1
yuan chou jin lv	远愁近虑	1
yuan fang	远房	1
yuan yang	远扬	1
yuan lai he shang hao kan jing	远来和尚好看经	1
yuan shui bu jiu jin huo	远水不救近火	1
yuan shui bu jie jin ke	远水不解近渴	1
yuan shui jiu bu liao jin huo	远水救不了近火	1
yuan shui jiu bu de jin huo	远水救不得近火	1
yuan shui jie bu liao jin ke	远水解不了近渴	1
yuan qiu qi ji	远求骐骥	1
yuan hai	远海	1
yuan she	远涉	1
yuan she chong yang	远涉重洋	1
yuan du	远渡	1
yuan su bo suo	远溯博索	1
yuan lve	远略	1
yuan zhu gao zhan	远瞩高瞻	1
yuan zhi er an	远至迩安	1
yuan lv	远虑	1
yuan lv shen mou	远虑深谋	1
yuan jian zhuo shi	远见卓识	1
yuan shi	远视	1
yuan shi yan	远视眼	1
yuan shi	远识	1
yuan mou	远谋	1
yuan mou shen suan	远谋深算	1
yuan zou gao fei	远走高飞	1
yuan lu	远路	1
yuan tu	远途	1
yuan shi	远逝	1
yuan dao	远道	1
yuan jiao	远郊	1
yuan jiao qu	远郊区	1
yuan men	远门	1
yuan ge	远隔	1
wei ling	违令	1
wei xin bei yue	违信背约	1
wei he	违和	1
wei qiang ling ruo	违强陵弱	1
wei xin zhi lun	违心之论	1
wei ao	违拗	1
wei tiao fan fa	违条犯法	1
wei tiao wu fa	违条舞法	1
wei fa luan ji	违法乱纪	1
wei jin pin	违禁品	1
lian san bing si	连三并四	1
lian zhong san yuan	连中三元	1
lian er bing san	连二并三	1
lian guan	连冠	1
lian he	连合	1
lian tian za di	连天匝地	1
lian shan pai hai	连山排海	1
lian zhou bi xian	连州比县	1
lian zhi lei du	连帙累牍	1
lian geng che ye	连更彻夜	1
lian geng xing ye	连更星夜	1
lian geng xiao ye	连更晓夜	1
lian zhi gong zhong	连枝共冢	1
lian zhi fen ye	连枝分叶	1
lian zhi tong qi	连枝同气	1
lian zhi dai ye	连枝带叶	1
lian zhi bing tou	连枝并头	1
lian zhi bi yi	连枝比翼	1
lian gen dai shao	连根带梢	1
lian heng	连横	1
lian tang dai shui	连汤带水	1
lian zhu he bi	连珠合璧	1
lian li fen zhi	连理分枝	1
lian li zhi	连理枝	1
lian fan	连番	1
lian zhang lei du	连章累牍	1
lian pian lei ce	连篇累册	1
lian pian lei zhi	连篇累帙	1
lian pian lei zhen	连篇累帧	1
lian pian lei fu	连篇累幅	1
lian pian lei du	连篇累牍	1
lian pian lei fu	连篇絫幅	1
lian pian lei du	连篇絫牍	1
lian mian bu duan	连绵不断	1
lian mian bu jue	连绵不绝	1
lian bian lei du	连编累牍	1
lian qiao	连翘	1
lian yu bing xi	连舆并席	1
lian jie dao xiang	连街倒巷	1
lian pao dai tiao	连跑带跳	1
lian beng dai tiao	连蹦带跳	1
lian che ping dou	连车平斗	1
lian zai xiao shuo	连载小说	1
lian biao bing zhen	连镳并轸	1
lian biao bing jia	连镳并驾	1
lian qian lei mo	连阡累陌	1
lian jie lei ren	连阶累任	1
chi hui guan wang	迟回观望	1
chi huai bu jue	迟徊不决	1
chi huai guan wang	迟徊观望	1
chi yi bu jue	迟疑不决	1
chi yi bu ding	迟疑不定	1
chi yi bu duan	迟疑不断	1
chi yi wei jue	迟疑未决	1
chi yi guan wang	迟疑观望	1
chi yi gu wang	迟疑顾望	1
chi chi wu xing	迟迟吾行	1
tiao yuan	迢远	1
yi li	迤逦	1
jiong bu you ren	迥不犹人	1
jiong hu bu tong	迥乎不同	1
jiong ran bu tong	迥然不同	1
jiong ran bu qun	迥然不群	1
er an yuan zhi	迩安远至	1
di si ni le yuan	迪斯尼乐园	1
po bu ke dai	迫不可待	1
po lin	迫临	1
po ling	迫令	1
po cu	迫促	1
pai ji	迫击	1
pai ji pao	迫击炮	1
pai ji pao dan	迫击炮弹	1
po fei	迫肥	1
po jin	迫近	1
po jiang	迫降	1
die ju chong gui	迭矩重规	1
shu er bu zuo	述而不作	1
shu yu	述语	1
mi tian da zui	迷天大罪	1
mi tian da huang	迷天大谎	1
mi tou ren ying	迷头认影	1
mi lian hai gu	迷恋骸骨	1
mi huo bu jie	迷惑不解	1
mi tu zhi fan	迷涂知反	1
mi er bu fan	迷而不反	1
mi er bu fan	迷而不返	1
mi er zhi fan	迷而知反	1
mi er zhi fan	迷而知返	1
mi tu zhi fan	迷途知反	1
mi tu zhi fan	迷途知返	1
mi hun tang	迷魂汤	1
beng she	迸射	1
beng jian	迸溅	1
beng lie	迸裂	1
ji di	迹地	1
zhui yun zhu dian	追云逐电	1
zhui wang zhu bei	追亡逐北	1
zhui wang zhu dun	追亡逐遁	1
zhui bing	追兵	1
zhui jiao	追剿	1
zhui xu	追叙	1
zhui du	追堵	1
zhui ben zhu bei	追奔逐北	1
zhui nian	追念	1
zhui huai	追怀	1
zhui si	追思	1
zhui hui	追悔	1
zhui hui he ji	追悔何及	1
zhui hui mo ji	追悔莫及	1
zhui dao	追悼	1
zhui xiang	追想	1
zhui shou	追授	1
zhui ben su yuan	追本溯源	1
zhui ben qiong yuan	追本穷源	1
zhui gen	追根	1
zhui gen xun di	追根寻底	1
zhui gen cha yuan	追根查源	1
zhui gen qiu yuan	追根求源	1
zhui gen su yuan	追根溯源	1
zhui gen jiu di	追根究底	1
zhui gen jiu di	追根究蒂	1
zhui gen qiong yuan	追根穷源	1
zhui gen wen di	追根问底	1
zhui huan mai xiao	追欢买笑	1
zhui huan zuo le	追欢作乐	1
zhui huan mai xiao	追欢卖笑	1
zhui huan qu le	追欢取乐	1
zhui jian	追歼	1
zhui bi	追比	1
zhui suo	追索	1
zhui ji	追缉	1
zhui fei	追肥	1
zhui bu	追补	1
zhui ren	追认	1
zhui ji	追记	1
zhui su	追诉	1
zhui zang	追赃	1
zhui zeng	追赠	1
zhui qu zhu shi	追趋逐耆	1
zhui huan	追还	1
zhui yuan shen zhong	追远慎终	1
zhui shu	追述	1
zhui bi	追逼	1
zhui feng che dian	追风掣电	1
zhui feng she jing	追风摄景	1
zhui feng nie ying	追风蹑影	1
zhui feng nie jing	追风蹑景	1
zhui feng zhu ying	追风逐影	1
zhui feng zhu ri	追风逐日	1
zhui feng zhu dian	追风逐电	1
zhui hun	追魂	1
zhui hun duo ming	追魂夺命	1
zhui hun duo po	追魂夺魄	1
zhui hun she po	追魂摄魄	1
tui qin	退亲	1
tui dian	退佃	1
tui tuan	退团	1
tui tang gu	退堂鼓	1
tui si bu guo	退思补过	1
tui you hou yan	退有后言	1
tui chao	退朝	1
tui li	退礼	1
tui cang yu mi	退藏于密	1
tui xing	退行	1
tui bi san she	退避三舍	1
tui yin	退隐	1
tui shi cong rong	退食从容	1
tui shi zi gong	退食自公	1
song yi cheng	送一程	1
song sang	送丧	1
song qin	送亲	1
song fo song dao xi tian	送佛送到西天	1
song xin	送信	1
song xin er	送信儿	1
song zi guan yin	送子观音	1
song zhan	送展	1
song zhan	送站	1
song huan	送还	1
song feng	送风	1
song feng ji	送风机	1
shi cong	适从	1
shi yi xiang cheng	适以相成	1
shi qie	适切	1
shi ru qi fen	适如其分	1
shi ju qi fan	适居其反	1
shi ying zheng	适应症	1
shi dang qi chong	适当其冲	1
shi dang qi shi	适当其时	1
shi xing ren qing	适性任情	1
shi qing ren yu	适情任欲	1
shi qing shuai yi	适情率意	1
shi shi ying wu	适时应务	1
shi feng qi hui	适逢其会	1
shi feng qi shi	适逢其时	1
tao zhi tian tian	逃之天天	1
tao ben	逃奔	1
tao di	逃敌	1
tao san	逃散	1
tao zai bi nan	逃灾避难	1
tao piao	逃票	1
tao nan	逃难	1
ni tian bao wu	逆天暴物	1
ni shi dao xing	逆施倒行	1
ni shui xing zhou	逆水行舟	1
ni er li xing	逆耳利行	1
ni xing dao shi	逆行倒施	1
ni feng e lang	逆风恶浪	1
xuan ren	选任	1
xuan fa	选发	1
xuan chang	选场	1
xuan liao	选料	1
xuan qu	选曲	1
xuan zhong	选种	1
xuan du	选读	1
xuan diao	选调	1
xuan xian yu neng	选贤与能	1
xuan xian ju neng	选贤举能	1
xuan xian ren neng	选贤任能	1
xuan zai	选载	1
xiao yao zi de	逍遥自得	1
tou xin	透信	1
tou she	透射	1
tou di	透底	1
tou xin liang	透心凉	1
tou ming ti	透明体	1
tou han	透汗	1
tou pi	透辟	1
tou yu	透雨	1
tou feng	透风	1
tou gu	透骨	1
tou gu suan xin	透骨酸心	1
zhu ju	逐句	1
zhu ju zhu zi	逐句逐字	1
zhu ming qu shi	逐名趋势	1
zhu zi zhu ju	逐字逐句	1
zhu ke ling	逐客令	1
zhu hu	逐户	1
zhu xin qu yi	逐新趣异	1
zhu ri zhui feng	逐日追风	1
zhu ji ying bian	逐机应变	1
zhu tiao	逐条	1
zhu wu bu huan	逐物不还	1
zhu dian zhui feng	逐电追风	1
zhu chou	逐臭	1
zhu chou zhi fu	逐臭之夫	1
zhu jin qi yuan	逐近弃远	1
zhu feng zhui dian	逐风追电	1
zhu lu zhong yuan	逐鹿中原	1
di xing di fei	递兴递废	1
di tiao zi	递条子	1
di jie	递解	1
di jiang	递降	1
ti ting yuan wen	逖听远闻	1
dou gen	逗哏	1
dou nong	逗弄	1
dou qu	逗趣	1
dou qu er	逗趣儿	1
dou men zi	逗闷子	1
tong shang che xia	通上彻下	1
tong ling	通令	1
tong su hua	通俗化	1
tong xin bing	通信兵	1
tong xin wei xing	通信卫星	1
tong xin yuan	通信员	1
tong jia	通假	1
tong ru shuo xue	通儒硕学	1
tong ru da shi	通儒达识	1
tong yuan shi wei	通元识微	1
tong dui	通兑	1
tong gong	通共	1
tong gong you wu	通共有无	1
tong guan jie	通关节	1
tong fen	通分	1
tong li he zuo	通力合作	1
tong qin che	通勤车	1
tong fei	通匪	1
tong nan che bei	通南彻北	1
tong tong	通同	1
tong tong yi qi	通同一气	1
tong tong zuo bi	通同作弊	1
tong tian che di	通天彻地	1
tong tian da di	通天达地	1
tong hao	通好	1
tong cun	通存	1
tong cun tong dui	通存通兑	1
tong jia	通家	1
tong jia zhi hao	通家之好	1
tong su	通宿	1
tong you gong huan	通忧共患	1
tong cai shuo xue	通才硕学	1
tong cai lian shi	通才练识	1
tong wen diao wu	通文调武	1
tong wu gong you	通无共有	1
tong shi he bian	通时合变	1
tong cai da shi	通材达识	1
tong tiao	通条	1
tong piao	通票	1
tong cheng	通称	1
tong qu da yi	通衢大邑	1
tong qu guang mo	通衢广陌	1
tong guan	通观	1
tong jie	通解	1
tong xun bing	通讯兵	1
tong lun	通论	1
tong huo jin suo	通货紧缩	1
tong yi da dou	通邑大都	1
tong dou da bu	通都大埠	1
tong du da yi	通都大邑	1
tong dou ju yi	通都巨邑	1
tong liang	通量	1
tong pu	通铺	1
tong feng bao xin	通风报信	1
tong feng bao xun	通风报讯	1
tong feng ji	通风机	1
tong feng tao xin	通风讨信	1
tong feng she bei	通风设备	1
tong shou zhi wei	通首至尾	1
shi jiang qu ru	逝将去汝	1
cheng qi xuan yi	逞奇眩异	1
cheng yan dou se	逞妍斗色	1
cheng wei feng	逞威风	1
cheng jiao dou mei	逞娇斗媚	1
cheng yi kua neng	逞异夸能	1
cheng qiang	逞强	1
cheng qiang hao sheng	逞强好胜	1
cheng qiang cheng neng	逞强称能	1
cheng xing wang wei	逞性妄为	1
cheng guai pi qi	逞怪披奇	1
cheng neng	逞能	1
su she	速射	1
su sheng	速生	1
su sheng lin	速生林	1
su shi mian	速食面	1
zao zuo jiao rou	造作矫揉	1
zao hua xiao er	造化小儿	1
zao ju	造句	1
zao yin de guo	造因得果	1
zao yin jie guo	造因结果	1
zao xing yi shu	造型艺术	1
zao shi	造市	1
zao e bu quan	造恶不悛	1
zao ci xing shi	造次行事	1
zao duan chang shi	造端倡始	1
zao chuan chang	造船厂	1
zao yao zhong shang	造谣中伤	1
zao che he zhe	造车合辙	1
feng ren shuo xiang	逢人说项	1
feng xiong hua ji	逢凶化吉	1
feng ji ding chen	逢吉丁辰	1
feng jun zhi e	逢君之恶	1
feng chang zuo le	逢场作乐	1
feng chang zuo xi	逢场作戏	1
feng chang zuo qu	逢场作趣	1
feng chang you xi	逢场游戏	1
feng chang gan mu	逢场竿木	1
feng e dao fei	逢恶导非	1
feng shi yu jie	逢时遇节	1
feng ji gou hui	逢机遘会	1
li yi	逦迤	1
dai xiao tou	逮小偷	1
dai te wu	逮特务	1
dai lao shu	逮老鼠	1
dai wen zi	逮蚊子	1
wei yi	逶迤	1
wei yi tui shi	逶迤退食	1
ti ting yuan wen	逷听远闻	1
yi le	逸乐	1
yi yi dai lao	逸以待劳	1
yi xing yun fei	逸兴云飞	1
yi xing heng fei	逸兴横飞	1
yi xing chuan fei	逸兴遄飞	1
yi chen duan yang	逸尘断鞅	1
yi tai heng sheng	逸态横生	1
yi qu heng sheng	逸趣横生	1
yi wen qu shi	逸闻趣事	1
bi shang liang shan	逼上梁山	1
bi bu de yi	逼不得已	1
bi ren tai shen	逼人太甚	1
bi gong	逼供	1
bi gong xin	逼供信	1
bi he	逼和	1
bi qiang	逼抢	1
bi xiao	逼肖	1
bi liang wei chang	逼良为娼	1
yu fen	逾分	1
yu qian yue wan	逾千越万	1
yu qiang zuan xue	逾墙钻穴	1
yu qiang zuan pin	逾墙钻蠙	1
yu qiang zuan xi	逾墙钻隙	1
yu sha yi mo	逾沙轶漠	1
yu sheng yue qi	逾绳越契	1
dun shi wu men	遁世无闷	1
dun shi chang wang	遁世长往	1
dun shi yin ju	遁世隐居	1
dun su wu men	遁俗无闷	1
dun ru kong men	遁入空门	1
dun tian wang xing	遁天妄行	1
dun xing yuan shi	遁形远世	1
dun shen yuan ji	遁身远迹	1
dun ji kong men	遁迹空门	1
dun ji cang ming	遁迹藏名	1
dun ji huang guan	遁迹黄冠	1
dun yi wu men	遁逸无闷	1
dun yin ni jing	遁阴匿景	1
sui xin ying shou	遂心应手	1
sui xing	遂行	1
sui mi bu wu	遂迷不寤	1
sui mi bu wu	遂迷不窹	1
sui fei wen guo	遂非文过	1
yu shi sheng feng	遇事生风	1
yu ren bu shu	遇人不淑	1
yu nan cheng xiang	遇难呈祥	1
yu nan cheng xiang	遇难成祥	1
bian yu	遍于	1
bian ti	遍体	1
bian ti lin shang	遍体鳞伤	1
e e yang shan	遏恶扬善	1
e jian fang meng	遏渐防萌	1
xia si	遐思	1
xia er yi ti	遐迩一体	1
xia er zhu wen	遐迩著闻	1
qiu jing	遒劲	1
dao bu ju yi	道不举遗	1
dao bu tong bu xiang wei mou	道不同不相为谋	1
dao bu shi yi	道不拾遗	1
dao bu duo yi	道不掇遗	1
dao bu xiang mou	道不相谋	1
dao dong shuo xi	道东说西	1
dao bang zhi zhu	道傍之筑	1
dao bang zhu shi	道傍筑室	1
dao hao	道号	1
dao he zhi tong	道合志同	1
dao tong yi he	道同义合	1
dao tong qi he	道同契合	1
dao tong zhi he	道同志合	1
dao ting tu shuo	道听涂说	1
dao ting er shi	道听耳食	1
dao zai ren wei	道在人为	1
dao zai shi ni	道在屎溺	1
dao di	道地	1
dao da mo rong	道大莫容	1
dao tou hui wei	道头会尾	1
dao tou zhi wei	道头知尾	1
dao gua cheng gu	道寡称孤	1
dao jin tu dan	道尽涂殚	1
dao jin tu qiong	道尽涂穷	1
dao jin tu dan	道尽途殚	1
dao jin tu qiong	道尽途穷	1
dao di cheng xiong	道弟称兄	1
dao wei de bao	道微德薄	1
dao de xing wei	道德行为	1
dao pang ku li	道旁苦李	1
dao wu shi yi	道无拾遗	1
dao shu	道术	1
dao jin xiang shu	道殣相属	1
dao jin xiang wang	道殣相望	1
dao jin xiang zhen	道殣相枕	1
dao er bu jing	道而不径	1
dao zang	道藏	1
dao xi shuo dong	道西说东	1
dao guan	道观	1
dao yuan ri mu	道远日暮	1
dao yuan zhi ji	道远知骥	1
dao dao er	道道儿	1
dao dao di di	道道地地	1
dao ding	道钉	1
dao chang zheng duan	道长争短	1
dao chang lun duan	道长论短	1
dao gu xian feng	道骨仙风	1
dao gao de zhong	道高德重	1
dao gao wang zhong	道高望重	1
dao gao mo zhong	道高魔重	1
yi shi wang lei	遗世忘累	1
yi xiu yu lie	遗休余烈	1
yi chuan yin zi	遗传因子	1
yi chuan gong cheng	遗传工程	1
yi chuan bing	遗传病	1
wei shi	遗使	1
wei lao	遗劳	1
yi hua fan zhi	遗华反质	1
yi shen da fang	遗哂大方	1
yi sheng yu jia	遗声余价	1
yi da tou jian	遗大投艰	1
yi qin zai huai	遗寝载怀	1
yi shao	遗少	1
yi niao	遗尿	1
yi shu	遗属	1
yi xing cang zhi	遗形藏志	1
yi de xiu lie	遗德休烈	1
yi hui yu ze	遗惠余泽	1
yi wen yi ju	遗文逸句	1
yi du	遗毒	1
yi wu shi xin	遗物识心	1
yi er duo zan	遗珥堕簪	1
yi xiao da fang	遗笑大方	1
yi zan duo lv	遗簪堕履	1
yi zan duo er	遗簪堕珥	1
yi lao yi shao	遗老遗少	1
yi chou wan shi	遗臭万世	1
yi chou wan dai	遗臭万代	1
yi chou wan nian	遗臭万年	1
yi chou wan zai	遗臭万载	1
yi chou qian nian	遗臭千年	1
yi chou qian qiu	遗臭千秋	1
yi chou wu qiong	遗臭无穷	1
yi jian tou da	遗艰投大	1
yi luo	遗落	1
yi luo shi shi	遗落世事	1
yi xun yu feng	遗训余风	1
yi feng	遗风	1
yi feng yu xi	遗风余习	1
yi feng yu su	遗风余俗	1
yi feng yu si	遗风余思	1
yi feng yu jiao	遗风余教	1
yi feng yu ze	遗风余泽	1
yi feng yu lie	遗风余烈	1
yi feng yu xiang	遗风余象	1
yi feng yu cai	遗风余采	1
yi feng yu yun	遗风余韵	1
yi feng gu dao	遗风古道	1
yi feng jiu su	遗风旧俗	1
yi feng yi chen	遗风逸尘	1
yi gu	遗骨	1
yi hun wang po	遗魂亡魄	1
liu zao er	遛早儿	1
ta gang fu ling	遝冈复岭	1
qian xing tao qing	遣兴陶情	1
qian bing diao jiang	遣兵调将	1
qian jiang zheng bing	遣将征兵	1
qian jiang diao bing	遣将调兵	1
qian san	遣散	1
qian ci zao ju	遣词造句	1
yao hu xiang ying	遥呼相应	1
yao xiang hu ying	遥相呼应	1
yao yao hua zhou	遥遥华胄	1
yao yao xiang dui	遥遥相对	1
ao xiang zi de	遨翔自得	1
zao jie zai shu	遭劫在数	1
zao jia bu zao	遭家不造	1
zao shi bu ou	遭时不偶	1
zao feng bu ou	遭逢不偶	1
zao feng hui yu	遭逢会遇	1
zao feng shi hui	遭逢时会	1
zao feng ji hui	遭逢际会	1
zao yu bu ou	遭遇不偶	1
zao yu yun hui	遭遇运会	1
zao yu ji hui	遭遇际会	1
zao ji bu ou	遭际不偶	1
zao ji shi hui	遭际时会	1
zao nan	遭难	1
zhe san man si	遮三瞒四	1
zhe guang	遮光	1
zhe di man tian	遮地漫天	1
zhe di gai tian	遮地盖天	1
zhe tian gai di	遮天盖地	1
zhe tian gai ri	遮天盖日	1
zhe tian mi di	遮天迷地	1
zhe man	遮瞒	1
zhe kong bi ri	遮空蔽日	1
zhe yin	遮荫	1
zhe cang	遮藏	1
zhe yang san	遮阳伞	1
zhe yang peng	遮阳篷	1
zhe yang jing	遮阳镜	1
zhe feng dang yu	遮风挡雨	1
zun yang dai shi	遵养待时	1
zun zhu	遵嘱	1
zun zhang shou ji	遵章守纪	1
zun er bu shi	遵而不失	1
zun xing	遵行	1
bi zhi ruo mei	避之若浼	1
bi su qu xin	避俗趋新	1
bi liang fu yan	避凉附炎	1
bi xiong qu ji	避凶趋吉	1
bi keng luo jing	避坑落井	1
bi qiang ji ruo	避强击弱	1
bi qiang ji duo	避强击惰	1
bi qiang da ruo	避强打弱	1
bi hui jiu yu	避毁就誉	1
bi ni shan yu	避溺山隅	1
bi fan dou jie	避烦斗捷	1
bi er bu tan	避而不谈	1
bi ji cang shi	避迹藏时	1
bi xie	避邪	1
bi zhong jiu qing	避重就轻	1
bi zhong zhu qing	避重逐轻	1
bi jing ru keng	避阱入坑	1
bi nan jiu yi	避难就易	1
bi nan qu yi	避难趋易	1
bi yu	避雨	1
bi feng	避风	1
bi feng tou	避风头	1
bi feng gang	避风港	1
yao ming she li	邀名射利	1
yao qing xin	邀请信	1
xie hou bu ou	邂逅不偶	1
xie hou xiang feng	邂逅相逢	1
xie hou xiang yu	邂逅相遇	1
sui yuan	邃远	1
miao chu kan shi	邈处欿视	1
miao ruo shan he	邈若山河	1
miao ruo he shan	邈若河山	1
miao ruo he han	邈若河汉	1
miao yuan	邈远	1
deng xiao ping li lun	邓小平理论	1
na bu le si	那不勒斯	1
na me xie	那么些	1
na me duo	那么多	1
na me yang	那么样	1
na me dian er	那么点儿	1
na me zhe	那么着	1
nei xie	那些	1
na da mu	那达慕	1
na zhen er	那阵儿	1
bang yi min wei ben	邦以民为本	1
xie bu fa zheng	邪不伐正	1
xie bu ya zheng	邪不压正	1
xie bu gan zheng	邪不干正	1
xie bu di zheng	邪不敌正	1
xie bu fan zheng	邪不犯正	1
xie bu sheng zheng	邪不胜正	1
xie hu	邪乎	1
xie xin	邪心	1
xie nian	邪念	1
xie huo	邪火	1
xie sui	邪祟	1
xie xing	邪行	1
xie shuo	邪说	1
xie cai	邪财	1
xie lu	邪路	1
xie dao	邪道	1
xie men er	邪门儿	1
xie men wai dao	邪门歪道	1
xie mo	邪魔	1
xie mo wai sui	邪魔外祟	1
xie mo wai dao	邪魔外道	1
xie mo guai dao	邪魔怪道	1
xie mo wai dao	邪魔歪道	1
you ce	邮册	1
you chai	邮差	1
you che	邮车	1
you di yuan	邮递员	1
you ji	邮集	1
han dan zhong bu	邯郸重步	1
zou ying qi zi	邹缨齐紫	1
ye jia zhi cang	邺架之藏	1
lin nv kui qiang	邻女窥墙	1
lin nv li ren	邻女詈人	1
lin she	邻舍	1
lin jiao	邻角	1
yu jie	郁结	1
yu yu bu le	郁郁不乐	1
yu yu lei lei	郁郁累累	1
jiao xian	郊县	1
lang dang	郎当	1
lang cai nv zi	郎才女姿	1
lang cai nv mao	郎才女貌	1
lang jiu	郎舅	1
zheng zhong qi shi	郑重其事	1
zheng zhong qi ci	郑重其辞	1
jun xian	郡县	1
jun xian zhi	郡县制	1
jun wang	郡王	1
ying zhong bai xue	郢中白雪	1
ying shu yan shuo	郢书燕说	1
li yi ji	郦食其	1
bu fen qie chu	部分切除	1
bu tou	部头	1
bu jiang	部将	1
bu ban	部颁	1
du zhong zhi gui	都中纸贵	1
du yu xu fu	都俞吁咈	1
du tou yi xing	都头异姓	1
du cha yuan	都察院	1
du wei	都尉	1
dou bo lin	都柏林	1
du tong	都统	1
bi yu bu xie	鄙于不屑	1
bi li qian lou	鄙俚浅陋	1
bi fu	鄙夫	1
bi yi bu xie	鄙夷不屑	1
bi cheng	鄙称	1
bi bo	鄙薄	1
bi jian	鄙见	1
ding ji	酊剂	1
zhuo gu can jin	酌古参今	1
zhuo chu	酌处	1
zhuo shui zhi yuan	酌水知源	1
zhuo liang	酌量	1
pei xiang cong si	配享从汜	1
pei shu	配属	1
pei xi	配戏	1
pei qu	配曲	1
pei lou	配楼	1
pei dian wang	配电网	1
pei chen	配称	1
pei ji	配给	1
pei ji zhi	配给制	1
pei shan	配膳	1
pei diao	配调	1
pei zai	配载	1
pei zhong	配重	1
pei yin yan yuan	配音演员	1
jiu ling	酒令	1
jiu xing	酒兴	1
jiu ci	酒刺	1
jiu jin	酒劲	1
jiu ba jian	酒吧间	1
jiu nang fan bao	酒囊饭包	1
jiu nang fan dai	酒囊饭袋	1
jiu di hua tian	酒地花天	1
jiu chang	酒场	1
jiu fang	酒坊	1
jiu yun	酒晕	1
jiu qu	酒曲	1
jiu you bie chang	酒有别肠	1
jiu jiang	酒浆	1
jiu wo	酒涡	1
jiu weng fan nang	酒瓮饭囊	1
jiu yin	酒瘾	1
jiu shi suan	酒石酸	1
jiu lv deng hong	酒绿灯红	1
jiu rou xiong di	酒肉兄弟	1
jiu feng zhi ji	酒逢知己	1
jiu feng zhi ji qian bei shao	酒逢知己千杯少	1
jiu suan bu shou	酒酸不售	1
jiu cheng	酒铛	1
jiu pu	酒铺	1
jiu lan ren san	酒阑人散	1
jiu shi	酒食	1
jiu shi di yu	酒食地狱	1
jiu shi zheng zhu	酒食征逐	1
cu jiang cao	酢浆草	1
han xi lin li	酣嬉淋漓	1
han chang lin li	酣畅淋漓	1
han tong lin li	酣痛淋漓	1
ming ding	酩酊	1
ming ding da zui	酩酊大醉	1
ming ding lan zui	酩酊烂醉	1
chou gong gei xiao	酬功给效	1
chou he	酬和	1
chou ying	酬应	1
chou da	酬答	1
jiang rou	酱肉	1
ku xiao	酷肖	1
suan bu liu diu	酸不溜丢	1
suan wen jia cu	酸文假醋	1
suan mei tang	酸梅汤	1
suan liu liu	酸溜溜	1
suan zhang	酸胀	1
suan chou	酸臭	1
suan la tang	酸辣汤	1
suan yu	酸雨	1
chun hua	醇化	1
chun he	醇和	1
chun piao	醇朴	1
chun zheng	醇正	1
zui tu xiang yin	醉吐相茵	1
zui shan tui dao	醉山颓倒	1
zui weng zhi yi bu zai jiu	醉翁之意不在酒	1
cu jin er	醋劲儿	1
cu jing	醋精	1
ti hu	醍醐	1
ti hu guan ding	醍醐灌顶	1
xing nao	醒脑	1
xing jue	醒觉	1
xing huo	醒豁	1
li jiu bu she	醴酒不设	1
xun ran	醺然	1
cai mai	采买	1
cai lan zeng shao	采兰赠芍	1
cai lan zeng yao	采兰赠药	1
cai feng sui ya	采凤随鸦	1
cai zhi	采制	1
cai ban	采办	1
cai qu	采区	1
cai ji feng fei	采及葑菲	1
cai di	采地	1
cai lu	采录	1
cai ze	采择	1
cai wa	采挖	1
cai jue	采掘	1
cai xie	采撷	1
cai sang	采桑	1
cai chuan bu zhuo	采椽不斫	1
cai you	采油	1
cai mei	采煤	1
cai shi	采石	1
cai shi chang	采石场	1
cai zhong	采种	1
cai yu	采育	1
cai cha	采茶	1
cai cha xi	采茶戏	1
cai feng cai fei	采葑采菲	1
cai xin zhi you	采薪之忧	1
cai xin zhi huan	采薪之患	1
cai xin zhi ji	采薪之疾	1
cai mi	采蜜	1
cai xie	采血	1
cai yun	采运	1
cai yi	采邑	1
cai cai	采采	1
cai feng wen su	采风问俗	1
cai shi	采食	1
you zi	釉子	1
shi juan	释卷	1
shi jiao	释教	1
shi yi	释疑	1
shi zhi yi xing	释知遗形	1
shi jia mu ni	释迦牟尼	1
li gou wai lian	里勾外连	1
li wai jia gong	里外夹攻	1
li zi	里子	1
li xiang	里巷	1
li ying wai he	里应外合	1
li long	里弄	1
li la	里拉	1
li tiao wai jue	里挑外撅	1
li ji rou	里脊肉	1
li tan xiang yi	里谈巷议	1
li zhang	里长	1
li jian	里间	1
chong san die si	重三叠四	1
chong san die si	重三迭四	1
zhong yi qing sheng	重义轻生	1
zhong yi qing cai	重义轻财	1
chong jiu	重九	1
chong jiu deng gao	重九登高	1
zhong yu tai shan	重于泰山	1
zhong jia	重价	1
chong zuo feng fu	重作冯妇	1
chong xiu jiu hao	重修旧好	1
zhong yuan su	重元素	1
chong guang	重光	1
chong guang lei qia	重光累洽	1
chong guan ji tuo	重关击柝	1
chong xing qi gu	重兴旗鼓	1
zhong bing	重兵	1
zhong dian	重典	1
chong chu	重出	1
zhong li	重利	1
zhong li jia su du	重力加速度	1
zhong li chang	重力场	1
zhong ban	重办	1
chong yin	重印	1
zhong hou gua yan	重厚寡言	1
zhong hou shao wen	重厚少文	1
zhong ming	重名	1
zhong ting	重听	1
chong chang	重唱	1
chong wei	重围	1
chong yuan	重圆	1
chong gui die zu	重圭叠组	1
zhong di	重地	1
chong yuan die suo	重垣叠锁	1
chong yuan die suo	重垣迭锁	1
chong tou	重头	1
chong zou	重奏	1
chong hun	重婚	1
zhong zi	重子	1
chong sun	重孙	1
chong sun nv	重孙女	1
zhong xiao	重孝	1
chong shen	重审	1
chong shan fu ling	重山复岭	1
chong shan fu shui	重山复水	1
chong shan jun ling	重山峻岭	1
chong yan die zhang	重岩叠嶂	1
zhong yan die zhang	重岩迭嶂	1
chong yan die zhang	重岩迭障	1
chong luan die zhang	重峦叠嶂	1
chong luan die yan	重峦叠巘	1
chong luan fu zhang	重峦复嶂	1
chong luan die zhang	重峦迭嶂	1
chong luan die yan	重峦迭巘	1
chong chuang die wu	重床叠屋	1
chong chuang die jia	重床叠架	1
chong chuang die wu	重床迭屋	1
chong chuang die jia	重床迭架	1
chong zhang	重张	1
chong tan	重弹	1
zhong cai	重彩	1
chong ying	重影	1
zhong cheng	重惩	1
chong shou lei zu	重手累足	1
zhong tuo	重托	1
chong zhen qi gu	重振旗鼓	1
chong ti	重提	1
chong cao jiu ye	重操旧业	1
chong shu	重数	1
chong zheng qi gu	重整旗鼓	1
chong ming ji yan	重明继焰	1
chong ying	重映	1
zhong jing shi	重晶石	1
zhong wang	重望	1
zhong wang gao ming	重望高名	1
zhong ji qiang	重机枪	1
zhong lou	重楼	1
zhong yan	重檐	1
zhong wu qi	重武器	1
zhong can	重残	1
zhong qi xun ming	重气徇命	1
zhong qi xun ming	重气狥名	1
zhong qi qing ming	重气轻命	1
zhong qi qing sheng	重气轻生	1
zhong qing	重氢	1
zhong shui	重水	1
chong ta	重沓	1
zhong you	重油	1
chong yang	重洋	1
zhong huo	重活	1
chong wen jiu ye	重温旧业	1
chong wen jiu meng	重温旧梦	1
zhong pao	重炮	1
zhong dian xiao	重点校	1
chong xi lei ye	重熙累叶	1
chong xi lei qia	重熙累洽	1
chong xi lei sheng	重熙累盛	1
chong xi lei ji	重熙累绩	1
chong ban	重版	1
chong fan	重犯	1
chong gui die zu	重珪叠组	1
chong gui die zu	重珪迭组	1
chong li jiu ye	重理旧业	1
chong sheng fu mu	重生父母	1
chong sheng ye niang	重生爷娘	1
zhong nan qing nv	重男轻女	1
zhong bing hao	重病号	1
zhong du	重睹	1
chong du tian ri	重睹天日	1
zhong shui	重税	1
chong pi yi miu	重纰貤缪	1
chong zhi lei zha	重纸累札	1
zhong jie jing	重结晶	1
zhong fa	重罚	1
zhong zui	重罪	1
chong ju	重聚	1
zhong bi	重臂	1
zhong chen	重臣	1
zhong cha	重茬	1
zhong he	重荷	1
chong huo	重获	1
chong pa lei zao	重葩累藻	1
chong xing	重行	1
chong yin lie ding	重裀列鼎	1
zhong zhuang	重装	1
chong jian tian ri	重见天日	1
chong gui die ju	重规叠矩	1
chong gui ta ju	重规沓矩	1
chong gui lei ju	重规累矩	1
chong gui xi ju	重规袭矩	1
chong gui die ju	重规迭矩	1
zhong yan	重言	1
zhong she	重设	1
chong yi	重译	1
zhong hua	重话	1
zhong fu	重负	1
zhong cai qing yi	重财轻义	1
zhong ze	重责	1
zhong shang	重赏	1
chong qi lu zao	重起炉灶	1
chong zu yi ji	重足一迹	1
chong zu bing xi	重足屏息	1
chong zu bing qi	重足屏气	1
chong zu lei xi	重足累息	1
chong zu er li	重足而立	1
chong dao fu zhe	重蹈覆辙	1
zhong zai	重载	1
chong die	重迭	1
chong shu	重述	1
chong ji bing qi	重迹屏气	1
zhong ni wu dao	重逆无道	1
chong xuan	重选	1
zhong jin jian zi	重金兼紫	1
chong jin xi tang	重金袭汤	1
chong ge suan jia	重铬酸钾	1
chong men ji tuo	重门击柝	1
chong xiao	重霄	1
zhong yin	重音	1
ye sheng	野乘	1
ye ren zou pu	野人奏曝	1
ye ren xian pu	野人献曝	1
ye shan can	野山参	1
ye xin bo bo	野心勃勃	1
ye zhan yi yuan	野战医院	1
ye guo	野果	1
ye mei yi xian	野没遗贤	1
ye diao wu qiang	野调无腔	1
liang ti wen	量体温	1
liang ti cai yi	量体裁衣	1
liang ru wei chu	量入为出	1
liang ru ji chu	量入计出	1
liang ju	量具	1
liang zao zheng rui	量凿正枘	1
liang li	量力	1
liang li duo de	量力度德	1
liang li er wei	量力而为	1
liang qi	量器	1
liang ru jiang hai	量如江海	1
liang zi li xue	量子力学	1
liang xiao li wei	量小力微	1
liang ji shen fen	量己审分	1
liang du	量度	1
liang cai qi shi	量才器使	1
liang cai lu yong	量才录用	1
liang cai er wei	量才而为	1
liang shi du li	量时度力	1
liang cai lu yong	量材录用	1
liang bei	量杯	1
liang rui zhi zao	量枘制凿	1
liang ping	量瓶	1
liang cheng	量程	1
liang tong	量筒	1
liang gang	量纲	1
liang neng shou guan	量能授官	1
liang xue ya	量血压	1
liang gui	量规	1
liang jiao qi	量角器	1
liang ji	量计	1
liang ci	量词	1
liang jin mai fu	量金买赋	1
jin bu huan	金不换	1
jin si yan	金丝燕	1
jin si rong	金丝绒	1
jin si que	金丝雀	1
jin dan huan gu	金丹换骨	1
jin jiao yi	金交椅	1
jin guang gai di	金光盖地	1
jin lan zhi qi	金兰之契	1
jin guan	金冠	1
jin gang jing	金刚经	1
jin gang zuan	金刚钻	1
jin gui shi shi	金匮石室	1
jin bian	金匾	1
jin tai shi jun	金台市骏	1
jin ye	金叶	1
jin he huan	金合欢	1
jin wu bu jin	金吾不禁	1
jin yuan quan	金圆券	1
jin cheng tang chi	金城汤池	1
jin cheng shi shi	金城石室	1
jin sheng zhi di	金声掷地	1
jin sheng yu fu	金声玉服	1
jin jin qiu bi	金尽裘弊	1
jin jin qiu bi	金尽裘敝	1
jin wu cang jiao	金屋藏娇	1
jin shu tao ci	金属陶瓷	1
jin dian	金店	1
jin dan	金弹	1
jin huang huang	金晃晃	1
jin zhi	金枝	1
jin zhi yu ye	金枝玉叶	1
jin bang	金榜	1
jin bang gua ming	金榜挂名	1
jin bang ti ming	金榜题名	1
jin zheng	金正	1
jin tang	金汤	1
jin tang zhi gu	金汤之固	1
jin sha sa	金沙萨	1
jin jiang yu ye	金浆玉液	1
jin jiang yu li	金浆玉醴	1
jin tao sha jian	金淘沙拣	1
jin yu qi zhi	金玉其质	1
jin huan she	金环蛇	1
jin ping luo jing	金瓶落井	1
jin xiang	金相	1
jin xiang yu shi	金相玉式	1
jin xiang yu zhen	金相玉振	1
jin xiang yu ying	金相玉映	1
jin xiang yu zhi	金相玉质	1
jin dun	金盾	1
jin shi bu yu	金石不渝	1
jin shi si zhu	金石丝竹	1
jin shi wei kai	金石为开	1
jin shi zhi jiao	金石之交	1
jin shi zhi gong	金石之功	1
jin shi zhi jian	金石之坚	1
jin shi zhi ce	金石之策	1
jin shi zhi yan	金石之言	1
jin shi zhi ji	金石之计	1
jin shi jiao qing	金石交情	1
jin shi ke kai	金石可开	1
jin shi xue	金石学	1
jin shi zhi jiao	金石至交	1
jin shi liang yan	金石良言	1
jin ke yu tiao	金科玉条	1
jin zhang yu ju	金章玉句	1
jin tong yu nv	金童玉女	1
jin chi bai hai	金翅擘海	1
jin ping guo	金苹果	1
jin she	金蛇	1
jin chan tuo qiao	金蝉脱壳	1
jin rong gua tou	金融寡头	1
jin gu jiu shu	金谷酒数	1
jin zhi jiang	金质奖	1
jin zhen du ren	金针度人	1
jin zhen jian xue	金针见血	1
jin chai xi he	金钗细合	1
jin yao shi	金钥匙	1
jin ding	金锭	1
jin biao yu luo	金镳玉络	1
jin que	金阙	1
jin feng yu lu	金风玉露	1
jin feng song shuang	金风送爽	1
jin zhi bo hai	金鳷擘海	1
jin gu qi ming	金鼓齐鸣	1
jin long yu	金龙鱼	1
jin gui	金龟	1
jin gui zi	金龟子	1
jin gui huan jiu	金龟换酒	1
fu zhong zhi yu	釜中之鱼	1
fu zhong you yu	釜中游鱼	1
fu zhong sheng chen	釜中生尘	1
fu zhong sheng yu	釜中生鱼	1
fu di chou xin	釜底抽薪	1
fu di you hun	釜底游魂	1
fu di you yu	釜底游鱼	1
fu yu mu yan	釜鱼幕燕	1
jian ding shu	鉴定书	1
jian ying duo xing	鉴影度形	1
jian wang zhi lai	鉴往知来	1
jian ji shi bian	鉴机识变	1
jian kong heng ping	鉴空衡平	1
jian shi	鉴识	1
jian shang li	鉴赏力	1
zan zi	錾子	1
zhen ci ma zui	针刺麻醉	1
zhen ye	针叶	1
zhen ye lin	针叶林	1
zhen tou xue tie	针头削铁	1
zhen tou xian wei	针头线尾	1
zhen tou xian nao	针头线脑	1
zhen zhi pin	针织品	1
zhen jie zhi he	针芥之合	1
zhen jie zhi qi	针芥之契	1
zhen jie zhi tou	针芥之投	1
zhen jie xiang tou	针芥相投	1
ding shu ji	钉书机	1
ding shu zhen	钉书针	1
ding zhu	钉住	1
ding zui tie she	钉嘴铁舌	1
ding tou	钉头	1
ding tou lin lin	钉头磷磷	1
ding mao	钉帽	1
ding kou zi	钉扣子	1
ding lao	钉牢	1
ding xiang zi	钉箱子	1
ding pa	钉耙	1
ding luo	钉螺	1
ding ding zi	钉钉子	1
ding niu kou	钉钮扣	1
ding chui	钉锤	1
ding xie	钉鞋	1
ding ma zhang	钉马掌	1
ding chi ba	钉齿耙	1
diao ming yao yu	钓名要誉	1
diao you zhi di	钓游之地	1
diao gou	钓钩	1
diao yu gan	钓鱼竿	1
diao yu gou	钓鱼钩	1
chai heng bin luan	钗横鬓乱	1
gai hua	钙化	1
gai pian	钙片	1
tai bai	钛白	1
ju ren chang de	钜人长德	1
ju xi mi yi	钜细靡遗	1
dun hua	钝化	1
dun qi	钝器	1
dun jiao	钝角	1
zhong ru shi	钟乳石	1
zhong lou bing xie	钟漏并歇	1
zhong ming lou jin	钟鸣漏尽	1
zhong ming ding zhong	钟鸣鼎重	1
zhong ming ding shi	钟鸣鼎食	1
zhong ding zhi jia	钟鼎之家	1
zhong ding ren jia	钟鼎人家	1
gang si chuang	钢丝床	1
gang si sheng	钢丝绳	1
gang si ju	钢丝锯	1
gang dao	钢刀	1
gang bao	钢包	1
gang hua bo li	钢化玻璃	1
gang yin	钢印	1
gang pi	钢坯	1
gang chi	钢尺	1
gang tiao	钢条	1
gang qiang	钢枪	1
gang shui	钢水	1
gang jiao tie zhu	钢浇铁铸	1
gang zha	钢渣	1
gang zhu	钢珠	1
gang ping	钢瓶	1
gang kui	钢盔	1
gang sha	钢砂	1
gang ying	钢硬	1
gang zhong	钢种	1
gang bi tao	钢笔套	1
gang jin hun ning tu	钢筋混凝土	1
gang jin tie gu	钢筋铁骨	1
gang liang	钢粱	1
gang jing	钢精	1
gang suo	钢索	1
gang lan	钢缆	1
gang hua	钢花	1
gang gui	钢轨	1
gang zhen	钢针	1
gang qian	钢钎	1
gang zuan	钢钻	1
gang ding	钢锭	1
gang ju	钢锯	1
gang beng er	钢镚儿	1
gang bian	钢鞭	1
gang gu	钢骨	1
qin yang	钦仰	1
qin tian jian	钦天监	1
qin chai	钦差	1
qin chai da chen	钦差大臣	1
jun tian guang yue	钧天广乐	1
wu gang	钨钢	1
gou yuan ti yao	钩元提要	1
gou yuan zhai mi	钩元摘秘	1
gou xin dou jiao	钩心斗角	1
gou shen tu yuan	钩深图远	1
gou shen ji ao	钩深极奥	1
gou shen suo yin	钩深索隐	1
gou shen zhi yuan	钩深致远	1
gou zhao ju ya	钩爪锯牙	1
gou xuan ti yao	钩玄提要	1
gou xuan lie mi	钩玄猎秘	1
gou zhang ji ju	钩章棘句	1
qian ke tong shen	钱可通神	1
qian jia	钱夹	1
qian shu	钱数	1
qian kuan	钱款	1
qian yan er	钱眼儿	1
qian piao	钱票	1
qian kou bu yan	钳口不言	1
qian kou jie she	钳口结舌	1
zuan jing chuan	钻井船	1
zuan jing dui	钻井队	1
zuan ju	钻具	1
zuan bing qu huo	钻冰取火	1
zuan bing qiu huo	钻冰求火	1
zuan bing qiu su	钻冰求酥	1
zuan jin	钻劲	1
zuan jin er	钻劲儿	1
zuan tai	钻台	1
zuan jian yang gao	钻坚仰高	1
zuan jian yan wei	钻坚研微	1
zuan ta	钻塔	1
zuan tian da dong	钻天打洞	1
zuan tian yang	钻天杨	1
zuan tian mi feng	钻天觅缝	1
zuan tou jiu suo	钻头就锁	1
zuan tou mi feng	钻头觅缝	1
zuan shan sai hai	钻山塞海	1
zuan gong	钻工	1
zuan chuang	钻床	1
zuan xin	钻心	1
zuan xin ci gu	钻心刺骨	1
zuan xin chong	钻心虫	1
zuan lan bang xian	钻懒帮闲	1
zuan tan	钻探	1
zuan tan ji	钻探机	1
zuan gu zhi dui	钻故纸堆	1
zuan mu qu huo	钻木取火	1
zuan ji	钻机	1
zuan gan	钻杆	1
zuan dong	钻洞	1
zuan dong mi feng	钻洞觅缝	1
zuan huo de bing	钻火得冰	1
zuan niu jiao	钻牛角	1
zuan niu jiao jian	钻牛角尖	1
zuan pi chu yu	钻皮出羽	1
zuan xue yu yuan	钻穴逾垣	1
zuan xue yu qiang	钻穴逾墙	1
zuan xue yu xi	钻穴逾隙	1
zuan kong	钻空	1
zuan kong zi	钻空子	1
zuan ying	钻营	1
zuan mou	钻谋	1
zuan xi yu qiang	钻隙逾墙	1
dian he jin chai	钿合金钗	1
tie zhong zheng zheng	铁中铮铮	1
tie le xin	铁了心	1
tie jiao yi	铁交椅	1
tie chang	铁厂	1
tie cha zi	铁叉子	1
tie zui gang ya	铁嘴钢牙	1
tie jiang jun	铁将军	1
tie xin shi chang	铁心石肠	1
tie shan gong zhu	铁扇公主	1
tie da	铁打	1
tie da xin chang	铁打心肠	1
tie da tong zhu	铁打铜铸	1
tie chu mo cheng zhen	铁杵磨成针	1
tie ban bu yi	铁板不易	1
tie ban ding ding	铁板钉钉	1
tie gui	铁柜	1
tie shu kai hua	铁树开华	1
tie bang mo cheng zhen	铁棒磨成针	1
tie chui	铁椎	1
tie yang ti	铁氧体	1
tie sha zhang	铁沙掌	1
tie pian	铁片	1
tie yu tong long	铁狱铜笼	1
tie jia che	铁甲车	1
tie shi	铁石	1
tie shi xin gan	铁石心肝	1
tie shi xin chang	铁石心肠	1
tie yan mo chuan	铁砚磨穿	1
tie chuang feng wei	铁窗风味	1
tie long	铁笼	1
tie chao tong pa	铁绰铜琶	1
tie pa	铁耙	1
tie chang shi xin	铁肠石心	1
tie bi	铁臂	1
tie xue zheng ce	铁血政策	1
tie lu che liang	铁路车辆	1
tie ding	铁钉	1
tie mao	铁锚	1
tie gao	铁镐	1
tie gu	铁骨	1
tie gu zheng zheng	铁骨铮铮	1
shuo gu qie jin	铄古切今	1
shuo shi liu jin	铄石流金	1
shuo jin hui gu	铄金毁骨	1
qian si	铅丝	1
qian zhong du	铅中毒	1
qian dan	铅丹	1
qian dao yi ge	铅刀一割	1
qian hua	铅华	1
qian yin	铅印	1
qian chui xian	铅垂线	1
qian zi	铅字	1
qian feng	铅封	1
yan shan	铅山	1
qian dan	铅弹	1
qian tiao	铅条	1
qian ban	铅板	1
qian hui	铅灰	1
qian ban	铅版	1
qian bo li	铅玻璃	1
qian qiu	铅球	1
qian zhi	铅直	1
qian bi hua	铅笔画	1
qian fen	铅粉	1
qian tie	铅铁	1
mao jin er	铆劲儿	1
mao han	铆焊	1
mao ding	铆钉	1
mao ding qiang	铆钉枪	1
tong tou tie bi	铜头铁臂	1
tong tou tie e	铜头铁额	1
tong da tie zhu	铜打铁铸	1
tong mu	铜模	1
tong pan zhong rou	铜盘重肉	1
tong jin tie lei	铜筋铁肋	1
tong jin tie gu	铜筋铁骨	1
tong lv	铜绿	1
tong xiu	铜臭	1
tong chou xun tian	铜臭熏天	1
tong xiu	铜锈	1
lv guo	铝锅	1
zhu liang fen cun	铢两分寸	1
zhu liang xi chen	铢两悉称	1
zhu liang xiang chen	铢两相称	1
zhu fen hao xi	铢分毫析	1
zhu cun lei ji	铢寸累积	1
zhu ji si lei	铢积丝累	1
zhu ji cun lei	铢积寸累	1
zhu ji zi lei	铢积锱累	1
zhu cheng cun liang	铢称寸量	1
zhu lei cun ji	铢累寸积	1
zhu liang cun duo	铢量寸度	1
zhu zhu xiao liang	铢铢校量	1
zhu zhu jiao liang	铢铢较量	1
ting er zou xian	铤而走险	1
ding lu zou xian	铤鹿走险	1
sha yu bao lin	铩羽暴鳞	1
ming xin ke gu	铭心刻骨	1
ming xin lou gu	铭心镂骨	1
ming gan bu wang	铭感不忘	1
ming gan wu nei	铭感五内	1
ming ji lou gu	铭肌镂骨	1
ming fu lou gu	铭肤镂骨	1
ming ji bu wang	铭记不忘	1
zheng zheng you sheng	铮铮有声	1
zheng zheng tie gu	铮铮铁骨	1
yin ping jin wu	银屏金屋	1
yin yang la qiang tou	银样蜡枪头	1
yin yang la qiang tou	银样镴枪头	1
yin he dao xie	银河倒泻	1
yin huan she	银环蛇	1
yin hang hang yuan	银行行员	1
yin zhuang	银装	1
yin zhi	银质	1
yin gou chai wei	银钩虿尾	1
yin qiang	银镪	1
yin xu	银须	1
zhu jian wei li	铸剑为犁	1
zhu cheng da cuo	铸成大错	1
pu wei	铺位	1
pu bao	铺保	1
pu xu	铺叙	1
pu zhan	铺展	1
pu ping	铺平	1
pu chuang	铺床	1
pu di	铺底	1
pu zhang	铺张	1
pu zhang yang li	铺张扬厉	1
pu zhang lang fei	铺张浪费	1
pu hu	铺户	1
pu pai	铺排	1
pu tan zi	铺摊子	1
pu ban	铺板	1
pu gai	铺盖	1
pu gai juan	铺盖卷	1
pu gai juan er	铺盖卷儿	1
pu mei shan yan	铺眉苫眼	1
pu mei meng yan	铺眉蒙眼	1
pu qi	铺砌	1
pu zhu	铺筑	1
pu xiong na di	铺胸纳地	1
pu chen	铺衬	1
pu mou ding ji	铺谋定计	1
pu lu shi	铺路石	1
pu gui	铺轨	1
pu cai chi wen	铺采摛文	1
pu pu	铺铺	1
pu jin lie xiu	铺锦列绣	1
pu chen	铺陈	1
pu mian fang	铺面房	1
lian shi fan ying	链式反应	1
lian qiu jun	链球菌	1
lian jie	链结	1
keng qiang you li	铿锵有力	1
xiao jia	销价	1
xiao jia	销假	1
xiao hao	销号	1
xiao shou yi kong	销售一空	1
xiao shou chu	销售处	1
xiao cha	销差	1
xiao hui gu li	销毁骨立	1
xiao na	销纳	1
xiao xing	销行	1
xiao huo	销货	1
xiao ding	销钉	1
suo shang	锁上	1
suo chi	锁匙	1
suo tou	锁头	1
suo yue	锁钥	1
chu di	锄地	1
chu qiang fu ruo	锄强扶弱	1
guo tai	锅台	1
guo zi	锅子	1
guo lu fang	锅炉房	1
guo lu ji shui	锅炉给水	1
xiu jun	锈菌	1
xiu ji	锈迹	1
feng bu ke dang	锋不可当	1
feng fa yun liu	锋发韵流	1
feng mang bu lu	锋芒不露	1
feng mang bi lu	锋芒毕露	1
feng mang bi lu	锋铓毕露	1
rui bu ke dang	锐不可当	1
rui yi jin qu	锐意进取	1
rui yan	锐眼	1
rui jiao	锐角	1
lang dang	锒铛	1
lang dang ru yu	锒铛入狱	1
cuo chu	错处	1
cuo dai	错待	1
cuo zong	错综	1
cuo jie pan gen	错节盘根	1
cuo luo bu qi	错落不齐	1
cuo luo you zhi	错落有致	1
cuo luo gao xia	错落高下	1
cuo e	错讹	1
cuo hua	错话	1
cuo che	错车	1
mao gu	锚固	1
mao di	锚地	1
mao bo	锚泊	1
xi bo zu	锡伯族	1
xi qi	锡器	1
xi shi	锡石	1
chui da	锤打	1
chui gu	锤骨	1
zhui ti	锥体	1
zhui chu nang zhong	锥处囊中	1
zhui du	锥度	1
jin nang jia zhi	锦囊佳制	1
jin nang jia ju	锦囊佳句	1
jin nang miao ji	锦囊妙计	1
jin nang yu zhou	锦囊玉轴	1
jin nang huan shi	锦囊还矢	1
jin tian xiu di	锦天绣地	1
jin ping	锦屏	1
jin pian qian cheng	锦片前程	1
jin se hua nian	锦瑟华年	1
jin se nian hua	锦瑟年华	1
jin lun	锦纶	1
jin yi yu shi	锦衣玉食	1
jin yi rou shi	锦衣肉食	1
jin yi xing zhou	锦衣行昼	1
ding zi	锭子	1
jian pan yue qi	键盘乐器	1
ju mu chang	锯木厂	1
ju tiao	锯条	1
ju ya gou zhao	锯牙钩爪	1
meng gang	锰钢	1
zi zhu bu shuang	锱铢不爽	1
zi zhu jiao liang	锱铢较量	1
duan zhi	锻制	1
duan ya	锻压	1
duan da	锻打	1
duan mu	锻模	1
mei guang deng	镁光灯	1
lou xin ke gu	镂心刻骨	1
lou xin ou xue	镂心呕血	1
lou hua	镂花	1
lou jin pu cui	镂金铺翠	1
lou jin cuo cai	镂金错采	1
lou gu ming xin	镂骨铭心	1
lou gu ming ji	镂骨铭肌	1
zhen ding zi ruo	镇定自若	1
zhen chi	镇尺	1
zhen fu	镇服	1
nie zi	镊子	1
juan xin ming gu	镌心铭骨	1
juan kong wang shi	镌空妄实	1
juan pi zhuo shen	镌脾琢肾	1
juan gu ming xin	镌骨铭心	1
nie gang	镍钢	1
hao jing	镐京	1
gao tou	镐头	1
biao tou	镖头	1
beng zi	镚子	1
jing fen luan feng	镜分鸾凤	1
jing tai	镜台	1
jing yuan bi he	镜圆璧合	1
jing po chai fen	镜破钗分	1
jing li guan hua	镜里观花	1
jing li cai hua	镜里采花	1
zu li kuo yu	镞砺括羽	1
jue tou	镢头	1
deng zi	镫子	1
lei she qi	镭射气	1
zhuo zi	镯子	1
chang qi duan ba	长七短八	1
zhang shang	长上	1
chang jiu zhi ji	长久之计	1
chang le wei yang	长乐未央	1
chang ting	长亭	1
zhang qin	长亲	1
zhang ao shi fei	长傲饰非	1
zhang xiong	长兄	1
chang juan	长卷	1
chang ju	长句	1
chang hao	长号	1
chang xu duan tan	长吁短叹	1
chang xu duan qi	长吁短气	1
zhang li	长吏	1
chang yin	长吟	1
chang ming	长命	1
chang ming fu gui	长命富贵	1
chang ming bai sui	长命百岁	1
chang ming suo	长命锁	1
chang xiao	长啸	1
chang xu duan tan	长嘘短叹	1
chang yuan	长圆	1
chang ban	长坂	1
chang xia	长夏	1
chang ye man man	长夜漫漫	1
chang ye nan ming	长夜难明	1
zhang nv	长女	1
chang cun	长存	1
chang an shao nian	长安少年	1
chang an qi ju	长安棋局	1
chang an dao shang	长安道上	1
zhang guan yi zhi	长官意志	1
chang ju	长局	1
chang qi	长崎	1
chang chuan	长川	1
zhang nian san lao	长年三老	1
chang nian lei yue	长年累月	1
zhang you	长幼	1
zhang you zun bei	长幼尊卑	1
zhang you you xu	长幼有叙	1
zhang you you xu	长幼有序	1
chang geng	长庚	1
chang wang yuan yin	长往远引	1
chang nian que lv	长念却虑	1
chang xing	长性	1
chang hen ge	长恨歌	1
chang e bu quan	长恶不悛	1
chang e mi quan	长恶靡悛	1
chang ji gao men	长戟高门	1
zhang fang	长房	1
chang cai guang du	长才广度	1
chang cai duan yu	长才短驭	1
chang quan	长拳	1
chang yi	长揖	1
chang yi bu bai	长揖不拜	1
chang zhai	长斋	1
chang zhai xiu fo	长斋绣佛	1
chang fang	长方	1
chang fang ti	长方体	1
chang fang lian	长方脸	1
chang ming deng	长明灯	1
chang chun bu lao	长春不老	1
chang ji	长机	1
chang cai xiao shi	长材小试	1
chang cai mao xue	长材茂学	1
chang zhen da qin	长枕大衾	1
chang zhen da bei	长枕大被	1
chang lin feng cao	长林丰草	1
chang kuan	长款	1
chang ge dang ku	长歌当哭	1
chang mao	长毛	1
chang mao tu	长毛兔	1
chang mao rong	长毛绒	1
chang ting	长汀	1
chang jiang san xia	长江三峡	1
chang jiang san jiao zhou	长江三角洲	1
chang jiang hou lang tui qian lang	长江后浪推前浪	1
chang jiang tian qian	长江天堑	1
chang zhi jiu an	长治久安	1
chang fa	长法	1
chang bo	长波	1
chang huo	长活	1
chang liu	长流	1
zhang man huang cao	长满荒草	1
zhang ya	长牙	1
chang wu	长物	1
chang sheng bu si	长生不死	1
chang sheng bu lao	长生不老	1
chang sheng jiu shi	长生久视	1
chang sheng guo	长生果	1
zhang nan	长男	1
chang mu fei er	长目飞耳	1
zhang xiang han chen	长相寒碜	1
chang mian	长眠	1
chang mian bu qi	长眠不起	1
chang duan ju	长短句	1
chang shi	长石	1
chang cheng	长程	1
chang di	长笛	1
chang suan yuan lve	长算远略	1
chang pian da tao	长篇大套	1
chang pian lei du	长篇累牍	1
chang xian chan pin	长线产品	1
chang rong mian	长绒棉	1
chang tong	长统	1
chang tong xue	长统靴	1
chang sheng ji ri	长绳系日	1
chang sheng xi jing	长绳系景	1
chang bian	长编	1
chang ying	长缨	1
zhang lian	长脸	1
zhang biao	长膘	1
chang bi yuan	长臂猿	1
chang she	长舌	1
chang she zhi fu	长舌之妇	1
chang she fu	长舌妇	1
chang lv que gu	长虑却顾	1
chang lv hou gu	长虑后顾	1
chang lv gu hou	长虑顾后	1
chang chong	长虫	1
zhang hui cheng she	长虺成蛇	1
chang she feng shi	长蛇封豕	1
chang she zhen	长蛇阵	1
chang jie	长街	1
chang jie duan xiang	长街短巷	1
chang yi	长衣	1
chang shan	长衫	1
chang xiu shan wu	长袖善舞	1
chang wa	长袜	1
chang gua	长褂	1
chang ji yuan lv	长计远虑	1
chang shi	长诗	1
chang hua	长话	1
chang hua duan shuo	长话短说	1
chang diao	长调	1
chang tan	长谈	1
chang tan kuo lun	长谈阔论	1
chang gui	长跪	1
chang pei yuan yu	长辔远御	1
chang pei yuan yu	长辔远驭	1
chang ci	长辞	1
chang tu ba she	长途跋涉	1
chang shi	长逝	1
chang jing tou	长镜头	1
chang chang duan duan	长长短短	1
chang men	长门	1
chang sui	长随	1
chang yin	长音	1
chang xiang	长项	1
chang jing niao hui	长颈鸟喙	1
chang feng po lang	长风破浪	1
chang qu	长驱	1
chang qu shen ru	长驱深入	1
chang qu zhi ru	长驱直入	1
chang qu zhi jin	长驱直进	1
chang jia yuan yu	长驾远驭	1
chang ming	长鸣	1
chang ming du wei	长鸣都尉	1
chang gu	长鼓	1
men ding	门丁	1
men bu ting bin	门不停宾	1
men bu ye guan	门不夜关	1
men bu ye jiong	门不夜扃	1
men dao hu shuo	门到户说	1
men bian	门匾	1
men dan hu bo	门单户薄	1
men ke zhang luo	门可张罗	1
men ke luo que	门可罗雀	1
men hao	门号	1
men kan luo que	门堪罗雀	1
men ting leng luo	门庭冷落	1
men ting ruo shi	门庭若市	1
men hu zhi jian	门户之见	1
men shan	门扇	1
men ba	门把	1
men jie lie fu	门捷列夫	1
men dou	门斗	1
men dan hu jin	门殚户尽	1
men deng	门灯	1
men jin sen yan	门禁森严	1
men lian er	门脸儿	1
men shuai zuo bao	门衰祚薄	1
men ding	门钉	1
men jing	门镜	1
men jing mai	门静脉	1
men mian fang	门面房	1
men feng	门风	1
shan she	闪射	1
shan shuo qi ci	闪烁其词	1
shan shuo qi ci	闪烁其辞	1
bi hui	闭会	1
bi guan que sao	闭关却扫	1
bi juan	闭卷	1
bi kou bu yan	闭口不言	1
bi kou jie she	闭口结舌	1
bi kou cang she	闭口藏舌	1
bi he si guo	闭合思过	1
bi he dian lu	闭合电路	1
bi he zi ze	闭合自责	1
bi se yan jing zhuo ma que	闭塞眼睛捉麻雀	1
bi bi qing ye	闭壁清野	1
bi hu du shu	闭户读书	1
bi ming se cong	闭明塞聪	1
bi xiao	闭校	1
bi mu	闭目	1
bi mu se ting	闭目塞听	1
bi mu se er	闭目塞耳	1
bi mu sai cong	闭目塞聪	1
bi men bu chu	闭门不出	1
bi men bu na	闭门不纳	1
bi men que sao	闭门却扫	1
bi men he zhe	闭门合辙	1
bi men sao gui	闭门埽轨	1
bi men se hu	闭门塞户	1
bi men se dou	闭门塞窦	1
bi men si qian	闭门思愆	1
bi men si guo	闭门思过	1
bi men sao gui	闭门扫轨	1
bi men sao ji	闭门扫迹	1
bi men mi ju	闭门觅句	1
bi men du shu	闭门读书	1
bi men zao che	闭门造车	1
bi ge si guo	闭阁思过	1
bi guan	闭馆	1
wen yi da shi	问一答十	1
wen bu	问卜	1
wen ju	问句	1
wen guan da hua	问官答花	1
wen lai wen qu	问来问去	1
wen niu zhi ma	问牛知马	1
wen da ti	问答题	1
wen yang zhi ma	问羊知马	1
wen chang wen duan	问长问短	1
wen nan	问难	1
wen ding zhong yuan	问鼎中原	1
chuang shi jie	闯世界	1
chuang jin	闯劲	1
chuang nan zou bei	闯南走北	1
chuang tian xia	闯天下	1
chuang jiang	闯将	1
chuang wang	闯王	1
xian gong fu	闲工夫	1
xian qing bie zhi	闲情别致	1
xian qing yi qu	闲情逸趣	1
xian chou wan zhong	闲愁万种	1
xian za ren yuan	闲杂人员	1
xian kong	闲空	1
xian jian ceng chu	闲见层出	1
xian yan leng yu	闲言冷语	1
xian yan po yu	闲言泼语	1
xian yan dan yu	闲言淡语	1
xian yan sui yu	闲言碎语	1
xian yan zhui yu	闲言赘语	1
xian yan chang yu	闲言长语	1
xian yan xian yu	闲言闲语	1
xian xie cun cheng	闲邪存诚	1
hong zhong si wai	闳中肆外	1
hong chi bu jing	闳侈不经	1
hong da bu jing	闳大不经	1
hong yan gao lun	闳言高论	1
hong shi gu huai	闳识孤怀	1
jian bu rong fa	间不容发	1
jian bu rong xi	间不容息	1
jian bu rong shun	间不容瞚	1
jian bu rong shun	间不容瞬	1
jian bu rong li	间不容砺	1
jian bu rong huan	间不容缓	1
jian bu rong lv	间不容缕	1
jian zuo	间作	1
jian zou	间奏	1
jian zou qu	间奏曲	1
jian ri	间日	1
jian za	间杂	1
jian jia	间架	1
jian zhong	间种	1
jian se	间色	1
jian miao	间苗	1
jian xian ceng chu	间见层出	1
jian dao	间道	1
jian liang	间量	1
min luan si zhi	闵乱思治	1
men juan	闷倦	1
men guang bo li	闷光玻璃	1
men zai jia li	闷在家里	1
men zai xin li	闷在心里	1
men zuo	闷坐	1
men sheng	闷声	1
men sheng bu keng	闷声不吭	1
men sheng bu xiang	闷声不响	1
men sheng men qi	闷声闷气	1
men tou	闷头	1
men tou er	闷头儿	1
men tou er gan	闷头儿干	1
men tou er gan huo	闷头儿干活	1
men zi che	闷子车	1
men de fa huang	闷得发慌	1
men gun	闷棍	1
men qi	闷气	1
men chen chen	闷沉沉	1
men hai chou shan	闷海愁山	1
men guan zi	闷罐子	1
men guan che	闷罐车	1
men hu lu	闷葫芦	1
men hu lu guan	闷葫芦罐	1
men jiu	闷酒	1
men chu	闷锄	1
men men bu le	闷闷不乐	1
men lei	闷雷	1
zha ba	闸把	1
nao luan zi	闹乱子	1
nao bie niu	闹别扭	1
nao hong	闹哄	1
nao hong hong	闹哄哄	1
nao rang	闹嚷	1
nao rang rang	闹嚷嚷	1
nao chang	闹场	1
nao shi qu	闹市区	1
nao yi jian	闹意见	1
nao xi	闹戏	1
nao zhe wan	闹着玩	1
nao zhe wan er	闹着玩儿	1
nao du zi	闹肚子	1
wen yi zhi er	闻一知二	1
wen yi zhi shi	闻一知十	1
wen ming bu ru jian mian	闻名不如见面	1
wen ming sang dan	闻名丧胆	1
wen ye fei shi	闻噎废食	1
wen sheng xiang si	闻声相思	1
wen chong ruo jing	闻宠若惊	1
wen suo bu wen	闻所不闻	1
wen zhi	闻知	1
wen rong dun hou	闻融敦厚	1
wen jian	闻见	1
wen guo ze xi	闻过则喜	1
wen feng	闻风	1
wen feng sang dan	闻风丧胆	1
wen feng xiang ying	闻风响应	1
wen feng po dan	闻风破胆	1
wen feng er xing	闻风而兴	1
wen feng er dong	闻风而动	1
wen feng er zhi	闻风而至	1
wen feng er qi	闻风而起	1
wen feng er tao	闻风而逃	1
wen feng yuan yang	闻风远扬	1
wen feng yuan dun	闻风远遁	1
min hou	闽侯	1
min bei hua	闽北话	1
min nan hua	闽南话	1
min fang yan	闽方言	1
lv xiang	闾巷	1
lv yan pu di	闾阎扑地	1
ge yuan	阁员	1
jiu er	阄儿	1
yue bao lan	阅报栏	1
yue kan	阅看	1
chan yang guang da	阐扬光大	1
lan wei	阑尾	1
lan wei yan	阑尾炎	1
lan gan	阑干	1
lan feng fu yu	阑风伏雨	1
lan feng chang yu	阑风长雨	1
qu qi wu ren	阒其无人	1
kuo bie	阔别	1
kuo ye lin	阔叶林	1
kuo ye shu	阔叶树	1
kuo shao	阔少	1
kuo chuo	阔绰	1
kuo lun gao tan	阔论高谈	1
he jia	阖家	1
que yi bu ke	阙一不可	1
que xia	阙下	1
que ru	阙如	1
que wen	阙文	1
que lou	阙漏	1
que yi	阙疑	1
dui fu	队副	1
qian mo zong heng	阡陌纵横	1
ban shang zou wan	阪上走丸	1
ruan nang xiu se	阮囊羞涩	1
fang bu ji fang	防不及防	1
fang ling	防凌	1
fang hua bing	防化兵	1
fang hua fu	防化服	1
fang qu	防区	1
fang wei guo dang	防卫过当	1
fang di	防地	1
fang cheng gang shi	防城港市	1
fang dan	防弹	1
fang wei du jian	防微杜渐	1
fang wei lv yuan	防微虑远	1
fang xin she xing	防心摄行	1
fang hu zhao	防护罩	1
fang bao	防暴	1
fang du mian ju	防毒面具	1
fang shui ceng	防水层	1
fang wu	防污	1
fang sha lin	防沙林	1
fang hong di	防洪堤	1
fang shen	防渗	1
fang zhou	防皱	1
fang dao suo	防盗锁	1
fang kong hao	防空壕	1
fang kong dong	防空洞	1
fang meng du jian	防萌杜渐	1
fang zhu	防蛀	1
fang feng lin	防风林	1
yang guan da dao	阳关大道	1
yang gang zhi qi	阳刚之气	1
yang li nian	阳历年	1
yang chun you jiao	阳春有脚	1
yang jie yin du	阳解阴毒	1
yang qi shi	阳起石	1
yang jian	阳间	1
yin shan bei hou	阴山背后	1
yin gan	阴干	1
yin cao di fu	阴曹地府	1
yin fu wei xing	阴服微行	1
yin he	阴核	1
yin sen sen	阴森森	1
yin mo	阴模	1
yin du	阴毒	1
yin yi yang zhan	阴疑阳战	1
yin zhao er	阴着儿	1
yin cuo yang cha	阴错阳差	1
yin jian	阴间	1
yin yang jia	阴阳家	1
yin feng	阴风	1
yin hun bu san	阴魂不散	1
zhen fa	阵发	1
zhen di zhan	阵地战	1
zhen feng	阵风	1
zhen ma feng qiang	阵马风樯	1
jie qian wan li	阶前万里	1
jie di	阶地	1
jie ji she hui	阶级社会	1
zu nan	阻难	1
e shi qu rong	阿世取容	1
e shi mei su	阿世媚俗	1
e shi dao ming	阿世盗名	1
e dang bi zhou	阿党比周	1
e dang xiang wei	阿党相为	1
a gong	阿公	1
e qi suo hao	阿其所好	1
a ji mi de	阿基米德	1
a sai bai jiang	阿塞拜疆	1
a mu si te dan	阿姆斯特丹	1
a gu a weng	阿姑阿翁	1
a jiao jin wu	阿娇金屋	1
a jia a weng	阿家阿翁	1
a er bei si shan mai	阿尔卑斯山脉	1
a er ji li ya	阿尔及利亚	1
a er ji er	阿尔及尔	1
a er ba ni ya	阿尔巴尼亚	1
a er fa she xian	阿尔法射线	1
a ping jue dao	阿平绝倒	1
a di	阿弟	1
e yi qu rong	阿意取容	1
e pang gong	阿房宫	1
a la bo ban dao	阿拉伯半岛	1
a la bo guo jia	阿拉伯国家	1
a la bo shu zi	阿拉伯数字	1
a la bo hai	阿拉伯海	1
a la bo lian he qiu zhang guo	阿拉伯联合酋长国	1
a la bo yu	阿拉伯语	1
e shi qu su	阿时趋俗	1
a chang zu	阿昌族	1
a mu lin	阿木林	1
a bi rang	阿比让	1
a pi di yu	阿毗地狱	1
a ba	阿爸	1
a die	阿爹	1
a pian	阿片	1
a gou a mao	阿狗阿猫	1
a mao a gou	阿猫阿狗	1
a liu shen qun dao	阿留申群岛	1
a di ping	阿的平	1
a mi ba li ji	阿米巴痢疾	1
a luo han	阿罗汉	1
e jiao	阿胶	1
a meng	阿蒙	1
a hong	阿訇	1
e yu	阿谀	1
e yu qu rong	阿谀取容	1
e yu feng cheng	阿谀奉承	1
e yu chan mei	阿谀谄媚	1
e yu feng ying	阿谀逢迎	1
a li shan	阿里山	1
e fu	阿附	1
a lu ba dao	阿鲁巴岛	1
a bi	阿鼻	1
a bi di yu	阿鼻地狱	1
bei tang	陂塘	1
bei chi	陂池	1
bei hu bing liang	陂湖禀量	1
bei reng	陂艿	1
po tuo	陂陀	1
fu shang wang xia	附上罔下	1
fu xia wang shang	附下罔上	1
fu li	附丽	1
fu hui	附会	1
fu hui chuan zao	附会穿凿	1
fu shi qu yan	附势趋炎	1
fu hou	附后	1
fu shu guo	附属国	1
fu yong feng ya	附庸风雅	1
fu yan qu re	附炎趋热	1
fu zhuo li	附着力	1
fu er she sheng	附耳射声	1
fu fu luo mao	附肤落毛	1
fu shan zhu xing	附膻逐腥	1
fu zhi	附识	1
fu zhui xian you	附赘县疣	1
fu zai	附载	1
fu ji wei	附骥尾	1
ji hui	际会	1
ji hui feng yun	际会风云	1
ji di pan tian	际地蟠天	1
ji yu feng yun	际遇风云	1
liu wan	陆万	1
lu qian	陆仟	1
liu bai	陆佰	1
liu yuan	陆圆	1
lu zhan dui	陆战队	1
liu shi	陆拾	1
lu feng	陆风	1
long tou yin xin	陇头音信	1
chen shi mei	陈世美	1
chen gu ci jin	陈古刺今	1
chen shan bi xie	陈善闭邪	1
chen shi ju lv	陈师鞠旅	1
chen ci lan diao	陈词滥调	1
chen shuo	陈说	1
chen ci lan diao	陈辞滥调	1
chen shu ju	陈述句	1
chen niang	陈酿	1
chen chen xiang yin	陈陈相因	1
lou xiang	陋巷	1
lou xiang dan piao	陋巷箪瓢	1
mo lu xiang feng	陌路相逢	1
jiang shi	降世	1
xiang fu	降伏	1
jiang ban qi	降半旗	1
xiang yao zhuo guai	降妖捉怪	1
jiang zun lin bei	降尊临卑	1
jiang zun yu gui	降尊纡贵	1
jiang xin xia qi	降心下气	1
jiang xin fu shou	降心俯首	1
jiang xin xiang cong	降心相从	1
jiang xin shun su	降心顺俗	1
jiang zhi ru shen	降志辱身	1
jiang qi	降旗	1
xiang fu	降服	1
jiang ben liu mo	降本流末	1
jiang ge	降格	1
jiang ge yi qiu	降格以求	1
jiang qi	降气	1
jiang huo	降火	1
jiang deng	降等	1
jiang hao	降耗	1
jiang zhi	降职	1
jiang biao	降表	1
jiang diao	降调	1
jiang gui yu zun	降贵纡尊	1
xiang shun	降顺	1
jiang yan qu ti	降颜屈体	1
jiang xiang	降香	1
xiang long	降龙	1
xiang long fu hu	降龙伏虎	1
xian chan	限产	1
xian ling	限令	1
xian dian	限电	1
shan gan ning	陕甘宁	1
shan gan ning bian qu	陕甘宁边区	1
zhi fa zang pi	陟罚臧否	1
dou zeng	陡增	1
dou du	陡度	1
chu sang	除丧	1
chu hao	除号	1
chu gou	除垢	1
chu xi ye	除夕夜	1
chu hai	除害	1
chu hai xing li	除害兴利	1
chu chen qi	除尘器	1
chu bi	除弊	1
chu e wu jin	除恶务尽	1
chu e wu ben	除恶务本	1
chu huan xing li	除患兴利	1
chu shu	除数	1
chu jiu geng xin	除旧更新	1
chu bao an liang	除暴安良	1
chu fu	除服	1
chu ci yi wai	除此以外	1
chu shi	除湿	1
chu lang de hu	除狼得虎	1
chu chong ju	除虫菊	1
chu xie cheng e	除邪惩恶	1
chu xiu	除锈	1
yun luo	陨落	1
yun shen mi gu	陨身糜骨	1
xian di	险地	1
xian ju	险局	1
xian qi	险棋	1
xian du	险毒	1
xian zheng	险症	1
xian yao	险要	1
xian zao	险遭	1
xian zao bu ce	险遭不测	1
xian zu jian nan	险阻艰难	1
pei shen zhi du	陪审制度	1
pei ji	陪祭	1
pei du	陪都	1
ling jing cui li	陵劲淬砺	1
ling ruo bao gua	陵弱暴寡	1
tao su	陶塑	1
tao ran zi de	陶然自得	1
tao quan wa ji	陶犬瓦鸡	1
xian mei	陷没	1
xian luo	陷落	1
xian luo ji zhong	陷落计中	1
long zhong qing zhu	隆重庆祝	1
sui hou zhi zhu	隋侯之珠	1
sui zhu he yu	隋珠和玉	1
sui zhu he bi	隋珠和璧	1
sui zhu tan que	隋珠弹雀	1
sui zhu jing bi	隋珠荆璧	1
sui ren fu yang	随人俯仰	1
sui di sui shi	随地随时	1
sui sheng qu he	随声趋和	1
sui sheng fu he	随声附和	1
sui da liu	随大溜	1
sui ji ying bian	随机应变	1
sui wu ying ji	随物应机	1
sui zhu he bi	随珠和璧	1
sui zhu tan que	随珠弹雀	1
sui yuan le zhu	随缘乐助	1
sui hang jiu shi	随行就市	1
sui xing zhu dui	随行逐队	1
sui che xia yu	随车夏雨	1
sui che gan yu	随车甘雨	1
sui che zhi yu	随车致雨	1
sui qian	随迁	1
sui jin zhu bian	随近逐便	1
sui feng dao duo	随风倒舵	1
sui feng er mi	随风而靡	1
sui feng zhuan duo	随风转舵	1
sui feng zhu lang	随风逐浪	1
yin jie cang xing	隐介藏形	1
yin zhan shen ti	隐占身体	1
yin ming mai xing	隐名埋姓	1
yin tian bi ri	隐天蔽日	1
yin xing mai ming	隐姓埋名	1
yin ju qiu zhi	隐居求志	1
yin xing fei ji	隐形飞机	1
yin ren bu fa	隐忍不发	1
yin ren bu yan	隐忍不言	1
yin e yang shan	隐恶扬善	1
yin hui qu zhe	隐晦曲折	1
yin ran di guo	隐然敌国	1
yin yue qi ci	隐约其词	1
yin yue qi ci	隐约其辞	1
yin ruo di guo	隐若敌国	1
yin ji mai ming	隐迹埋名	1
yin lin ji yu	隐鳞戢羽	1
yin lin ji yi	隐鳞戢翼	1
yin lin cang cai	隐鳞藏彩	1
ge san cha wu	隔三差五	1
ge bie	隔别	1
ge qiang you er	隔墙有耳	1
ge su	隔宿	1
ge an guan huo	隔岸观火	1
ge shan	隔扇	1
ge zha	隔栅	1
ge li dun	隔离墩	1
ge li shi	隔离室	1
ge li dai	隔离带	1
ge hang	隔行	1
ge hang ru ge shan	隔行如隔山	1
ge jian	隔间	1
ge yin fu hao	隔音符号	1
ai xiang	隘巷	1
xi di	隙地	1
xi da qiang huai	隙大墙坏	1
xi feng	隙缝	1
zhang ai sai pao	障碍赛跑	1
hui gan chang dan	隳肝尝胆	1
hui gan li dan	隳肝沥胆	1
hui dan chou chang	隳胆抽肠	1
hui jie bai ming	隳节败名	1
li nong	隶农	1
li zu	隶卒	1
li zi	隶字	1
juan yong	隽永	1
juan yu	隽语	1
nan shang jia nan	难上加难	1
nan shang nan	难上难	1
nan hu wei qing	难乎为情	1
nan hu wei ji	难乎为继	1
nan hu qi nan	难乎其难	1
nan yu shang tian	难于上天	1
nan yu shang qing tian	难于上青天	1
nan ren	难人	1
nan yi wei qing	难以为情	1
nan yi wei ji	难以为继	1
nan yi yu liao	难以预料	1
nan zhu	难住	1
nan qiao	难侨	1
nan xiong nan di	难兄难弟	1
nan fen nan she	难分难舍	1
nan fen nan jie	难分难解	1
nan ge nan she	难割难舍	1
nan you	难友	1
nan zi	难字	1
nan shu	难属	1
nan di nan xiong	难弟难兄	1
nan dang	难当	1
nan de hu tu	难得糊涂	1
nan geng pu shu	难更仆数	1
nan bao	难胞	1
nan she nan fen	难舍难分	1
nan se	难色	1
nan jie nan fen	难解难分	1
nan yan zhi yin	难言之隐	1
nan shuo hua	难说话	1
nan jin yi tui	难进易退	1
nan ming gu zhang	难鸣孤掌	1
que xuan jiu ju	雀喧鸠聚	1
qiao zi	雀子	1
que xiao zang quan	雀小脏全	1
que ping zhong xuan	雀屏中选	1
que mu shu bu	雀目鼠步	1
que jiao shu ya	雀角鼠牙	1
que ma yu long	雀马鱼龙	1
que shu zhi zheng	雀鼠之争	1
yan nan yan bei	雁南燕北	1
yan ying fen fei	雁影分飞	1
yan lai hong	雁来红	1
yan bo ren hu	雁泊人户	1
yan hang	雁行	1
yan guo ba mao	雁过拔毛	1
yan guo bo mao	雁过拨毛	1
yan guo liu sheng	雁过留声	1
xiong wei zhuang guan	雄伟壮观	1
xiong jing	雄劲	1
xiong chang ci he	雄唱雌和	1
xiong da	雄大	1
xiong qi	雄奇	1
xiong zi ying fa	雄姿英发	1
xiong ju	雄居	1
xiong zhi	雄峙	1
xiong cai da lve	雄才大略	1
xiong wen da shou	雄文大手	1
xiong cai da lve	雄材大略	1
xiong ji duan wei	雄鸡断尾	1
ya yue	雅乐	1
ya su gong shang	雅俗共赏	1
ya xing	雅兴	1
ya hao	雅号	1
ya zheng	雅正	1
ya cheng	雅称	1
ya guan	雅观	1
ya qu	雅趣	1
ya liang	雅量	1
ya liang gao zhi	雅量高致	1
ya que wu sheng	雅雀无声	1
ya lu zang bu jiang	雅鲁藏布江	1
ji zhong zhi	集中制	1
ji ti zhu yi	集体主义	1
ji ti hun li	集体婚礼	1
ji ti hu	集体户	1
ji ti zhao	集体照	1
ji ti wu	集体舞	1
ji da cheng	集大成	1
ji ning	集宁	1
ji si guang yi	集思广益	1
ji si guang yi	集思广议	1
ji cheng hua	集成化	1
ji san	集散	1
ji yue jing ying	集约经营	1
ji ye wei qiu	集腋为裘	1
gu yong jun	雇佣军	1
gu yong lao dong	雇佣劳动	1
zhi tou hu ye	雉头狐腋	1
yong he	雍和	1
yong rong bu po	雍容不迫	1
yong rong hua gui	雍容华贵	1
yong rong da du	雍容大度	1
yong rong da ya	雍容大雅	1
yong rong hua gui	雍荣华贵	1
chu yan	雏燕	1
chu niao	雏鸟	1
diao xin yan zhao	雕心雁爪	1
diao xin ying zhao	雕心鹰爪	1
diao wen zhi cai	雕文织采	1
diao lan yu qi	雕栏玉砌	1
diao liang hua zhu	雕梁画柱	1
diao ying bi kan	雕楹碧槛	1
diao pan qi shi	雕盘绮食	1
diao qi	雕砌	1
diao zhang zhuo ju	雕章琢句	1
diao zhang hui ju	雕章绘句	1
diao zhang lou ju	雕章镂句	1
diao gan zhuo shen	雕肝琢肾	1
diao gan zhuo lv	雕肝琢膂	1
diao chong mo ji	雕虫末伎	1
diao chong bao ji	雕虫薄技	1
diao han lou ge	雕蚶镂蛤	1
diao lan yu qi	雕阑玉砌	1
diao feng lou yue	雕风镂月	1
yu si	雨丝	1
yu si feng pian	雨丝风片	1
yu yun	雨云	1
yu jing yan yuan	雨井烟垣	1
yu chan yun zhou	雨僝云僽	1
yu chan feng zhou	雨僝风僽	1
yu zhou feng chan	雨僽风僝	1
yu ju	雨具	1
yu song	雨凇	1
yu cou yun ji	雨凑云集	1
yu qian	雨前	1
yu shi	雨势	1
yu qu	雨区	1
yu wo feng can	雨卧风餐	1
yu hou song san	雨后送伞	1
yu jia xue	雨夹雪	1
yu su feng can	雨宿风餐	1
yu jin feng mao	雨巾风帽	1
yu bu	雨布	1
yu lian yun dong	雨帘云栋	1
yu dai	雨带	1
yu mao	雨帽	1
yu mu	雨幕	1
yu hen yun chou	雨恨云愁	1
yu qing	雨情	1
yu chou yan hen	雨愁烟恨	1
yu yi	雨意	1
yu da feng chui	雨打风吹	1
yu pi	雨披	1
yu shou yun san	雨收云散	1
yu san yun shou	雨散云收	1
yu san yun fei	雨散云飞	1
yu san feng liu	雨散风流	1
yu duan yun xiao	雨断云销	1
yu yang shi ruo	雨旸时若	1
yu jing	雨景	1
yu tiao yan ye	雨条烟叶	1
yu dong feng lian	雨栋风帘	1
yu xie yun shou	雨歇云收	1
yu shui guan	雨水管	1
yu mu feng can	雨沐风餐	1
yu zhan yun re	雨沾云惹	1
yu qi yun chou	雨泣云愁	1
yu xiao yun san	雨消云散	1
yu lao	雨涝	1
yu lin ri shai	雨淋日晒	1
yu lin ri zhi	雨淋日炙	1
yu zhu	雨珠	1
yu zhu er	雨珠儿	1
yu li yan suo	雨笠烟蓑	1
yu yue yun qi	雨约云期	1
yu jiao	雨脚	1
yu gao yan ni	雨膏烟腻	1
yu hua tai	雨花台	1
yu hua shi	雨花石	1
yu meng meng	雨蒙蒙	1
yu suo yan li	雨蓑烟笠	1
yu suo feng li	雨蓑风笠	1
yu peng	雨蓬	1
yu wa	雨蛙	1
yu fu yun fan	雨覆云翻	1
yu zong yun ji	雨踪云迹	1
yu guo tian qing	雨过天晴	1
yu guo tian qing	雨过天青	1
yu ji yun zong	雨迹云踪	1
yu ling xing luan	雨零星乱	1
yu ling xing san	雨零星散	1
yu wu	雨雾	1
yu lu zhi en	雨露之恩	1
yu mai feng zhang	雨霾风障	1
yu xue	雨靴	1
yu xie	雨鞋	1
yu shun feng tiao	雨顺风调	1
yu bin feng huan	雨鬓风鬟	1
yu lie shuang ti	雨鬣霜蹄	1
xue zhong song tan	雪中送炭	1
xue zhong hong zhao	雪中鸿爪	1
xue bei xiang nan	雪北香南	1
xue ye	雪夜	1
xue tian	雪天	1
xue yue feng hua	雪月风花	1
xue ni hong zhao	雪泥鸿爪	1
xue ni hong ji	雪泥鸿迹	1
xue chuang ying ji	雪窗萤几	1
xue chi	雪耻	1
xue chi bao chou	雪耻报仇	1
xue tai mei gu	雪胎梅骨	1
xue nve feng tao	雪虐风饕	1
xue hong zhi zhao	雪鸿指爪	1
ling ding gu ku	零丁孤苦	1
ling guang pian yu	零光片羽	1
ling zeng zhang	零增长	1
ling cun zheng qu	零存整取	1
ling da sui qiao	零打碎敲	1
ling shu	零数	1
ling qiao sui da	零敲碎打	1
ling za gong	零杂工	1
ling huo er	零活儿	1
ling luo	零落	1
ling ling san san	零零散散	1
ling lu rang rang	零露瀼瀼	1
lei ling feng xing	雷令风行	1
lei dong feng xing	雷动风行	1
lei li feng xing	雷厉风行	1
lei li feng fei	雷厉风飞	1
lei chang	雷场	1
lei ben yun jue	雷奔云谲	1
lei da bu dong	雷打不动	1
lei bao	雷暴	1
lei yu yun	雷雨云	1
lei ting wan jun	雷霆万钧	1
lei ting zhi nu	雷霆之怒	1
lei ming wa fu	雷鸣瓦釜	1
wu xing yun yong	雾兴云涌	1
wu san yun pi	雾散云披	1
wu yong yun zheng	雾涌云蒸	1
wu qi yun yong	雾起云涌	1
wu li kan hua	雾里看花	1
wu ji yun he	雾集云合	1
wu bin feng huan	雾鬓风鬟	1
wu lin yun zhao	雾鳞云爪	1
xu sha chu xue	需沙出穴	1
ji yue guang feng	霁月光风	1
ji feng lang yue	霁风朗月	1
xiao rang zhi bie	霄壤之别	1
xiao yu chui hua	霄鱼垂化	1
zhen qu	震区	1
zhen tian jia	震天价	1
zhen tian dong di	震天动地	1
zhen long fa kui	震聋发聩	1
mei bian	霉变	1
mei tou	霉头	1
mei ban	霉斑	1
mei yu	霉雨	1
huo di	霍地	1
sha shi jian	霎时间	1
ni chang	霓裳	1
lin yu	霖雨	1
shuang diao xia lv	霜凋夏绿	1
shuang ye	霜叶	1
shuang qi	霜期	1
shuang qi heng qiu	霜气横秋	1
shuang qi lin	霜淇淋	1
shuang xing cao xiu	霜行草宿	1
shuang jiang	霜降	1
shuang lu zhi si	霜露之思	1
shuang lu zhi bei	霜露之悲	1
shuang lu zhi gan	霜露之感	1
shuang lu zhi bing	霜露之病	1
shuang lu zhi chen	霜露之辰	1
xia guang wan dao	霞光万道	1
xia si yun xiang	霞思云想	1
xia si tian xiang	霞思天想	1
xia shi	霞石	1
xian dan	霰弹	1
xian dan qiang	霰彈槍	1
lou yi shou	露一手	1
lou chou	露丑	1
lu guang	露光	1
lou ren	露刃	1
lu tian kai cai	露天开采	1
lu tian kuang	露天矿	1
lou tou	露头	1
lu tou jiao	露头角	1
lu su feng can	露宿风餐	1
lou fu	露富	1
lu wei cang tou	露尾藏头	1
lu ji yang cai	露己扬才	1
lu bu	露布	1
lou di	露底	1
lu ying cang xing	露影藏形	1
lu wang shuang lai	露往霜来	1
lou qie	露怯	1
lu cai yang ji	露才扬己	1
lu shui fu qi	露水夫妻	1
lu sa	露洒	1
lou bai	露白	1
lou xiang	露相	1
lu zuan xue chao	露纂雪钞	1
lu hong yan zi	露红烟紫	1
lu hong yan lv	露红烟绿	1
lu dan pi gan	露胆披肝	1
lu dan pi cheng	露胆披诚	1
lou miao	露苗	1
lu jiu	露酒	1
lu chao xue zuan	露钞雪纂	1
lu mian pao tou	露面抛头	1
lou feng	露风	1
lu can feng su	露餐风宿	1
lou xian er	露馅儿	1
lou ma jiao	露马脚	1
lu chi	露齿	1
ba wang bian	霸王鞭	1
ba wang feng yue	霸王风月	1
ba dao heng xing	霸道横行	1
ba ling zui wei	霸陵醉尉	1
pi lei	霹雷	1
qing xia	青下	1
qing yun wan li	青云万里	1
qing yun zhi shang	青云直上	1
qing shi chuan ming	青史传名	1
qing tang wa she	青堂瓦舍	1
qing shan yi fa	青山一发	1
qing shan bu lao	青山不老	1
qing zhou cong shi	青州从事	1
qing nian hui	青年会	1
qing nian gong	青年宫	1
qing nian jie	青年节	1
qing lin hei sai	青林黑塞	1
qing zhi lv ye	青枝绿叶	1
qing deng gu fo	青灯古佛	1
qing deng huang juan	青灯黄卷	1
qing tian shi	青田石	1
qing yan xiang kan	青眼相看	1
qing zhuan	青砖	1
qing zi pi ti	青紫被体	1
qing hong zao bai	青红皁白	1
qing hong zao bai	青红皂白	1
qing lv	青绿	1
qing yang gong	青羊宫	1
qing cui yu di	青翠欲滴	1
qing gan bi xue	青肝碧血	1
qing cha	青茶	1
qing she	青蛇	1
qing guo yu lan	青过于蓝	1
qing qian wan xuan	青钱万选	1
qing xiao zhi shang	青霄直上	1
qing niao yin qin	青鸟殷勤	1
qing huang bu jie	青黄不接	1
qing long jin kui	青龙金匮	1
jing zhuang	靓妆	1
jing yi	靓衣	1
jing shi	靓饰	1
jing le	静乐	1
jing chang	静场	1
jing ning	静宁	1
jing si	静思	1
jing ji si dong	静极思动	1
jing dian fan ying	静电反应	1
jing guan	静观	1
jing guan mo cha	静观默察	1
jing yan ling se	静言令色	1
fei qin fei gu	非亲非故	1
fei fen	非分	1
fei fen zhi nian	非分之念	1
fei fen zhi xiang	非分之想	1
fei fen zhi cai	非分之财	1
fei tong er xi	非同儿戏	1
fei tong xiao ke	非同小可	1
fei yi ren ren	非异人任	1
fei yi xiang gan	非意相干	1
fei jing ti	非晶体	1
fei zheng yi zhan zheng	非正义战争	1
fei chi zhong wu	非池中物	1
fei dian jie zhi	非电解质	1
fei zhi wu fa ming	非职务发明	1
fei jin shu	非金属	1
fei nan	非难	1
kao de zhu	靠得住	1
kao yi	靠椅	1
kao bo	靠泊	1
mi li	靡丽	1
mi jian bu cui	靡坚不摧	1
mi suo di zhi	靡所底止	1
mi suo shi cong	靡所适从	1
mi you jie yi	靡有孑遗	1
mi ran xiang feng	靡然乡风	1
mi ran cong feng	靡然从风	1
mi ran xiang feng	靡然向风	1
mi ran cheng feng	靡然成风	1
mi ran shun feng	靡然顺风	1
mi zhi suo cuo	靡知所措	1
mi yi tou shi	靡衣偷食	1
mi yi tou shi	靡衣媮食	1
mi yi yu shi	靡衣玉食	1
mi fei	靡费	1
mi mi zhi yue	靡靡之乐	1
mi mi zhi yin	靡靡之音	1
mian bu gai rong	面不改容	1
mian bu gai se	面不改色	1
mian zheng ting lun	面争庭论	1
mian cong fu fei	面从腹诽	1
mian si xue pi	面似靴皮	1
mian bei mei nan	面北眉南	1
mian gao	面告	1
mian ming er ti	面命耳提	1
mian bi mo zhuan	面壁磨砖	1
mian ru guan yu	面如冠玉	1
mian jin zhi	面巾纸	1
mian she ting zheng	面折庭争	1
mian zhe ting zheng	面折廷争	1
mian she ting zheng	面折廷诤	1
mian shi bei fei	面是背非	1
mian you cai se	面有菜色	1
mian you nan se	面有难色	1
mian tang	面汤	1
mian pian er	面片儿	1
mian mu ke zeng	面目可憎	1
mian hu	面糊	1
mian hong	面红	1
mian hong er re	面红耳热	1
mian hong mian lv	面红面绿	1
mian hong mian chi	面红面赤	1
mian hong jing chi	面红颈赤	1
mian ruo si hui	面若死灰	1
mian jian	面见	1
mian yu bei hui	面誉背毁	1
mian yu bei fei	面誉背非	1
mian yu bei hui	面谀背毁	1
mian mian si qu	面面厮觑	1
mian mian xiang kan	面面相看	1
mian mian xiang du	面面相睹	1
mian mian xiang kui	面面相窥	1
mian mian xiang qu	面面相觑	1
mian mian guan	面面观	1
tian yan shi chou	靦颜事仇	1
ge ming chuang zhi	革命创制	1
ge ming hua	革命化	1
ge ming fan zheng	革命反正	1
ge ming wei yuan hui	革命委员会	1
ge ming jia	革命家	1
ge ming gen ju di	革命根据地	1
ge nang	革囊	1
ge jian chan bao	革奸铲暴	1
ge xin yi xing	革心易行	1
ge jiu cong xin	革旧从新	1
ge xie fan zheng	革邪反正	1
ge mian lian shou	革面敛手	1
ge mian xi xin	革面洗心	1
ge feng yi su	革风易俗	1
ba tai	靶台	1
ba chang	靶场	1
yang yang bu le	鞅鞅不乐	1
xie shua	鞋刷	1
xie gong wa qian	鞋弓袜浅	1
xie gong wa qian	鞋弓襪浅	1
xie gen er	鞋跟儿	1
an zi	鞍子	1
qiao li cang dao	鞘里藏刀	1
ju wei mao cao	鞠为茂草	1
ju gong jin li	鞠躬尽力	1
ju gong jin cui	鞠躬尽瘁	1
ju gong bing qi	鞠躬屏气	1
ju wei mao cao	鞫为茂草	1
bian bu ji fu	鞭不及腹	1
bian da	鞭打	1
bian da kuai niu	鞭打快牛	1
bian pi xiang li	鞭擗向里	1
bian pi jin li	鞭擗进里	1
bian shao	鞭梢	1
bian yue jin li	鞭约近里	1
bian pi ru li	鞭辟入里	1
bian bi xiang li	鞭辟向里	1
bian bi zhuo li	鞭辟着里	1
bian pi jin li	鞭辟近里	1
bian chang bu ji	鞭长不及	1
bian chang bu ji ma fu	鞭长不及马腹	1
bian chang mo ji	鞭长莫及	1
bian chang jia yuan	鞭长驾远	1
bian shao	鞭鞘	1
wei ku bu bei	韦裤布被	1
ren jin	韧劲	1
ren du	韧度	1
han shou fen xiang	韩寿分香	1
han hai su chao	韩海苏潮	1
han chao su hai	韩潮苏海	1
yun du er cang	韫椟而藏	1
yun du cang zhu	韫椟藏珠	1
tao guang si fen	韬光俟奋	1
tao guang yin hui	韬光隐晦	1
tao guang yin ji	韬光隐迹	1
tao guang yun yu	韬光韫玉	1
tao ge juan jia	韬戈卷甲	1
tao hui dai shi	韬晦待时	1
tao ji yin zhi	韬迹隐智	1
yin yue pen quan	音乐喷泉	1
yin yue pian	音乐片	1
yin yue jie	音乐界	1
yin yue lao shi	音乐老师	1
yin yue cha zuo	音乐茶座	1
yin yue pin dao	音乐频道	1
yin xin yao wu	音信杳无	1
yin qu	音区	1
yin cha	音叉	1
yin rong wan zai	音容宛在	1
yin xu	音序	1
yin qiang	音强	1
yin kong	音控	1
yin hua	音画	1
yin xi	音系	1
yin jie wen zi	音节文字	1
yin du	音读	1
yun tou	韵头	1
yun wei	韵尾	1
yun lv cao	韵律操	1
yun yu	韵语	1
yun diao	韵调	1
shao hua	韶华	1
shao hua ru shi	韶华如驶	1
ding ming mao xing	顶名冒姓	1
ding gua gua	顶呱呱	1
ding tian li di	顶天立地	1
ding tian zhong di	顶天踵地	1
ding tou	顶头	1
ding tou shang si	顶头上司	1
ding shu	顶数	1
ding gai	顶盖	1
ding jiao	顶角	1
ding zhong jin juan	顶踵尽捐	1
ding zhong juan mi	顶踵捐糜	1
ding men gang	顶门杠	1
ding feng mao xue	顶风冒雪	1
ding gu	顶骨	1
xiang quan	项圈	1
xiang bei	项背	1
xiang bei xiang wang	项背相望	1
shun hu	顺乎	1
shun ren ying tian	顺人应天	1
shun bian yi ti	顺便一提	1
shun hua	顺化	1
shun he	顺和	1
shun tian cong ren	顺天从人	1
shun tian ying ren	顺天应人	1
shun tian ying shi	顺天应时	1
shun dang	顺当	1
shun shou qian yang	顺手牵羊	1
shun fu	顺服	1
shun shui xing zhou	顺水行舟	1
shun shui shun feng	顺水顺风	1
shun liu	顺溜	1
shun mei kuang e	顺美匡恶	1
shun man mo gua	顺蔓摸瓜	1
shun guo shi fei	顺过饰非	1
shun fei er ze	顺非而泽	1
shun feng shi fan	顺风使帆	1
shun feng shi duo	顺风使舵	1
shun feng shi chuan	顺风使船	1
shun feng chui huo	顺风吹火	1
shun feng zhang fan	顺风张帆	1
shun feng che fan	顺风扯帆	1
shun feng er hu	顺风而呼	1
shun feng er	顺风耳	1
shun feng xing chuan	顺风行船	1
shun feng zhuan duo	顺风转舵	1
shun feng shi chuan	顺风驶船	1
xu fa	须发	1
xu fa jie bai	须发皆白	1
xu zi	须子	1
xu mi jie zi	须弥芥子	1
wan gu bu hua	顽固不化	1
wan gu pai	顽固派	1
wan geng bu hua	顽梗不化	1
wan fu yin mu	顽父嚚母	1
wan zheng	顽症	1
wan pi zei gu	顽皮贼骨	1
wan pi lai gu	顽皮赖骨	1
wan shi	顽石	1
wan shi dian tou	顽石点头	1
gu bu ji	顾不及	1
gu quan da ju	顾全大局	1
gu qian bu gu hou	顾前不顾后	1
gu tou bu gu wei	顾头不顾尾	1
gu xiao shi da	顾小失大	1
gu ying nong zi	顾影弄姿	1
gu ying can xing	顾景惭形	1
gu qu zhou lang	顾曲周郎	1
gu lv chong chong	顾虑重重	1
dun hao	顿号	1
dun xue lei gong	顿学累功	1
dun kai mao se	顿开茅塞	1
dun gang zhen ji	顿纲振纪	1
dun jue	顿觉	1
dun zu bu qian	顿足不前	1
dun zu zhui xiong	顿足椎胸	1
qi chang	颀长	1
song sheng zai dao	颂声载道	1
song shi	颂诗	1
yu jue suan	预决算	1
yu zhi ban	预制板	1
yu bu	预卜	1
yu ya	预压	1
yu bei qi	预备期	1
yu ying li hun ning tu	预应力混凝土	1
yu jian	预检	1
yu xing	预行	1
yu fang jie zhong	预防接种	1
ling ban	领办	1
ling dao de li	领导得力	1
ling wu	领舞	1
ling hua	领花	1
ling shang	领赏	1
xie hang	颉颃	1
jia shang san mao	颊上三毛	1
jia shang san hao	颊上三毫	1
jia shang tian hao	颊上添毫	1
jia nang	颊囊	1
jia che	颊车	1
he gu	颌骨	1
yi zhi feng shi	颐指风使	1
pin reng	频仍	1
pin chuan	频传	1
pin dai	频带	1
pin du	频度	1
pin shuo	频数	1
pin ci	频次	1
tui sang	颓丧	1
tui yuan duan qian	颓垣断堑	1
tui feng	颓风	1
ti jie	题解	1
e gu	颚骨	1
yan dan bin lv	颜丹鬓绿	1
yan ti	颜体	1
yan jin liu gu	颜筋柳骨	1
yan jing liu gu	颜精柳骨	1
yan mian sao di	颜面扫地	1
yan gu liu jin	颜骨柳筋	1
e shou xiang qing	额手相庆	1
e shou cheng qing	额手称庆	1
e shou cheng song	额手称颂	1
e shu	额数	1
e fang	额枋	1
e jiao	额角	1
e shou cheng qing	额首称庆	1
e gu	额骨	1
nie gu	颞骨	1
dian san dao si	颠三倒四	1
dian qian dao kun	颠乾倒坤	1
dian pu liu li	颠仆流离	1
dian dao qian kun	颠倒乾坤	1
dian dao gan kun	颠倒干坤	1
dian dao shi fei	颠倒是非	1
dian dao yi chang	颠倒衣裳	1
dian dao yin yang	颠倒阴阳	1
dian dao hei bai	颠倒黑白	1
dian chun bo zui	颠唇簸嘴	1
dian pu bu po	颠扑不破	1
dian pu bu mo	颠扑不磨	1
dian lai dao qu	颠来倒去	1
dian lai bo qu	颠来簸去	1
dian mao zhong zhong	颠毛种种	1
dian bo bu po	颠簸不破	1
dian yi dao chang	颠衣到裳	1
dian dian dao dao	颠颠倒倒	1
dian luan dao feng	颠鸾倒凤	1
chan sheng	颤声	1
chan wei wei	颤巍巍	1
chan you	颤悠	1
chan you you	颤悠悠	1
zhan li	颤栗	1
chan yin	颤音	1
chan chan	颤颤	1
feng bu ming tiao	风不鸣条	1
feng zhong zhi zhu	风中之烛	1
feng zhong bing zhu	风中秉烛	1
feng ju yun yao	风举云摇	1
feng ju yun fei	风举云飞	1
feng xi	风习	1
feng yun bu ce	风云不测	1
feng yun zhi zhi	风云之志	1
feng yun bian huan	风云变幻	1
feng yun bian tai	风云变态	1
feng yun yue lu	风云月露	1
feng yun tu bian	风云突变	1
feng yun ji hui	风云际会	1
feng xian hua	风仙花	1
feng yi	风仪	1
feng chuan	风传	1
feng su xi guan	风俗习惯	1
feng su ren qing	风俗人情	1
feng su hua	风俗画	1
feng xin zi	风信子	1
feng xin nian hua	风信年华	1
feng guang yi ni	风光旖旎	1
feng guang yue ji	风光月霁	1
feng guang pian	风光片	1
feng bing cao jia	风兵草甲	1
feng liang	风凉	1
feng liang hua	风凉话	1
feng dao shuang jian	风刀霜剑	1
feng qian yue xia	风前月下	1
feng qian can zhu	风前残烛	1
feng dong	风动	1
feng dong gong ju	风动工具	1
feng shi	风势	1
feng hua zheng mao	风华正茂	1
feng hua jue dai	风华绝代	1
feng juan can yun	风卷残云	1
feng ya	风压	1
feng fa	风发	1
feng xiang qi	风向器	1
feng chui yun san	风吹云散	1
feng chui ri shai	风吹日晒	1
feng chui lang da	风吹浪打	1
feng chui yu da	风吹雨打	1
feng chui yu lin	风吹雨淋	1
feng chui ma er	风吹马耳	1
feng he ri li	风和日丽	1
feng he ri xuan	风和日暄	1
feng he ri nuan	风和日暖	1
feng he ri mei	风和日美	1
feng hui dian ji	风回电激	1
feng tu	风土	1
feng qiang	风墙	1
feng sheng he li	风声鹤唳	1
feng zi chuo yue	风姿绰约	1
feng mei hua	风媒花	1
feng hai	风害	1
feng chen zhi hui	风尘之会	1
feng chen zhi bian	风尘之变	1
feng chen pu pu	风尘仆仆	1
feng chen lu lu	风尘碌碌	1
feng chen ang zang	风尘肮脏	1
feng dai	风带	1
feng mao	风帽	1
feng ping bo xi	风平波息	1
feng fu	风府	1
feng du pian pian	风度翩翩	1
feng ying fu yan	风影敷衍	1
feng ji lang gao	风急浪高	1
feng qing yue zhai	风情月债	1
feng qing yue si	风情月思	1
feng qing yue yi	风情月意	1
feng dang	风挡	1
feng che lei xing	风掣雷行	1
feng dou	风斗	1
feng xuan dian che	风旋电掣	1
feng jing bu shu	风景不殊	1
feng jing ru hua	风景如画	1
feng jing dian	风景点	1
feng jing hua	风景画	1
feng yue wu ya	风月无涯	1
feng yue wu bian	风月无边	1
feng mu zhi si	风木之思	1
feng mu zhi bei	风木之悲	1
feng mu han bei	风木含悲	1
feng biao	风标	1
feng zhi yu mu	风栉雨沐	1
feng qiang zhen ma	风樯阵马	1
feng shui xian sheng	风水先生	1
feng chi	风池	1
feng you jing	风油精	1
feng dong	风洞	1
feng pai	风派	1
feng liu yun san	风流云散	1
feng liu ren wu	风流人物	1
feng liu ti tang	风流倜傥	1
feng liu ru ya	风流儒雅	1
feng liu yuan nie	风流冤孽	1
feng liu qian gu	风流千古	1
feng liu cai zi	风流才子	1
feng liu xiao sa	风流潇洒	1
feng liu zui guo	风流罪过	1
feng liu yun jie	风流蕴藉	1
feng liu die dang	风流跌宕	1
feng liu yun shi	风流韵事	1
feng tao	风涛	1
feng qing bi jue	风清弊绝	1
feng qing yue ming	风清月明	1
feng qing yue lang	风清月朗	1
feng qing yue jiao	风清月皎	1
feng shi xing guan jie yan	风湿性关节炎	1
feng yuan	风源	1
feng xiao yu hui	风潇雨晦	1
feng ji dian fei	风激电飞	1
feng ji dian hai	风激电骇	1
feng huo qiang	风火墙	1
feng deng	风灯	1
feng zai	风灾	1
feng zhu zhi nian	风烛之年	1
feng zhu can nian	风烛残年	1
feng zhu cao lu	风烛草露	1
feng yan	风烟	1
feng niu ma bu xiang ji	风牛马不相及	1
feng wu	风物	1
feng qin	风琴	1
feng zhen	风疹	1
feng zhen kuai	风疹块	1
feng tan	风瘫	1
feng mo	风磨	1
feng he jin qi	风禾尽起	1
feng guan	风管	1
feng xiang	风箱	1
feng ji	风纪	1
feng ji kou	风纪扣	1
feng zhi	风致	1
feng se	风色	1
feng hua xue ye	风花雪夜	1
feng hu yun long	风虎云龙	1
feng shi	风蚀	1
feng xing yi shi	风行一世	1
feng xing yi shi	风行一时	1
feng xing shui shang	风行水上	1
feng xing dian ji	风行电击	1
feng xing dian sao	风行电扫	1
feng xing dian che	风行电掣	1
feng xing dian zhao	风行电照	1
feng xing cao cong	风行草从	1
feng xing cao yan	风行草偃	1
feng xing cao mi	风行草靡	1
feng xing yu san	风行雨散	1
feng xing lei li	风行雷厉	1
feng xing ge yan	风行革偃	1
feng yan ying yu	风言影语	1
feng yan cu yu	风言醋语	1
feng yan wu yu	风言雾语	1
feng yan feng yu	风言风语	1
feng yu bu tou	风语不透	1
feng tiao yu shun	风调雨顺	1
feng jue yun gui	风谲云诡	1
feng qi yun zheng	风起云蒸	1
feng qi shui yong	风起水涌	1
feng qu heng sheng	风趣横生	1
feng che yun ma	风车云马	1
feng che yu ma	风车雨马	1
feng lun	风轮	1
feng qing yun jing	风轻云净	1
feng su qi	风速器	1
feng dao	风道	1
feng xie	风邪	1
feng zuan	风钻	1
feng chan	风铲	1
feng chui	风锤	1
feng hao	风镐	1
feng jing	风镜	1
feng men	风门	1
feng men shui kou	风门水口	1
feng zha	风闸	1
feng wen	风闻	1
feng zhang	风障	1
feng yu bu gai	风雨不改	1
feng yu bu ce	风雨不测	1
feng yu bu tou	风雨不透	1
feng yu jiao jia	风雨交加	1
feng yu gong zhou	风雨共舟	1
feng yu qi qi	风雨凄凄	1
feng yu tong zhou	风雨同舟	1
feng yu ru hui	风雨如晦	1
feng yu ru pan	风雨如磐	1
feng yu dui chuang	风雨对床	1
feng yu yao bai	风雨摇摆	1
feng yu wu zu	风雨无阻	1
feng yu shi ruo	风雨时若	1
feng yu hui ming	风雨晦冥	1
feng yu hui ming	风雨晦暝	1
feng yu piao yao	风雨漂摇	1
feng yu deng	风雨灯	1
feng yu xiao tiao	风雨萧条	1
feng yu yi	风雨衣	1
feng yu lian chuang	风雨连床	1
feng yu piao yao	风雨飘摇	1
feng yu piao ling	风雨飘零	1
feng yu piao yao	风雨飘飖	1
feng xue jiao jia	风雪交加	1
feng lei zhi bian	风雷之变	1
feng lei huo pao	风雷火炮	1
feng shuang yu xue	风霜雨雪	1
feng mi yi shi	风靡一世	1
feng mi yi shi	风靡一时	1
feng yun you cun	风韵犹存	1
feng feng yun yun	风风韵韵	1
feng can lu su	风餐露宿	1
feng ma bu jie	风马不接	1
feng ma yun che	风马云车	1
feng ma niu bu xiang ji	风马牛不相及	1
feng chi yun juan	风驰云卷	1
feng chi yun zou	风驰云走	1
feng chi dian ji	风驰电击	1
feng chi dian juan	风驰电卷	1
feng chi dian che	风驰电掣	1
feng chi dian fu	风驰电赴	1
feng chi dian shi	风驰电逝	1
feng chi dian cheng	风驰电骋	1
feng chi cao mi	风驰草靡	1
feng chi yu zhou	风驰雨骤	1
feng chi ting ji	风驰霆击	1
feng qu dian ji	风驱电击	1
feng qu dian sao	风驱电扫	1
feng gu	风骨	1
feng gu qiao jun	风骨峭峻	1
feng huan yu bin	风鬟雨鬓	1
feng huan wu bin	风鬟雾鬓	1
feng mo	风魔	1
feng niao	风鸟	1
piao fu	飘拂	1
piao fan luo hun	飘樊落溷	1
piao bo	飘泊	1
piao bo wu ding	飘泊无定	1
piao yang guo hai	飘洋过海	1
piao sa	飘洒	1
piao wa xu zhou	飘瓦虚舟	1
piao fan zhui hun	飘籓坠溷	1
piao yin duo hun	飘茵堕溷	1
piao yin luo hun	飘茵落溷	1
piao feng	飘风	1
piao feng ji yu	飘风急雨	1
piao feng bao yu	飘风暴雨	1
piao feng ku yu	飘风苦雨	1
piao feng guo er	飘风过耳	1
piao feng zhou yu	飘风骤雨	1
biao fa dian ju	飙发电举	1
biao che	飙车	1
fei lin	飞临	1
fei chu zhuan xiang	飞刍转饷	1
fei di	飞地	1
fei tian jiang	飞天奖	1
fei jiang jun	飞将军	1
fei jiang shu ji	飞将数奇	1
fei san	飞散	1
fei xuan	飞旋	1
fei lai heng huo	飞来横祸	1
fei sha yang li	飞沙扬砾	1
fei sha zou shi	飞沙走石	1
fei sha zou li	飞沙走砾	1
fei xie	飞泻	1
fei sa	飞洒	1
fei liu duan chang	飞流短长	1
fei pu	飞瀑	1
fei zai heng huo	飞灾横祸	1
fei zhu jian yu	飞珠溅玉	1
fei yan chuan qing	飞眼传情	1
fei duan liu chang	飞短流长	1
fei shi	飞石	1
fei sha zou shi	飞砂走石	1
fei sha zhuan shi	飞砂转石	1
fei mi zhuan chu	飞米转刍	1
fei hong	飞红	1
fei luo	飞落	1
fei peng sui feng	飞蓬随风	1
fei e pu huo	飞蛾扑火	1
fei e tou huo	飞蛾投火	1
fei e fu huo	飞蛾赴火	1
fei e fu zhu	飞蛾赴烛	1
fei e fu yan	飞蛾赴焰	1
fei yu	飞语	1
fei fu	飞赴	1
fei pao	飞跑	1
fei che zou bi	飞车走壁	1
fei zhuan	飞转	1
fei yu	飞雨	1
fei shuang liu yue	飞霜六月	1
fei shi	飞驶	1
fei niao jing she	飞鸟惊蛇	1
fei hong xue zhao	飞鸿雪爪	1
fei ying ben quan	飞鹰奔犬	1
fei long cheng yun	飞龙乘云	1
shi bu xia yan	食不下咽	1
shi bu er wei	食不二味	1
shi bu chong kou	食不充口	1
shi bu chong chang	食不充肠	1
shi bu chong ji	食不充饥	1
shi bu jian wei	食不兼味	1
shi bu jian rou	食不兼肉	1
shi bu xia bao	食不暇饱	1
shi bu guo fu	食不果腹	1
shi bu qiu gan	食不求甘	1
shi bu gan wei	食不甘味	1
shi bu zhi wei	食不知味	1
shi bu lei wei	食不累味	1
shi bu zhong wei	食不终味	1
shi bu huang wei	食不遑味	1
shi bu chong wei	食不重味	1
shi bu chong rou	食不重肉	1
shi bu hu kou	食不餬口	1
shi wei min tian	食为民天	1
shi qin cai hei	食亲财黑	1
shi ren	食人	1
shi ju	食具	1
shi qian fang zhang	食前方丈	1
shi kou	食口	1
shi gu bu hua	食古不化	1
shi gu ru geng	食古如鲠	1
shi wei fang zhang	食味方丈	1
shi pin jie	食品街	1
shi zi xun jun	食子徇君	1
shi su xiang jian	食宿相兼	1
shi shao shi fan	食少事烦	1
shi shao shi fan	食少事繁	1
shi xin chong	食心虫	1
shi bi fang zhang	食必方丈	1
shi xing	食性	1
shi zhi da dong	食指大动	1
shi liao	食料	1
shi fang yu qian	食方于前	1
shi wu qiu bao	食无求饱	1
shi ri wan qian	食日万钱	1
shi an fang zhang	食案方丈	1
shi cao	食槽	1
si mu	食母	1
shi mao jian tu	食毛践土	1
shi you	食油	1
shi wu lian	食物链	1
shi yu chui gui	食玉炊桂	1
shi gan qin ning	食甘寝宁	1
shi gan qin an	食甘寝安	1
shi sheng bu hua	食生不化	1
shi he	食盒	1
shi xiang	食相	1
shi zu yi shui	食租衣税	1
shi ji	食积	1
shi dan jiang hu	食箪浆壶	1
shi liang	食粮	1
shi er bu hua	食而不化	1
shi rou	食肉	1
shi rou qin pi	食肉寝皮	1
shi tu wo ji	食荼卧棘	1
shi huo xuan chun	食藿悬鹑	1
shi yi shou	食蚁兽	1
shi yan	食言	1
shi yan er fei	食言而肥	1
shi bian lao xin	食辨劳薪	1
shi yi	食邑	1
shi ji xi lao	食饥息劳	1
shi er	食饵	1
shi ma liu gan	食马留肝	1
shi yu yu qing	食鱼遇鲭	1
can yun wo shi	餐云卧石	1
can wei	餐位	1
can quan	餐券	1
can song dan bo	餐松啖柏	1
can pa yin lu	餐葩饮露	1
can che	餐车	1
can xia xi lu	餐霞吸露	1
can xia yin jing	餐霞饮景	1
can feng yan lu	餐风咽露	1
can feng nie xue	餐风啮雪	1
can feng su shui	餐风宿水	1
can feng su cao	餐风宿草	1
can feng su yu	餐风宿雨	1
can feng su lu	餐风宿露	1
can feng mu yu	餐风沐雨	1
can feng ru xue	餐风茹雪	1
can feng lu su	餐风露宿	1
can feng yin lu	餐风饮露	1
bu zao chuo li	餔糟啜漓	1
bu zao chuo li	餔糟啜醨	1
yong sun bu ji	饔飧不济	1
yong sun bu ji	饔飧不给	1
yong sun bu ji	饔飧不继	1
yong sun bu bao	饔飧不饱	1
tao feng nve xue	饕风虐雪	1
ji bu ze shi	饥不择食	1
ji bu xia shi	饥不暇食	1
ji bu huang shi	饥不遑食	1
ji dong jiao qie	饥冻交切	1
ji han jiao qie	饥寒交切	1
ji han jiao po	饥寒交迫	1
ji yan zhong shao	饥焰中烧	1
ji bao	饥饱	1
yu wen yan jian	饫闻厌见	1
chi ling	饬令	1
fan shao	饭勺	1
fan nang	饭囊	1
fan nang yi jia	饭囊衣架	1
fan nang jiu weng	饭囊酒瓮	1
fan nang jiu weng	饭囊酒甕	1
fan keng jiu nang	饭坑酒囊	1
fan piao	饭票	1
fan pu	饭铺	1
fan shi	饭食	1
yin bing nei re	饮冰内热	1
yin bing shi bo	饮冰食檗	1
yin bing shi nie	饮冰食蘖	1
yin dan	饮弹	1
yin dan zi jin	饮弹自尽	1
yin dan shen wang	饮弹身亡	1
yin shui chuo shu	饮水啜菽	1
yin shui si yuan	饮水思源	1
yin shui qu gong	饮水曲肱	1
yin shui qi heng	饮水栖衡	1
yin shui zhi yuan	饮水知源	1
yin shui shi shu	饮水食菽	1
yin quan qing jie	饮泉清节	1
yin hui xi wei	饮灰洗胃	1
yin pian	饮片	1
yin sheng kou	饮牲口	1
yin du shang liu	饮犊上流	1
yin dan chang xue	饮胆尝血	1
yin xue beng xin	饮血崩心	1
yin xue ru mao	饮血茹毛	1
yin gu qi qiu	饮谷栖丘	1
yin lu can feng	饮露餐风	1
yin feng can lu	饮风餐露	1
yin shi ye	饮食业	1
yin shi nan nv	饮食男女	1
yin shi liao fa	饮食疗法	1
yin shi qi ju	饮食起居	1
yin ma chang jiang	饮马长江	1
yin zhen jie ke	饮鸩解渴	1
jian bie	饯别	1
jian xing	饯行	1
shi guai zhuang qi	饰怪装奇	1
shi qing jiao xing	饰情矫行	1
shi zhi jin yu	饰智矜愚	1
shi fei yang guo	饰非养过	1
shi fei yan guo	饰非掩过	1
shi fei wen guo	饰非文过	1
shi fei sui guo	饰非遂过	1
bao ren bu zhi e ren ji	饱人不知饿人饥	1
bao he rong ye	饱和溶液	1
bao huo dian	饱和点	1
bao nuan si yin yu	饱暖思淫欲	1
bao han bu zhi e han ji	饱汉不知饿汉饥	1
bao jing	饱经	1
bao jing feng yu	饱经风雨	1
bao jing feng shuang	饱经风霜	1
bao du	饱读	1
bao shi	饱食	1
bao shi nuan yi	饱食暖衣	1
bao shi zhong ri	饱食终日	1
si yang yuan	饲养员	1
yi han bao sun	饴含抱孙	1
er liao	饵料	1
rao tou	饶头	1
rao you	饶有	1
rao you xing qu	饶有兴趣	1
rao you feng qu	饶有风趣	1
rao she tiao chun	饶舌调唇	1
he le	饸饹	1
bing xie zi	饼屑子	1
bing cheng	饼铛	1
e piao zhen ji	饿殍枕藉	1
e piao zai dao	饿殍载道	1
e piao zai dao	饿莩载道	1
e piao bian ye	饿莩遍野	1
e hu	饿虎	1
e hu tun yang	饿虎吞羊	1
e hu pu yang	饿虎扑羊	1
e hu pu shi	饿虎扑食	1
e hu qin yang	饿虎擒羊	1
hun tun pi er	馄饨皮儿	1
guan yuan	馆员	1
guan suo	馆所	1
chan mao	馋猫	1
liu fen	馏分	1
shou chang	首倡	1
shou fa shi	首发式	1
shou shan zhi qu	首善之区	1
shou shan zhi di	首善之地	1
shou wei	首尾	1
shou wei liang duan	首尾两端	1
shou wei gong ji	首尾共济	1
shou wei xiang wei	首尾相卫	1
shou wei xiang ying	首尾相应	1
shou wei xiang yuan	首尾相援	1
shou wei xiang ji	首尾相继	1
shou wei xiang lian	首尾相连	1
shou e	首恶	1
shou zu yi chu	首足异处	1
shou shen fen li	首身分离	1
shou che	首车	1
shou fei	首飞	1
xiang hui	香会	1
xiang nang	香囊	1
xiang pei yu zhuo	香培玉琢	1
xiang gan	香干	1
xiang gan er	香干儿	1
xiang bin jiu	香槟酒	1
xiang ze	香泽	1
xiang huo bu jue	香火不绝	1
xiang pian	香片	1
xiang du	香肚	1
xiang chou	香臭	1
xiang hua gong yang	香花供养	1
xiang che bao ma	香车宝马	1
ai nv chi nan	騃女痴男	1
ai tong dun fu	騃童钝夫	1
ma shang gong cheng	马上功成	1
ma shang qiang tou	马上墙头	1
ma shang de tian xia	马上得天下	1
ma shang fang zi	马上房子	1
ma shang kan hua	马上看花	1
ma bu jie an	马不解鞍	1
ma zhong guan wu	马中关五	1
ma zai	马仔	1
ma yang ren fan	马仰人翻	1
ma ke si zhu yi	马克思主义	1
ma ke si lie ning zhu yi	马克思列宁主义	1
ma ru hua shan	马入华山	1
ma liu jia	马六甲	1
ma qian zu	马前卒	1
ma bo	马勃	1
ma bo niu sou	马勃牛溲	1
ma le	马勒	1
ma hao	马号	1
ma hou pao	马后炮	1
ma yan che tian	马咽车阗	1
ma juan	马圈	1
ma zhuang ren qiang	马壮人强	1
ma da ha	马大哈	1
ma fu	马夫	1
ma tou	马头	1
ma tou qin	马头琴	1
ma chen bu ji	马尘不及	1
ma ni la ma	马尼拉麻	1
ma yi	马尾	1
ma yi ba	马尾巴	1
ma wei song	马尾松	1
ma wei zao	马尾藻	1
ma wei bian	马尾辫	1
ma niao	马尿	1
ma xi	马戏	1
ma zha	马扎	1
ma la song sai pao	马拉松赛跑	1
ma fang nan shan	马放南山	1
ma xie er ji hua	马歇尔计划	1
ma shui che long	马水车龙	1
ma niu qi feng	马牛其风	1
ma shou mao chang	马瘦毛长	1
ma kong ji bei	马空冀北	1
ma fan ren yang	马翻人仰	1
ma er dong feng	马耳东风	1
ma er chun feng	马耳春风	1
ma jiao wu tou	马角乌头	1
ma jiao wu bai	马角乌白	1
ma he shu	马赫数	1
ma zu che chen	马足车尘	1
ma zu long sha	马足龙沙	1
ma che fu	马车夫	1
ma mian niu tou	马面牛头	1
ma ge sheng shi	马革盛尸	1
ma bian zi	马鞭子	1
ma chi tu zhang	马齿徒长	1
ma long che shui	马龙车水	1
xun hua	驯化	1
chi ming zhong wai	驰名中外	1
chi ming dang shi	驰名当世	1
chi zhi yi wu	驰志伊吾	1
chi feng cheng yu	驰风骋雨	1
chi cheng jiang chang	驰骋疆场	1
chi gao wu yuan	驰高鹜远	1
qu yang zhan lang	驱羊战狼	1
qu yang gong hu	驱羊攻虎	1
qu chong ji	驱虫剂	1
qu po	驱迫	1
qu zhu ling	驱逐令	1
qu xie	驱邪	1
bo dao	驳倒	1
bo ke qiang	驳壳枪	1
bo lun	驳论	1
lv chun bu dui ma zui	驴唇不对马嘴	1
lv chun ma zi	驴唇马觜	1
lv tou bu dui ma zui	驴头不对马嘴	1
lv da gun	驴打滚	1
si bu ji she	驷不及舌	1
si zhi guo pin	驷之过蠙	1
si zhi guo xi	驷之过隙	1
si ma bu zhui	驷马不追	1
si ma yang mo	驷马仰秣	1
si ma mo zhui	驷马莫追	1
si ma xuan che	驷马轩车	1
si ma nan zhui	驷马难追	1
si ma gao gai	驷马高盖	1
si ma gao che	驷马高车	1
ju guang guo xi	驹光过隙	1
ju liu kong gu	驹留空谷	1
ju chi wei luo	驹齿未落	1
zhu tun	驻屯	1
zhu hong que bai	驻红却白	1
zhu yan you shu	驻颜有术	1
nu ma qian dao	驽马铅刀	1
yi zu	驿卒	1
dai bei he fa	骀背鹤发	1
xiao jiang	骁将	1
ma bu jue kou	骂不绝口	1
ma da jie	骂大街	1
ma tian zhou di	骂天咒地	1
ma tian che di	骂天扯地	1
ma ma lie lie	骂骂咧咧	1
jiao yi she yin	骄佚奢淫	1
jiao chi bao yi	骄侈暴佚	1
jiao er si nv	骄儿騃女	1
jiao she yin yi	骄奢淫佚	1
jiao she yin yi	骄奢淫泆	1
jiao heng	骄横	1
jiao tai yin yi	骄泰淫泆	1
jiao jin	骄矜	1
jiao zong	骄纵	1
luo tuo ci	骆驼刺	1
luo yi bu jue	骆驿不绝	1
hai ren wen jian	骇人闻见	1
hai long zou she	骇龙走蛇	1
pian ti	骈体	1
pian xing cuo chu	骈兴错出	1
pian si li liu	骈四俪六	1
pian mu zhi zhi	骈拇枝指	1
pian zhi	骈枝	1
pian zhi li ye	骈枝俪叶	1
pian jian lei zu	骈肩累足	1
pian jian lei zhong	骈肩累踵	1
pian jian lei ji	骈肩累迹	1
pian shou jiu xi	骈首就系	1
cheng shi ben yu	骋嗜奔欲	1
cheng qi ben yu	骋耆奔欲	1
yan fang	验放	1
yan ming zheng shen	验明正身	1
yan cha	验查	1
yan he	验核	1
yan zhao	验照	1
yan kan	验看	1
yan piao	验票	1
yan xue	验血	1
jun gu qian yan	骏骨牵盐	1
qi ji kun yan che	骐骥困盐车	1
qi ji guo xi	骐骥过隙	1
qi shang yang zhou he	骑上扬州鹤	1
qi cheng	骑乘	1
qi she	骑射	1
qi cao bu ji ma	骑曹不记马	1
qi niu du han shu	骑牛读汉书	1
qi feng	骑缝	1
qi feng yin	骑缝印	1
qi feng zhang	骑缝章	1
qi zhe shan duo	骑者善堕	1
qi hu nan xia	骑虎难下	1
qi lv dao duo	骑驴倒堕	1
qi lv yin ba shang	骑驴吟灞上	1
qi lv suo ju	骑驴索句	1
qi lv feng xue zhong	骑驴风雪中	1
qi he shang yang	骑鹤上扬	1
qi he shang yang zhou	骑鹤上扬州	1
qi he shang wei yang	骑鹤上维扬	1
qi long nong feng	骑龙弄凤	1
can feng si xia	骖风驷霞	1
sao ren	骚人	1
sao ren mo shi	骚人墨士	1
sao ren mo ke	骚人墨客	1
sao ren ci ke	骚人词客	1
sao ren yi ke	骚人逸客	1
sao ren ya shi	骚人雅士	1
sao ti	骚体	1
sao ke	骚客	1
sao qing fu gu	骚情赋骨	1
sao qi	骚气	1
sao weng mo ke	骚翁墨客	1
piao yong	骠勇	1
piao qi	骠骑	1
zhou bu ji fang	骤不及防	1
zhou zeng	骤增	1
zhou qi	骤起	1
zhou jiang	骤降	1
zhou yu	骤雨	1
zhou yu bao feng	骤雨暴风	1
zhou yu kuang feng	骤雨狂风	1
zhou feng ji yu	骤风急雨	1
zhou feng bao yu	骤风暴雨	1
ji fu yan che	骥伏盐车	1
ji fu yan che	骥服盐车	1
gu ci	骨刺	1
gu li	骨力	1
gu hua	骨化	1
gu hua xing xiao	骨化形销	1
gu hua feng cheng	骨化风成	1
gu tou jia zi	骨头架子	1
gu zi	骨子	1
gu xue	骨学	1
gu han mao shu	骨寒毛竖	1
gu ku	骨库	1
gu liao	骨料	1
gu duo	骨朵	1
gu duo er	骨朵儿	1
gu shi	骨殖	1
gu hui he	骨灰盒	1
gu tan	骨炭	1
gu pai	骨牌	1
gu lao	骨痨	1
gu shou ru chai	骨瘦如柴	1
gu shou ru chai	骨瘦如豺	1
gu shou xing xiao	骨瘦形销	1
gu lu	骨碌	1
gu lu lu	骨碌碌	1
gu sui bu	骨碎补	1
gu fen	骨粉	1
gu jie he	骨结核	1
gu rou tuan yuan	骨肉团圆	1
gu rou wei han	骨肉未寒	1
gu rou xiang can	骨肉相残	1
gu rou xiang lian	骨肉相连	1
gu rou li san	骨肉离散	1
gu rou zhi qin	骨肉至亲	1
gu jiao	骨胶	1
gu teng rou fei	骨腾肉飞	1
gu mo	骨膜	1
gu jie	骨节	1
gu dong	骨董	1
gu xue	骨血	1
gu zhi	骨质	1
gu ruan jin su	骨软筋酥	1
gu ruan jin ma	骨软筋麻	1
gu ruan rou su	骨软肉酥	1
gu ge ji	骨骼肌	1
gu geng	骨鲠	1
gu geng zhi chen	骨鲠之臣	1
gu geng zai hou	骨鲠在喉	1
tou zi	骰子	1
di zhui	骶椎	1
di gu	骶骨	1
hai gu	骸骨	1
kuan gu	髋骨	1
bin gu	髌骨	1
gao xia ren xin	高下任心	1
gao xia qi shou	高下其手	1
gao bu cou di bu jiu	高不凑低不就	1
gao bu ke pan	高不可攀	1
gao bu ke deng	高不可登	1
gao bu cheng di bu jiu	高不成低不就	1
gao bu cou di bu jiu	高不辏低不就	1
gao ge	高个	1
gao ge er	高个儿	1
gao li shen	高丽参	1
gao li zhi	高丽纸	1
gao ju shen cang	高举深藏	1
gao ju yuan dao	高举远蹈	1
gao yi bo yun	高义薄云	1
gao yi bao yun tian	高义薄云天	1
gao wei zhong lu	高位重禄	1
gao di gang	高低杠	1
gao ao zi da	高傲自大	1
gao ba du	高八度	1
gao guan bo dai	高冠博带	1
gao fen zi gong neng cai liao	高分子功能材料	1
gao fen zi hua he wu	高分子化合物	1
gao fen zi hua gong	高分子化工	1
gao ya dian	高压电	1
gao can	高参	1
gao gou li	高句骊	1
gao ming da xing	高名大姓	1
gao po	高坡	1
gao tang da sha	高堂大厦	1
gao tian hou di	高天厚地	1
gao tou da ma	高头大马	1
gao tou jiang zhang	高头讲章	1
gao xing da ming	高姓大名	1
gao guan zhong lu	高官重禄	1
gao she pao	高射炮	1
gao shan yang zhi	高山仰之	1
gao shan yang zhi	高山仰止	1
gao shan fan ying	高山反应	1
gao shan jun ling	高山峻岭	1
gao shan jing xing	高山景行	1
gao ling tu	高岭土	1
gao ya	高崖	1
gao cha	高差	1
gao shi	高师	1
gao mao zi	高帽子	1
gao du ji	高度计	1
gao qing yuan yi	高情远意	1
gao qing yuan zhi	高情远致	1
gao qing yuan yun	高情远韵	1
gao qing yi xing	高情逸兴	1
gao cai zhuo shi	高才卓识	1
gao cai da xue	高才大学	1
gao cai yuan shi	高才远识	1
gao tiao er	高挑儿	1
gao zhang yuan zhi	高掌远跖	1
gao zhang yuan zhi	高掌远蹠	1
gao xiao neng	高效能	1
gao wen da ce	高文大册	1
gao ming yuan shi	高明远识	1
gao zhi	高枝	1
gao biao hao	高标号	1
gao liang mian	高梁面	1
gao tang	高汤	1
gao shen mo ce	高深莫测	1
gao jue zhong lu	高爵重禄	1
gao ya da dao	高牙大纛	1
gao jia xi	高甲戏	1
gao kan	高看	1
gao zhao	高着	1
gao ni da tan	高睨大谈	1
gao tan gang	高碳钢	1
gao zu fu	高祖父	1
gao kong zuo ye	高空作业	1
gao kong cao	高空槽	1
gao liang mi	高粱米	1
gao jing jian	高精尖	1
gao wei du	高纬度	1
gao chun	高纯	1
gao xiang yuan yin	高翔远引	1
gao er bu wei	高而不危	1
gao yao	高腰	1
gao jie qing feng	高节清风	1
gao xue zhi	高血脂	1
gao jian yuan shi	高见远识	1
gao lun	高论	1
gao shi yuan jian	高识远见	1
gao tan da lun	高谈大论	1
gao tan hong lun	高谈弘论	1
gao tan xu lun	高谈虚论	1
gao tan kuo lun	高谈阔论	1
gao zu di zi	高足弟子	1
gao gen er	高跟儿	1
gao dao yuan ju	高蹈远举	1
gao che si ma	高车驷马	1
gao su gang	高速钢	1
gao e xing yun	高遏行云	1
gao men da wu	高门大屋	1
gao men da hu	高门大户	1
gao nan	高难	1
gao ling	高领	1
gao pin tou	高频头	1
gao feng liang jie	高风亮节	1
gao feng jing jie	高风劲节	1
gao feng jun jie	高风峻节	1
gao fei yuan ju	高飞远举	1
gao fei yuan xiang	高飞远翔	1
gao fei yuan zou	高飞远走	1
gao fei yuan dun	高飞远遁	1
gao fei yuan ji	高飞远集	1
zong shua	鬃刷	1
quan fa	鬈发	1
quan qu	鬈曲	1
bin luan chai heng	鬓乱钗横	1
bin fa	鬓发	1
bin jiao	鬓角	1
yu er mai nv	鬻儿卖女	1
yu wen wei sheng	鬻文为生	1
yu mao yu dun	鬻矛誉楯	1
yu nu qie jia	鬻驽窃价	1
yu ji wei feng	鬻鸡为凤	1
gui shi shen chai	鬼使神差	1
gui ti tou	鬼剃头	1
gui zha lang hao	鬼吒狼嚎	1
gui ku shen hao	鬼哭神号	1
gui tou	鬼头	1
gui tou hua nao	鬼头滑脑	1
gui tou gui nao	鬼头鬼脑	1
gui pa e ren	鬼怕恶人	1
gui da qiang	鬼打墙	1
gui ba xi	鬼把戏	1
gui qi shen hao	鬼泣神号	1
gui kan qi shi	鬼瞰其室	1
gui shen bu ce	鬼神不测	1
gui shen mo ce	鬼神莫测	1
gui yu ji liang	鬼蜮伎俩	1
gui jian chou	鬼见愁	1
gui mei ji liang	鬼魅伎俩	1
kui bei ke	魁北克	1
kui wu qi wei	魁梧奇伟	1
hun bu shou zhai	魂不守宅	1
hun bu shou she	魂不守舍	1
hun bu zhuo ti	魂不着体	1
hun bu zhuo ti	魂不著体	1
hun bu fu ti	魂不负体	1
hun bu fu ti	魂不赴体	1
hun bu fu ti	魂不附体	1
hun sang shen duo	魂丧神夺	1
hun wang dan luo	魂亡胆落	1
hun wang po shi	魂亡魄失	1
hun jing dan luo	魂惊胆落	1
hun jing dan chan	魂惊胆颤	1
hun jing po luo	魂惊魄落	1
hun she se ju	魂慑色沮	1
hun she se ju	魂慴色沮	1
hun xiao dan sang	魂消胆丧	1
hun xiao po sang	魂消魄丧	1
hun hao po sang	魂耗魄丧	1
hun dian meng dao	魂颠梦倒	1
hun piao po san	魂飘魄散	1
hun fei shen sang	魂飞神丧	1
hun fei dan sang	魂飞胆丧	1
hun fei dan luo	魂飞胆落	1
hun fei dan lie	魂飞胆裂	1
hun fei dan chan	魂飞胆颤	1
hun fei po sang	魂飞魄丧	1
hun fei po san	魂飞魄散	1
po san hun xiao	魄散魂消	1
po san hun piao	魄散魂飘	1
po san hun fei	魄散魂飞	1
po xiao hun san	魄消魂散	1
xu feng zhou yu	魆风骤雨	1
wei que	魏阙	1
wei ke jie cao	魏颗结草	1
wei que wu zhi	魏鹊无枝	1
mo jiao	魔教	1
mo zhao	魔爪	1
mo gao yi zhang	魔高一丈	1
yu yu xiong zhang	鱼与熊掌	1
yu li yu liu	鱼丽于罶	1
yu shu yan xin	鱼书雁信	1
yu shu yan tie	鱼书雁帖	1
yu chuan chi su	鱼传尺素	1
yu ci	鱼刺	1
yu xian niao cuan	鱼县鸟窜	1
yu cha	鱼叉	1
yu da shui xiao	鱼大水小	1
yu feng yan tie	鱼封雁帖	1
yu wei	鱼尾	1
yu wei wen	鱼尾纹	1
yu wei yan xing	鱼尾雁行	1
yu jing niao san	鱼惊鸟散	1
yu shui he xie	鱼水和谐	1
yu shui xiang tou	鱼水相投	1
yu shui xiang huan	鱼水相欢	1
yu tang	鱼汤	1
yu chen yan luo	鱼沉雁落	1
yu you hao shang	鱼游濠上	1
yu you zhuo fu	鱼游燋釜	1
yu you fu zhong	鱼游釜中	1
yu you fu nei	鱼游釜内	1
yu you fu di	鱼游釜底	1
yu kui niao san	鱼溃鸟散	1
yu kui niao li	鱼溃鸟离	1
yu piao	鱼漂	1
yu lan qu wang	鱼烂取亡	1
yu lan wa jie	鱼烂瓦解	1
yu lan er wang	鱼烂而亡	1
yu pian er	鱼片儿	1
yu sheng kong fu	鱼生空釜	1
yu mu hun zhen	鱼目混珍	1
yu mu hun zhen	鱼目混珎	1
yu mu hun zhu	鱼目混珠	1
yu mu jian zhu	鱼目间珠	1
yu shi zhi	鱼石脂	1
yu zhong	鱼种	1
yu mi zhi di	鱼米之地	1
yu du	鱼肚	1
yu du bai	鱼肚白	1
yu chang chi su	鱼肠尺素	1
yu guan er xing	鱼贯而行	1
yu guan yan xing	鱼贯雁行	1
yu xian	鱼鲜	1
yu long bian hua	鱼龙变化	1
lu jin yan xue	鲁斤燕削	1
lu mang mie lie	鲁莽灭裂	1
fang yu cheng wei	鲂鱼赪尾	1
nian yu shang zhu	鲇鱼上竹	1
nian yu shang zhu gan	鲇鱼上竹竿	1
nian yu shang gan	鲇鱼上竿	1
bao zi zhi wo	鲍子知我	1
gui yu	鲑鱼	1
xian li	鲜丽	1
xian bei	鲜卑	1
xian wei	鲜味	1
xian pi	鲜啤	1
xian yan	鲜妍	1
xian lian gua chi	鲜廉寡耻	1
xian run	鲜润	1
xian ling	鲜灵	1
xian tian	鲜甜	1
xian mei liang yan	鲜眉亮眼	1
xian lv	鲜绿	1
xian rou	鲜肉	1
xian yan duo mu	鲜艳夺目	1
xian yan yan	鲜艳艳	1
xian xue lin li	鲜血淋漓	1
xian yi nu ma	鲜衣怒马	1
xian yi mei shi	鲜衣美食	1
xian yi liang ma	鲜衣良马	1
xian jian	鲜见	1
xian huo	鲜货	1
xian beng huo tiao	鲜蹦活跳	1
xian che jian ma	鲜车健马	1
xian che nu ma	鲜车怒马	1
xian shi	鲜食	1
xian yu	鲜鱼	1
li yu tiao long men	鲤鱼跳龙门	1
jing tun can shi	鲸吞蚕食	1
jing tun she shi	鲸吞蛇噬	1
die li jian bei	鲽离鹣背	1
huang yu	鳇鱼	1
bian yu	鳊鱼	1
ao tou	鳌头	1
ao tou du zhan	鳌头独占	1
ao ming bie ying	鳌鸣鳖应	1
guan fu	鳏夫	1
lin ci xiang bi	鳞次相比	1
lin zhao	鳞爪	1
lin ji yang liu	鳞集仰流	1
ti jue diao hui	鶗鴂雕卉	1
niao luan	鸟乱	1
niao shi	鸟事	1
niao ru fan long	鸟入樊笼	1
niao shou san	鸟兽散	1
niao ti hua luo	鸟啼花落	1
niao jin gong cang	鸟尽弓藏	1
niao de gong cang	鸟得弓藏	1
niao jing yu san	鸟惊鱼散	1
niao jing yu kui	鸟惊鱼溃	1
niao san yu kui	鸟散鱼溃	1
niao qiang huan pao	鸟枪换炮	1
niao long	鸟笼	1
niao yu hua xiang	鸟语花香	1
niao dao yang chang	鸟道羊肠	1
diao nao	鸟闹	1
niao que	鸟雀	1
jiu zhan que chao	鸠占鹊巢	1
jiu wei	鸠尾	1
jiu che zhu ma	鸠车竹马	1
ji ding	鸡丁	1
ji bu ji feng	鸡不及凤	1
ji zheng e dou	鸡争鹅斗	1
ji gong che	鸡公车	1
ji nei jin	鸡内金	1
ji guan	鸡冠	1
ji guan zi	鸡冠子	1
ji sheng e dou	鸡声鹅斗	1
ji tou	鸡头	1
ji tou yu ci	鸡头鱼刺	1
ji shi niu cong	鸡尸牛从	1
ji wei jiu hui	鸡尾酒会	1
ji qi feng chao	鸡栖凤巢	1
ji mao xin	鸡毛信	1
ji mao zhou	鸡毛帚	1
ji mao dan zi	鸡毛掸子	1
ji mao cai	鸡毛菜	1
ji zhua zi	鸡爪子	1
ji quan bu ning	鸡犬不宁	1
ji quan bu an	鸡犬不安	1
ji quan bu jing	鸡犬不惊	1
ji quan bu liu	鸡犬不留	1
ji quan bu wen	鸡犬不闻	1
ji quan xiang wen	鸡犬相闻	1
ji pi he fa	鸡皮鹤发	1
ji long	鸡笼	1
ji chang gou du	鸡肠狗肚	1
ji fu he fa	鸡肤鹤发	1
ji xiong gui bei	鸡胸龟背	1
ji chong de sang	鸡虫得丧	1
ji chong de shi	鸡虫得失	1
ji dan li zhao gu tou	鸡蛋里找骨头	1
ji xie shi	鸡血石	1
ji xue teng	鸡血藤	1
ji fei gou tiao	鸡飞狗跳	1
ji fei dan da	鸡飞蛋打	1
ji gu zhi chuang	鸡骨支床	1
ji wu zheng shi	鸡鹜争食	1
ji wu xiang zheng	鸡鹜相争	1
yuan wei	鸢尾	1
yuan jian hu jing	鸢肩鹄颈	1
ming bu ping	鸣不平	1
ming feng zhao yang	鸣凤朝阳	1
ming pao	鸣炮	1
ming ye shi ping	鸣野食苹	1
ming zhong shi ding	鸣钟食鼎	1
ming luo he dao	鸣锣喝道	1
ming he zhi ying	鸣鹤之应	1
ou shui xiang yi	鸥水相依	1
ya mei que jing	鸦没鹊静	1
ya que wu sheng	鸦雀无声	1
ya que wu wen	鸦雀无闻	1
ya fei que luan	鸦飞雀乱	1
ya mo que jing	鸦默雀静	1
zhen du	鸩毒	1
ya bu e xing	鸭步鹅行	1
ya rong bei	鸭绒被	1
ya lu jiang	鸭绿江	1
ya rou	鸭肉	1
ya zhun	鸭肫	1
ya xing e bu	鸭行鹅步	1
xiao ming shu bao	鸮鸣鼠暴	1
chi wei	鸱尾	1
chi xiao nong she	鸱鸮弄舌	1
ge zi long	鸽子笼	1
ge long	鸽笼	1
luan ting hu zhi	鸾停鹄峙	1
luan feng fen fei	鸾凤分飞	1
luan feng he ming	鸾凤和鸣	1
luan fen feng li	鸾分凤离	1
luan zhi feng dan	鸾只凤单	1
luan gu feng zhi	鸾孤凤只	1
luan piao feng bo	鸾漂凤泊	1
luan qi hong jing	鸾跂鸿惊	1
luan yin he xin	鸾音鹤信	1
luan dian feng dao	鸾颠凤倒	1
luan piao feng bo	鸾飘凤泊	1
luan hu ting zhi	鸾鹄停峙	1
hong ye yuan tu	鸿业远图	1
hong ru shuo xue	鸿儒硕学	1
hong shang fu gu	鸿商富贾	1
hong tu hua gou	鸿图华构	1
hong an xiang zhuang	鸿案相庄	1
hong an lu che	鸿案鹿车	1
hong ni xue zhao	鸿泥雪爪	1
hong jian zhi yi	鸿渐之仪	1
hong jian zhi yi	鸿渐之翼	1
hong jian yu gan	鸿渐于干	1
hong zhao	鸿爪	1
hong zhao chun ni	鸿爪春泥	1
hong zhao liu ni	鸿爪留泥	1
hong zhao xue ni	鸿爪雪泥	1
hong bi li zao	鸿笔丽藻	1
hong pian ju zhe	鸿篇巨着	1
hong pian ju zhu	鸿篇巨著	1
hong meng	鸿蒙	1
hong meng chu pi	鸿蒙初辟	1
hong yi yu chang	鸿衣羽裳	1
hong dou mai di	鸿都买第	1
hong yin feng fu	鸿隐凤伏	1
hong fei xue zhao	鸿飞雪爪	1
hong fei shuang jiang	鸿飞霜降	1
hong hu jiang zhi	鸿鹄将至	1
hu zhi luan ting	鹄峙鸾停	1
hu zhi luan xiang	鹄峙鸾翔	1
gu di	鹄的	1
e bu shi cao	鹅不食草	1
e luan shi	鹅卵石	1
e zhang feng	鹅掌风	1
e mao da xue	鹅毛大雪	1
e mao shan	鹅毛扇	1
e hu zhi hui	鹅湖之会	1
e wang ze ru	鹅王择乳	1
e dan	鹅蛋	1
e xing ya bu	鹅行鸭步	1
que chao jiu zhan	鹊巢鸠占	1
que chao jiu ju	鹊巢鸠据	1
peng cheng wan li	鹏程万里	1
peng xiao wan li	鹏霄万里	1
chun ju kou shi	鹑居鷇食	1
chun yi bai jie	鹑衣百结	1
chun yi kou shi	鹑衣鷇食	1
he fa song zi	鹤发松姿	1
he fa tong yan	鹤发童颜	1
he fa ji pi	鹤发鸡皮	1
he li hua ting	鹤唳华亭	1
he li feng sheng	鹤唳风声	1
he chu ji qun	鹤处鸡群	1
he zi mei qi	鹤子梅妻	1
he gui hua biao	鹤归华表	1
he zhi ye ban	鹤知夜半	1
he duan fu chang	鹤短凫长	1
he bei yang zhou	鹤背扬州	1
he xing ji qun	鹤行鸡群	1
he chang fu duan	鹤长凫短	1
he gu song zi	鹤骨松姿	1
he gu song jin	鹤骨松筋	1
he gu shuang ran	鹤骨霜髯	1
he gu ji fu	鹤骨鸡肤	1
he gu long jin	鹤骨龙筋	1
he ming jiu gao	鹤鸣九皋	1
ying wu xue yu	鹦鹉学语	1
jiao liao yi zhi	鹪鹩一枝	1
yu bang xiang zheng	鹬蚌相争	1
yu bang xiang wei	鹬蚌相危	1
yu bang xiang chi	鹬蚌相持	1
yu bang xiang dou	鹬蚌相斗	1
lu xu yuan xing	鹭序鸳行	1
lu xu yuan xing	鹭序鹓行	1
lu yue ou meng	鹭约鸥盟	1
ying ji chang kong	鹰击长空	1
ying tou que nao	鹰头雀脑	1
ying xin yan zhao	鹰心雁爪	1
ying na yan que	鹰拿燕雀	1
ying zhi lang shi	鹰挚狼食	1
ying cuo ting ji	鹰撮霆击	1
ying zhao	鹰爪	1
ying zhua zi	鹰爪子	1
ying quan sai tu	鹰犬塞途	1
ying qu hu wang	鹰觑鹘望	1
lu wei	鹿尾	1
lu si bu ze yin	鹿死不择荫	1
lu si bu ze yin	鹿死不择音	1
lu si shei shou	鹿死谁手	1
lu qiu bu wan	鹿裘不完	1
lu jiao shuang	鹿角霜	1
lu zou su tai	鹿走苏台	1
lu che gong wan	鹿车共挽	1
lu xun shi bao	鹿驯豕暴	1
qun zhi ta lai	麇至沓来	1
jun hai zhi fu	麇骇雉伏	1
zhu wei zhi hui	麈尾之诲	1
lin feng gui long	麟凤龟龙	1
lin jiao feng zui	麟角凤嘴	1
lin jiao feng mao	麟角凤毛	1
lin jiao feng zui	麟角凤觜	1
lin jiao feng ju	麟角凤距	1
lin jiao hu chi	麟角虎翅	1
mai duo	麦垛	1
mai ke	麦客	1
mai qi de li wu	麦琪的礼物	1
mai gan er	麦秆儿	1
mai zhou	麦粥	1
mai cha er	麦茬儿	1
mai e	麦蛾	1
mai jiao	麦角	1
mai fan shi	麦饭石	1
fu zi	麸子	1
ma mu bu ren	麻木不仁	1
ma bi bu ren	麻痹不仁	1
ma bi da yi	麻痹大意	1
ma bi bu ren	麻痺不仁	1
ma gan er	麻秆儿	1
ma dai pian er	麻袋片儿	1
huang le	黄了	1
huang guan cao lv	黄冠草履	1
huang guan cao fu	黄冠草服	1
huang guan ye fu	黄冠野服	1
huang juan you fu	黄卷幼妇	1
huang juan qing deng	黄卷青灯	1
huang fa er chi	黄发儿齿	1
huang fa tai bei	黄发台背	1
huang fa chui tiao	黄发垂髫	1
huang fa dai bei	黄发骀背	1
huang fa tai bei	黄发鲐背	1
huang tai zhi gua	黄台之瓜	1
huang pu gang	黄埔港	1
huang gan hei sou	黄干黑廋	1
huang liang yi meng	黄梁一梦	1
huang mao ya tou	黄毛丫头	1
huang tang dan shui	黄汤淡水	1
huang tang la shui	黄汤辣水	1
huang ni	黄泥	1
huang deng	黄灯	1
huang ju	黄疽	1
huang pi shu	黄皮书	1
huang yang	黄羊	1
huang er chuan shu	黄耳传书	1
huang hua wan jie	黄花晚节	1
huang pao jia ti	黄袍加体	1
huang lian su	黄连素	1
huang jin di dai	黄金地带	1
huang jin shi jian	黄金时间	1
huang zhong da lv	黄钟大吕	1
huang zhong wa fu	黄钟瓦釜	1
huang zhong chang qi	黄钟长弃	1
huang zhong wa fou	黄锺瓦缶	1
huang pi	黄陂	1
huang que	黄雀	1
huang que si chan	黄雀伺蝉	1
huang que zai hou	黄雀在后	1
huang que xian huan	黄雀衔环	1
huang feng wu zhao	黄风雾罩	1
huang biao ma	黄骠马	1
huang ma zi ni	黄麻紫泥	1
nian he ji	黏合剂	1
nian lin jiao rao	黏吝缴绕	1
nian du	黏度	1
nian pi dai gu	黏皮带骨	1
nian pi zhuo gu	黏皮着骨	1
nian zhuo	黏着	1
nian hu	黏糊	1
nian jie	黏结	1
nian nian hu hu	黏黏糊糊	1
hei bu liu qiu	黑不溜秋	1
hei yun ya cheng cheng yu cui	黑云压城城欲摧	1
hei jia bai ri	黑价白日	1
hei ti zi	黑体字	1
hei xin	黑信	1
hei xia zi	黑匣子	1
hei gu long dong	黑咕隆咚	1
hei pi jiu	黑啤酒	1
hei di	黑地	1
hei di hun tian	黑地昏天	1
hei tian mo di	黑天墨地	1
hei tian mo di	黑天摸地	1
hei jia bai ri	黑家白日	1
hei di	黑底	1
hei geng ban ye	黑更半夜	1
hei cai liao	黑材料	1
hei ban ca	黑板擦	1
hei liu liu	黑溜溜	1
hei qi pi deng long	黑漆皮灯笼	1
hei shou	黑瘦	1
hei bai fen ming	黑白分明	1
hei bai hun xiao	黑白混淆	1
hei bai pian	黑白片	1
hei bai xiang jian	黑白相间	1
hei zhong	黑种	1
hei zhong ren	黑种人	1
hei wo	黑窝	1
hei wo dian	黑窝点	1
hei hu hu	黑糊糊	1
hei hong	黑红	1
hei se jin shu	黑色金属	1
hei meng meng	黑蒙蒙	1
hei she	黑蛇	1
hei yan kuang yu	黑言诳语	1
hei qian	黑铅	1
hei tao wen hua	黑陶文化	1
hei yu	黑雨	1
hei mian	黑面	1
hei mian bao	黑面包	1
hei feng	黑风	1
hei feng nie hai	黑风孽海	1
qian nan	黔南	1
mo bu zuo sheng	默不作声	1
mo hua qian yi	默化潜移	1
mo qi shen hui	默契神会	1
mo pian	默片	1
mo er shi zhi	默而识之	1
mo du	默读	1
mo zhuan qian yi	默转潜移	1
dai lv	黛绿	1
chu yi suo shi	黜衣缩食	1
chu xie chong zheng	黜邪崇正	1
fu guo fu jia	黼国黻家	1
fu bu fu ji	黼蔀黻纪	1
min mian	黾勉	1
meng xue qu chao	黾穴鸲巢	1
yuan ming bie ying	鼋鸣鳖应	1
ding fen san zu	鼎分三足	1
ding zhi	鼎峙	1
ding she fu su	鼎折覆餗	1
ding she su fu	鼎折餗覆	1
ding yu gui fu	鼎玉龟符	1
ding zu san fen	鼎足三分	1
ding cheng you er	鼎铛有耳	1
ding cheng yu shi	鼎铛玉石	1
ding shi zhong ming	鼎食钟鸣	1
ding shi ming zhong	鼎食鸣钟	1
ding shi ming zhong	鼎食鸣锺	1
ding yu mu yan	鼎鱼幕燕	1
ding ding da ming	鼎鼎大名	1
ding ding you ming	鼎鼎有名	1
ding nai tiao he	鼎鼐调和	1
gu yue	鼓乐	1
gu yue xuan tian	鼓乐喧天	1
gu yue qi ming	鼓乐齐鸣	1
gu jin	鼓劲	1
gu wen fen zhao	鼓吻奋爪	1
gu wen nong she	鼓吻弄舌	1
gu chun za she	鼓唇咋舌	1
gu chun nong she	鼓唇弄舌	1
gu nang nang	鼓囊囊	1
gu nong	鼓弄	1
gu qi xiang dang	鼓旗相当	1
gu jing bao yan	鼓睛暴眼	1
gu nao zheng tou	鼓脑争头	1
gu fu han he	鼓腹含和	1
gu shuai li jin	鼓衰力尽	1
gu jiao	鼓角	1
gu jiao qi ming	鼓角齐鸣	1
gu feng	鼓风	1
gu feng ji	鼓风机	1
gu feng lu	鼓风炉	1
gu gu nang nang	鼓鼓囊囊	1
shu ru niu jiao	鼠入牛角	1
shu hai	鼠害	1
shu ya que jiao	鼠牙雀角	1
shu mu zhang tou	鼠目獐头	1
shu mu zhang tou	鼠目麞头	1
shu xue xun yang	鼠穴寻羊	1
shu cuan lang ben	鼠窜狼奔	1
shu lei	鼠类	1
shu du ji chang	鼠肚鸡肠	1
shu gan chong bi	鼠肝虫臂	1
shu bi ji gan	鼠臂虮肝	1
shu que zhi ya	鼠雀之牙	1
shu que zhi bei	鼠雀之辈	1
xi fu jiao zhi	鼷腹鹪枝	1
bi zhong ge	鼻中隔	1
bi yan ai	鼻咽癌	1
bi se	鼻塞	1
bi tou	鼻头	1
bi tou chu huo	鼻头出火	1
bi kong liao tian	鼻孔撩天	1
bi kong chao tian	鼻孔朝天	1
bi ti chong	鼻涕虫	1
qi dong ye yu	齐东野语	1
qi ren	齐人	1
qi ren jue jin	齐人攫金	1
qi shua shua	齐刷刷	1
qi fa	齐发	1
qi ming bing jia	齐名并价	1
qi chang	齐唱	1
qi da fei ou	齐大非偶	1
qi da fei ou	齐大非耦	1
qi tian	齐天	1
qi tian da sheng	齐天大圣	1
qi tian hong fu	齐天洪福	1
qi tou	齐头	1
qi tou bing jin	齐头并进	1
qi zou	齐奏	1
qi jia	齐家	1
qi jia zhi guo	齐家治国	1
qi she	齐射	1
qi xin yi li	齐心一力	1
qi xin bing li	齐心併力	1
qi xin he li	齐心合力	1
qi xin tong li	齐心同力	1
qi xin bing li	齐心并力	1
qi xin lu li	齐心戮力	1
qi xin di lv	齐心涤虑	1
qi zhua gong guan	齐抓共管	1
qi fang	齐放	1
qi zheng	齐整	1
qi ming	齐明	1
qi chu	齐楚	1
qi bu	齐步	1
qi bu zou	齐步走	1
qi yan jiu dian	齐烟九点	1
qi wang she niu	齐王舍牛	1
qi mei	齐眉	1
qi mei ju an	齐眉举案	1
qi wan lu gao	齐纨鲁缟	1
qi jian	齐肩	1
qi xing	齐行	1
qi qu bing jia	齐趋并驾	1
qi zu bing qu	齐足并驱	1
qi gui lian pei	齐轨连辔	1
qi liang deng guan	齐量等观	1
qi biao bing qu	齐镳并驱	1
qi ji	齐集	1
qi qu bing jin	齐驱并进	1
qi qu bing jia	齐驱并驾	1
qi qu bing zhou	齐驱并骤	1
qi qi zheng zheng	齐齐整整	1
ji shen fen gu	齑身粉骨	1
chi wang she cun	齿亡舌存	1
chi guan	齿冠	1
chi wei fa xiu	齿危发秀	1
chi ru qi bei	齿如齐贝	1
chi shao xin rui	齿少心锐	1
chi shao qi rui	齿少气锐	1
chi tiao	齿条	1
chi ya wei hua	齿牙为猾	1
chi ya wei huo	齿牙为祸	1
chi ya yu lun	齿牙余论	1
chi ya yu lun	齿牙馀论	1
chi gan cheng fei	齿甘乘肥	1
chi bai chun hong	齿白唇红	1
chi ruo bian bei	齿若编贝	1
chi luo she dun	齿落舌钝	1
chi huo tou tong	齿豁头童	1
chi guo jian sui	齿过肩随	1
chi yin	齿龈	1
ju yu bu he	龃龉不合	1
zi ya	龇牙	1
zi ya lie zui	龇牙咧嘴	1
zi ya lie zui	龇牙裂嘴	1
yin chi dan she	龈齿弹舌	1
yin yin ji jiao	龈龈计较	1
long ju yun xing	龙举云兴	1
long ju yun shu	龙举云属	1
long zheng hu dou	龙争虎斗	1
long ti	龙体	1
long xing yun shu	龙兴云属	1
long xing feng ju	龙兴凤举	1
long feng cheng yang	龙凤呈样	1
long hua hu bian	龙化虎变	1
long juan	龙卷	1
long kou duo shi	龙口夺食	1
long tou she wei	龙头蛇尾	1
long tou ju jiao	龙头锯角	1
long zi feng cai	龙姿凤采	1
long wei yan han	龙威燕颔	1
long qu she shen	龙屈蛇伸	1
long shan wen hua	龙山文化	1
long yu shang bin	龙御上宾	1
long na hu tiao	龙拏虎跳	1
long duan ke deng	龙断可登	1
long bai	龙柏	1
long lou feng que	龙楼凤阙	1
long you qu zhao	龙游曲沼	1
long qian feng cai	龙潜凤采	1
long zhao huai	龙爪槐	1
long wang miao	龙王庙	1
long wang ye	龙王爷	1
long sheng jiu zhong	龙生九种	1
long mei bao jing	龙眉豹颈	1
long zhang xiu gu	龙章秀骨	1
long zhang lin jiao	龙章麟角	1
long huang man dian	龙荒蛮甸	1
long hu dou	龙虎斗	1
long hu bang	龙虎榜	1
long hu feng yun	龙虎风云	1
long she hun za	龙蛇混杂	1
long she fei dong	龙蛇飞动	1
long she fei wu	龙蛇飞舞	1
long pan qiu jie	龙蟠虬结	1
long xue feng sui	龙血凤髓	1
long xue xuan huang	龙血玄黄	1
long xing hu bian	龙行虎变	1
long xing hu bu	龙行虎步	1
long yan feng yu	龙言凤语	1
long yue hong jiao	龙跃鸿矫	1
long tiao hu fu	龙跳虎伏	1
long tiao hu wo	龙跳虎卧	1
long men bao	龙门刨	1
long chu feng zhong	龙雏凤种	1
long diao feng ju	龙雕凤咀	1
long fei hu tiao	龙飞虎跳	1
long fei feng wu	龙飞风舞	1
long yu shang bin	龙驭上宾	1
long xiang feng jiao	龙骧凤矫	1
long gui she shen	龙鬼蛇神	1
gong xing tian fa	龚行天罚	1
qiu ci	龟兹	1
gui leng zhi chuang	龟冷搘床	1
gui leng zhi chuang	龟冷支床	1
gui yan bu gao	龟厌不告	1
gui nian he shou	龟年鹤寿	1
gui nian he suan	龟年鹤算	1
gui wen niao ji	龟文鸟迹	1
gui ban	龟板	1
gui mao tu jiao	龟毛兔角	1
gui yu hui du	龟玉毁椟	1
gui jia	龟甲	1
gui suo	龟缩	1
gui bei	龟背	1
jun lie	龟裂	1
gui jian	龟鉴	1
gui he xia shou	龟鹤遐寿	1
gui he xia ling	龟鹤遐龄	1
gui ling he suan	龟龄鹤算	1
gui long pian jia	龟龙片甲	1
gui long lin feng	龟龙鳞凤	1
gui long lin feng	龟龙麟凤	1
