# Generated geographic names; source, snapshot and licenses: geography/manifest.json.
ding qing	丁青	80
ding qing xian	丁青县	80
qi tai he	七台河	250
qi tai he shi	七台河市	250
qi tai he shi xin xing qu	七台河市新兴区	80
qi du	七堵	80
qi du qu	七堵区	80
qi xing	七星	80
qi xing guan	七星关	80
qi xing guan qu	七星关区	80
qi xing qu	七星区	80
qi gu	七股	80
qi gu qu	七股区	80
qi li he	七里河	80
qi li he qu	七里河区	80
wan quan	万全	80
wan quan qu	万全区	80
wan hua	万华	80
wan hua qu	万华区	80
wan ning	万宁	80
wan ning shi	万宁市	80
wan an	万安	80
wan an xian	万安县	80
wan shan	万山	80
wan shan qu	万山区	80
wan zhou	万州	80
wan zhou qu	万州区	80
wan nian	万年	80
wan nian xian	万年县	80
wan bai	万柏	80
wan bo lin qu	万柏林区	80
wan yuan	万源	80
wan yuan shi	万源市	80
wan xiu	万秀	80
wan xiu qu	万秀区	80
wan rong	万荣	80
wan rong xian	万荣县	80
wan zai	万载	80
wan zai xian	万载县	80
wan li	万里	80
wan li qu	万里区	80
san ya	三亚	250
san ya shi	三亚市	250
san yuan	三元	80
san yuan qu	三元区	80
san yuan	三原	80
san yuan xian	三原县	80
san tai	三台	80
san tai xian	三台县	80
san xia	三峡	80
san xia qu	三峡区	80
san ming	三明	250
san ming shi	三明市	250
san min	三民	80
san min qu	三民区	80
san shui	三水	80
san shui qu	三水区	80
san jiang	三江	80
san jiang dong zu zi zhi xian	三江侗族自治县	80
san sha	三沙	250
san sha shi	三沙市	250
san sha shi nan sha qu	三沙市南沙区	80
san he	三河	80
san he shi	三河市	80
san sui	三穗	80
san sui xian	三穗县	80
san zhi	三芝	80
san zhi qu	三芝区	80
san dou	三都	80
san dou shui zu zi zhi xian	三都水族自治县	80
san chong	三重	80
san chong qu	三重区	80
san men	三门	80
san men xian	三门县	80
san men xia	三门峡	250
san men xia shi	三门峡市	250
shang dang	上党	80
shang dang qu	上党区	80
shang cheng	上城	80
shang cheng qu	上城区	80
shang si	上思	80
shang si xian	上思县	80
shang hang	上杭	80
shang hang xian	上杭县	80
shang lin	上林	80
shang lin xian	上林县	80
shang li	上栗	80
shang li xian	上栗县	80
shang hai	上海	500
shang hai shi	上海市	500
shang hai shi bao shan qu	上海市宝山区	80
shang hai shi pu tuo qu	上海市普陀区	80
shang hai shi jin shan qu	上海市金山区	80
shang you	上犹	80
shang you xian	上犹县	80
shang cai	上蔡	80
shang cai xian	上蔡县	80
shang yu	上虞	80
shang yu qu	上虞区	80
shang jie	上街	80
shang jie qu	上街区	80
shang rao	上饶	250
shang rao shi	上饶市	250
shang gao	上高	80
shang gao xian	上高县	80
xia hua yuan	下花园	80
xia hua yuan qu	下花园区	80
xia ying	下营	80
xia ying qu	下营区	80
xia lu	下陆	80
xia lu qu	下陆区	80
qie mo	且末	80
qie mo xian	且末县	80
qiu bei	丘北	80
qiu bei xian	丘北县	80
cong tai	丛台	80
cong tai qu	丛台区	80
dong feng	东丰	80
dong feng xian	东丰县	80
dong li	东丽	80
dong li qu	东丽区	80
dong wu zhu mu qin	东乌珠穆沁	80
dong wu zhu mu qin qi	东乌珠穆沁旗	80
dong xiang	东乡	80
dong xiang qu	东乡区	80
dong xiang zu zi zhi xian	东乡族自治县	80
dong guang	东光	80
dong guang xian	东光县	80
dong lan	东兰	80
dong lan xian	东兰县	80
dong xing	东兴	80
dong xing qu	东兴区	80
dong xing shi	东兴市	80
dong shi	东势	80
dong shi qu	东势区	80
dong qu	东区	80
dong tai	东台	80
dong tai shi	东台市	80
dong po	东坡	80
dong po qu	东坡区	80
dong cheng	东城	80
dong cheng qu	东城区	80
dong ning	东宁	80
dong ning shi	东宁市	80
dong an	东安	80
dong an qu	东安区	80
dong an xian	东安县	80
dong bao	东宝	80
dong bao qu	东宝区	80
dong shan	东山	80
dong shan qu	东山区	80
dong shan xian	东山县	80
dong chuan	东川	80
dong chuan qu	东川区	80
dong ping	东平	80
dong ping xian	东平县	80
dong fang	东方	80
dong fang shi	东方市	80
dong chang	东昌	80
dong chang qu	东昌区	80
dong chang fu	东昌府	80
dong chang fu qu	东昌府区	80
dong ming	东明	80
dong ming xian	东明县	80
dong he	东河	80
dong he qu	东河区	80
dong zhou	东洲	80
dong zhou qu	东洲区	80
dong hai	东海	80
dong hai xian	东海县	80
dong gang	东港	80
dong gang qu	东港区	80
dong gang shi	东港市	80
dong hu	东湖	80
dong hu qu	东湖区	80
dong yuan	东源	80
dong yuan xian	东源县	80
dong sheng	东胜	80
dong sheng qu	东胜区	80
dong zhi	东至	80
dong zhi xian	东至县	80
dong guan	东莞	250
dong guan shi	东莞市	250
dong ying	东营	250
dong ying qu	东营区	80
dong ying shi	东营市	250
dong xi hu	东西湖	80
dong xi hu qu	东西湖区	80
dong liao	东辽	80
dong liao xian	东辽县	80
dong yang	东阳	80
dong yang shi	东阳市	80
dong e	东阿	80
dong e xian	东阿县	80
dong feng	东风	80
dong feng qu	东风区	80
liang dang	两当	80
liang dang xian	两当县	80
liang jiang	两江	80
liang jiang xin qu	两江新区	80
ge jiu	个旧	80
ge jiu shi	个旧市	80
zhong qu	中区	80
zhong wei	中卫	250
zhong wei shi	中卫市	250
zhong yuan	中原	80
zhong yuan qu	中原区	80
zhong he	中和	80
zhong he qu	中和区	80
zhong li	中坜	80
zhong li qu	中坜区	80
zhong ning	中宁	80
zhong ning xian	中宁县	80
zhong shan	中山	250
zhong shan qu	中山区	80
zhong shan shi	中山市	250
zhong fang	中方	80
zhong fang xian	中方县	80
zhong zheng	中正	80
zhong zheng qu	中正区	80
zhong jiang	中江	80
zhong jiang xian	中江县	80
zhong mou	中牟	80
zhong mou xian	中牟县	80
zhong zhan	中站	80
zhong zhan qu	中站区	80
zhong xi	中西	80
zhong xi qu	中西区	80
zhong xi qu	中西區	80
zhong yang	中阳	80
zhong yang xian	中阳县	80
feng nan	丰南	80
feng nan qu	丰南区	80
feng yuan	丰原	80
feng yuan qu	丰原区	80
feng xian	丰县	80
feng tai	丰台	80
feng tai qu	丰台区	80
feng cheng	丰城	80
feng cheng shi	丰城市	80
feng ning	丰宁	80
feng ning man zu zi zhi xian	丰宁满族自治县	80
feng lin	丰林	80
feng lin xian	丰林县	80
feng ze	丰泽	80
feng ze qu	丰泽区	80
feng run	丰润	80
feng run qu	丰润区	80
feng man	丰满	80
feng man qu	丰满区	80
feng dou	丰都	80
feng dou xian	丰都县	80
feng zhen	丰镇	80
feng zhen shi	丰镇市	80
feng shun	丰顺	80
feng shun xian	丰顺县	80
lin xian	临县	80
lin cheng	临城	80
lin cheng xian	临城县	80
lin xia	临夏	250
lin xia xian	临夏县	80
lin xia hui zu zi zhi zhou	临夏回族自治州	250
lin xia shi	临夏市	80
lin an	临安	80
lin an qu	临安区	80
lin chuan	临川	80
lin chuan qu	临川区	80
lin ping	临平	80
lin ping qu	临平区	80
lin qu	临朐	80
lin qu xian	临朐县	80
lin gui	临桂	80
lin gui qu	临桂区	80
lin wu	临武	80
lin wu xian	临武县	80
lin jiang	临江	80
lin jiang shi	临江市	80
lin fen	临汾	250
lin fen shi	临汾市	250
lin yi	临沂	250
lin yi shi	临沂市	250
lin yi shi he dong qu	临沂市河东区	80
lin cang	临沧	250
lin cang shi	临沧市	250
lin shu	临沭	80
lin shu xian	临沭县	80
lin he	临河	80
lin he qu	临河区	80
lin quan	临泉	80
lin quan xian	临泉县	80
lin ze	临泽	80
lin ze xian	临泽县	80
lin tao	临洮	80
lin tao xian	临洮县	80
lin hai	临海	80
lin hai shi	临海市	80
lin zi	临淄	80
lin zi qu	临淄区	80
lin qing	临清	80
lin qing shi	临清市	80
lin wei	临渭	80
lin wei qu	临渭区	80
lin xiang	临湘	80
lin xiang shi	临湘市	80
lin zhang	临漳	80
lin zhang xian	临漳县	80
lin tan	临潭	80
lin tan xian	临潭县	80
lin tong	临潼	80
lin tong qu	临潼区	80
lin li	临澧	80
lin li xian	临澧县	80
lin yi	临猗	80
lin yi xian	临猗县	80
lin xiang	临翔	80
lin xiang qu	临翔区	80
lin xi	临西	80
lin xi xian	临西县	80
lin yi	临邑	80
lin yi xian	临邑县	80
lin ying	临颍	80
lin ying xian	临颍县	80
lin gao	临高	80
lin gao xian	临高县	80
dan dong	丹东	250
dan dong shi	丹东市	250
dan feng	丹凤	80
dan feng xian	丹凤县	80
dan zhai	丹寨	80
dan zhai xian	丹寨县	80
dan ba	丹巴	80
dan ba xian	丹巴县	80
dan tu	丹徒	80
dan tu qu	丹徒区	80
dan leng	丹棱	80
dan leng xian	丹棱县	80
dan jiang kou	丹江口	80
dan jiang kou shi	丹江口市	80
dan yang	丹阳	80
dan yang shi	丹阳市	80
li shui	丽水	250
li shui shi	丽水市	250
li jiang	丽江	250
li jiang shi	丽江市	250
nai dong	乃东	80
nai dong qu	乃东区	80
jiu zhi	久治	80
jiu zhi xian	久治县	80
yi wu	义乌	80
yi wu shi	义乌市	80
yi xian	义县	80
yi an	义安	80
yi an qu	义安区	80
yi ma	义马	80
yi ma shi	义马市	80
wu shen	乌什	80
wu shen xian	乌什县	80
wu lan	乌兰	80
wu lan xian	乌兰县	80
wu lan cha bu	乌兰察布	250
wu lan cha bu shi	乌兰察布市	250
wu lan hao te	乌兰浩特	80
wu lan hao te shi	乌兰浩特市	80
wu shen	乌审	80
wu shen qi	乌审旗	80
wu er he	乌尔禾	80
wu er he qu	乌尔禾区	80
wu dang	乌当	80
wu dang qu	乌当区	80
wu qia	乌恰	80
wu qia xian	乌恰县	80
wu la te zhong	乌拉特中	80
wu la te zhong qi	乌拉特中旗	80
wu la te qian	乌拉特前	80
wu la te qian qi	乌拉特前旗	80
wu la te hou	乌拉特后	80
wu la te hou qi	乌拉特后旗	80
wu ri	乌日	80
wu ri qu	乌日区	80
wu lai	乌来	80
wu lai qu	乌来区	80
wu hai	乌海	250
wu hai shi	乌海市	250
wu cui	乌翠	80
wu cui qu	乌翠区	80
wu su	乌苏	80
wu su shi	乌苏市	80
wu da	乌达	80
wu da qu	乌达区	80
wu lu mu qi	乌鲁木齐	250
wu lu mu qi xian	乌鲁木齐县	80
wu lu mu qi shi	乌鲁木齐市	250
wu lu mu qi shi xin shi qu	乌鲁木齐市新市区	80
le ye	乐业	80
le ye xian	乐业县	80
le dong	乐东	80
le dong li zu zi zhi xian	乐东黎族自治县	80
lao ting	乐亭	80
lao ting xian	乐亭县	80
le an	乐安	80
le an xian	乐安县	80
le shan	乐山	250
le shan shi	乐山市	250
le shan shi shi zhong qu	乐山市市中区	80
le ping	乐平	80
le ping shi	乐平市	80
le chang	乐昌	80
le chang shi	乐昌市	80
yue qing	乐清	80
yue qing shi	乐清市	80
le zhi	乐至	80
le zhi xian	乐至县	80
le du	乐都	80
le du qu	乐都区	80
le ling	乐陵	80
le ling shi	乐陵市	80
jiu yuan	九原	80
jiu yuan qu	九原区	80
jiu tai	九台	80
jiu tai qu	九台区	80
jiu zhai gou	九寨沟	80
jiu zhai gou xian	九寨沟县	80
jiu jiang	九江	250
jiu jiang shi	九江市	250
jiu long	九龍	80
jiu long cheng qu	九龍城區	80
jiu long	九龙	80
jiu long xian	九龙县	80
jiu long po	九龙坡	80
jiu long po qu	九龙坡区	80
jiu long cheng	九龙城	80
jiu long cheng qu	九龙城区	80
xi shui	习水	80
xi shui xian	习水县	80
xiang cheng	乡城	80
xiang cheng xian	乡城县	80
xiang ning	乡宁	80
xiang ning xian	乡宁县	80
ru shan	乳山	80
ru shan shi	乳山市	80
ru yuan	乳源	80
ru yuan yao zu zi zhi xian	乳源瑶族自治县	80
gan xian	乾县	80
gan an	乾安	80
gan an xian	乾安县	80
er qi	二七	80
er qi qu	二七区	80
er lian hao te	二连浩特	80
er lian hao te shi	二连浩特市	80
er dao	二道	80
er dao qu	二道区	80
er dao jiang	二道江	80
er dao jiang qu	二道江区	80
yu hong	于洪	80
yu hong qu	于洪区	80
yu tian	于田	80
yu tian xian	于田县	80
yu dou	于都	80
yu dou xian	于都县	80
yun gang	云冈	80
yun gang qu	云冈区	80
yun nan	云南	500
yun nan sheng	云南省	500
yun xian	云县	80
yun he	云和	80
yun he xian	云和县	80
yun cheng	云城	80
yun cheng qu	云城区	80
yun an	云安	80
yun an qu	云安区	80
yun yan	云岩	80
yun yan qu	云岩区	80
yun zhou	云州	80
yun zhou qu	云州区	80
yun lin	云林	80
yun lin xian	云林县	80
yun meng	云梦	80
yun meng xian	云梦县	80
yun fu	云浮	250
yun fu shi	云浮市	250
yun xi	云溪	80
yun xi qu	云溪区	80
yun yang	云阳	80
yun yang xian	云阳县	80
yun xiao	云霄	80
yun xiao xian	云霄县	80
yun long	云龙	80
yun long qu	云龙区	80
yun long xian	云龙县	80
hu zhu	互助	80
hu zhu tu zu zi zhi xian	互助土族自治县	80
wu hua	五华	80
wu hua qu	五华区	80
wu hua xian	五华县	80
wu yuan	五原	80
wu yuan xian	五原县	80
wu tai	五台	80
wu tai xian	五台县	80
wu da lian chi	五大连池	80
wu da lian chi shi	五大连池市	80
wu jia qu	五家渠	80
wu jia qu shi	五家渠市	80
wu zhai	五寨	80
wu zhai xian	五寨县	80
wu feng	五峰	80
wu feng tu jia zu zi zhi xian	五峰土家族自治县	80
wu chang	五常	80
wu chang shi	五常市	80
wu zhi shan	五指山	80
wu zhi shan shi	五指山市	80
wu he	五河	80
wu he xian	五河县	80
wu gu	五股	80
wu gu qu	五股区	80
wu lian	五莲	80
wu lian xian	五莲县	80
wu tong qiao	五通桥	80
wu tong qiao qu	五通桥区	80
jing gang shan	井冈山	80
jing gang shan shi	井冈山市	80
jing yan	井研	80
jing yan xian	井研县	80
jing xing	井陉	80
jing xing xian	井陉县	80
jing xing kuang	井陉矿	80
jing xing kuang qu	井陉矿区	80
ya dong	亚东	80
ya dong xian	亚东县	80
jiao kou	交口	80
jiao kou xian	交口县	80
jiao cheng	交城	80
jiao cheng xian	交城县	80
jing kou	京口	80
jing kou qu	京口区	80
jing shan	京山	80
jing shan shi	京山市	80
ting hu	亭湖	80
ting hu qu	亭湖区	80
bo zhou	亳州	250
bo zhou shi	亳州市	250
shen fang	什邡	80
shen fang shi	什邡市	80
ren hua	仁化	80
ren hua xian	仁化县	80
ren he	仁和	80
ren he qu	仁和区	80
ren shou	仁寿	80
ren shou xian	仁寿县	80
ren bu	仁布	80
ren bu xian	仁布县	80
ren de	仁德	80
ren de qu	仁德区	80
ren huai	仁怀	80
ren huai shi	仁怀市	80
ren wu	仁武	80
ren wu qu	仁武区	80
ren ai	仁爱	80
ren ai qu	仁爱区	80
jie xiu	介休	80
jie xiu shi	介休市	80
cong hua	从化	80
cong hua qu	从化区	80
cong jiang	从江	80
cong jiang xian	从江县	80
cang shan	仓山	80
cang shan qu	仓山区	80
xian ju	仙居	80
xian ju xian	仙居县	80
xian tao	仙桃	80
xian tao shi	仙桃市	80
xian you	仙游	80
xian you xian	仙游县	80
dai xian	代县	80
yi zheng	仪征	80
yi zheng shi	仪征市	80
yi long	仪陇	80
yi long xian	仪陇县	80
zhong ba	仲巴	80
zhong ba xian	仲巴县	80
ren qiu	任丘	80
ren qiu shi	任丘市	80
ren cheng	任城	80
ren cheng qu	任城区	80
ren ze	任泽	80
ren ze qu	任泽区	80
yi wu	伊吾	80
yi wu xian	伊吾县	80
yi ning	伊宁	80
yi ning xian	伊宁县	80
yi ning shi	伊宁市	80
yi chuan	伊川	80
yi chuan xian	伊川县	80
yi zhou	伊州	80
yi zhou qu	伊州区	80
yi chun	伊春	250
yi chun shi	伊春市	250
yi li	伊犁	250
yi li ha sa ke zi zhi zhou	伊犁哈萨克自治州	250
yi mei	伊美	80
yi mei qu	伊美区	80
yi tong	伊通	80
yi tong man zu zi zhi xian	伊通满族自治县	80
yi jin huo luo	伊金霍洛	80
yi jin huo luo qi	伊金霍洛旗	80
wu jia gang	伍家岗	80
wu jia gang qu	伍家岗区	80
xiu ning	休宁	80
xiu ning xian	休宁县	80
hui dong	会东	80
hui dong xian	会东县	80
hui tong	会同	80
hui tong xian	会同县	80
hui ning	会宁	80
hui ning xian	会宁县	80
hui chang	会昌	80
hui chang xian	会昌县	80
hui ze	会泽	80
hui ze xian	会泽县	80
hui li	会理	80
hui li shi	会理市	80
ga shi	伽师	80
ga shi xian	伽师县	80
yu yao	余姚	80
yu yao shi	余姚市	80
yu gan	余干	80
yu gan xian	余干县	80
yu qing	余庆	80
yu qing xian	余庆县	80
yu hang	余杭	80
yu hang qu	余杭区	80
yu jiang	余江	80
yu jiang qu	余江区	80
fu gang	佛冈	80
fu gang xian	佛冈县	80
fu ping	佛坪	80
fu ping xian	佛坪县	80
fo shan	佛山	250
fo shan shi	佛山市	250
jia xian	佳县	80
jia mu si	佳木斯	250
jia mu si shi	佳木斯市	250
jia mu si shi xiang yang qu	佳木斯市向阳区	80
jia mu si shi jiao qu	佳木斯市郊区	80
jia li	佳里	80
jia li qu	佳里区	80
yi lan	依兰	80
yi lan xian	依兰县	80
yi an	依安	80
yi an xian	依安县	80
hou ma	侯马	80
hou ma shi	侯马市	80
bao ting	保亭	80
bao ting li zu miao zu zi zhi xian	保亭黎族苗族自治县	80
bao ding	保定	250
bao ding shi	保定市	250
bao shan	保山	250
bao shan shi	保山市	250
bao kang	保康	80
bao kang xian	保康县	80
bao de	保德	80
bao de xian	保德县	80
bao jing	保靖	80
bao jing xian	保靖县	80
xin feng	信丰	80
xin feng xian	信丰县	80
xin yi	信义	80
xin yi qu	信义区	80
xin yi	信宜	80
xin yi shi	信宜市	80
xin zhou	信州	80
xin zhou qu	信州区	80
xin dou	信都	80
xin dou qu	信都区	80
xin yang	信阳	250
xin yang shi	信阳市	250
xiu wen	修文	80
xiu wen xian	修文县	80
xiu wu	修武	80
xiu wu xian	修武县	80
xiu shui	修水	80
xiu shui xian	修水县	80
yan shi	偃师	80
yan shi qu	偃师区	80
pian guan	偏关	80
pian guan xian	偏关县	80
dan zhou	儋州	250
dan zhou shi	儋州市	250
yuan bao	元宝	80
yuan bao qu	元宝区	80
yuan bao shan	元宝山	80
yuan bao shan qu	元宝山区	80
yuan lang	元朗	80
yuan lang qu	元朗区	80
yuan lang qu	元朗區	80
yuan shi	元氏	80
yuan shi xian	元氏县	80
yuan jiang	元江	80
yuan jiang ha ni zu yi zu dai zu zi zhi xian	元江哈尼族彝族傣族自治县	80
yuan mou	元谋	80
yuan mou xian	元谋县	80
yuan yang	元阳	80
yuan yang xian	元阳县	80
guang shan	光山	80
guang shan xian	光山县	80
guang ming	光明	80
guang ming qu	光明区	80
guang ze	光泽	80
guang ze xian	光泽县	80
ke dong	克东	80
ke dong xian	克东县	80
ke shen ke teng	克什克腾	80
ke shen ke teng qi	克什克腾旗	80
ke zi lei su	克孜勒苏	250
ke zi lei su ke er ke zi zi zhi zhou	克孜勒苏柯尔克孜自治州	250
ke shan	克山	80
ke shan xian	克山县	80
ke la ma yi	克拉玛依	250
ke la ma yi qu	克拉玛依区	80
ke la ma yi shi	克拉玛依市	250
yan zhou	兖州	80
yan zhou qu	兖州区	80
quan nan	全南	80
quan nan xian	全南县	80
quan zhou	全州	80
quan zhou xian	全州县	80
quan jiao	全椒	80
quan jiao xian	全椒县	80
ba gong shan	八公山	80
ba gong shan qu	八公山区	80
ba su	八宿	80
ba su xian	八宿县	80
ba de	八德	80
ba de qu	八德区	80
ba bu	八步	80
ba bu qu	八步区	80
ba li	八里	80
ba li qu	八里区	80
gong zhu ling	公主岭	80
gong zhu ling shi	公主岭市	80
gong an	公安	80
gong an xian	公安县	80
liu he	六合	80
liu he qu	六合区	80
lu an	六安	250
lu an shi	六安市	250
liu zhi	六枝	80
liu zhi te qu	六枝特区	80
liu jia	六甲	80
liu jia qu	六甲区	80
liu pan shui	六盘水	250
liu pan shui shi	六盘水市	250
liu gui	六龟	80
liu gui qu	六龟区	80
lan ping	兰坪	80
lan ping bai zu pu mi zu zi zhi xian	兰坪白族普米族自治县	80
lan shan	兰山	80
lan shan qu	兰山区	80
lan zhou	兰州	250
lan zhou shi	兰州市	250
lan zhou shi cheng guan qu	兰州市城关区	80
lan xi	兰溪	80
lan xi shi	兰溪市	80
lan kao	兰考	80
lan kao xian	兰考县	80
lan xi	兰西	80
lan xi xian	兰西县	80
lan ling	兰陵	80
lan ling xian	兰陵县	80
gong he	共和	80
gong he xian	共和县	80
gong qing cheng	共青城	80
gong qing cheng shi	共青城市	80
guan ling	关岭	80
guan ling bu yi zu miao zu zi zhi xian	关岭布依族苗族自治县	80
guan miao	关庙	80
guan miao qu	关庙区	80
xing ye	兴业	80
xing ye xian	兴业县	80
xing yi	兴义	80
xing yi shi	兴义市	80
xing ren	兴仁	80
xing ren shi	兴仁市	80
xing hua	兴化	80
xing hua shi	兴化市	80
xing xian	兴县	80
xing he	兴和	80
xing he xian	兴和县	80
xing guo	兴国	80
xing guo xian	兴国县	80
xing cheng	兴城	80
xing cheng shi	兴城市	80
xing ning	兴宁	80
xing ning qu	兴宁区	80
xing ning shi	兴宁市	80
xing an	兴安	250
xing an qu	兴安区	80
xing an xian	兴安县	80
xing an meng	兴安盟	250
xing bin	兴宾	80
xing bin qu	兴宾区	80
xing shan	兴山	80
xing shan qu	兴山区	80
xing shan xian	兴山县	80
xing ping	兴平	80
xing ping shi	兴平市	80
xing qing	兴庆	80
xing qing qu	兴庆区	80
xing wen	兴文	80
xing wen xian	兴文县	80
xing hai	兴海	80
xing hai xian	兴海县	80
xing long	兴隆	80
xing long xian	兴隆县	80
xing long tai	兴隆台	80
xing long tai qu	兴隆台区	80
ji zhou	冀州	80
ji zhou qu	冀州区	80
nei qiu	内丘	80
nei qiu xian	内丘县	80
nei xiang	内乡	80
nei xiang xian	内乡县	80
nei jiang	内江	250
nei jiang shi	内江市	250
nei jiang shi shi zhong qu	内江市市中区	80
nei hu	内湖	80
nei hu qu	内湖区	80
nei meng gu zi zhi qu	内蒙古自治区	500
nei men	内门	80
nei men qu	内门区	80
nei huang	内黄	80
nei huang xian	内黄县	80
gang shan	冈山	80
gang shan qu	冈山区	80
ce heng	册亨	80
ce heng xian	册亨县	80
mian ning	冕宁	80
mian ning xian	冕宁县	80
nong an	农安	80
nong an xian	农安县	80
guan xian	冠县	80
leng shui jiang	冷水江	80
leng shui jiang shi	冷水江市	80
leng shui tan	冷水滩	80
leng shui tan qu	冷水滩区	80
zhun ge er	准格尔	80
zhun ge er qi	准格尔旗	80
liang cheng	凉城	80
liang cheng xian	凉城县	80
liang shan	凉山	250
liang shan yi zu zi zhi zhou	凉山彝族自治州	250
liang zhou	凉州	80
liang zhou qu	凉州区	80
ling yun	凌云	80
ling yun xian	凌云县	80
ling he	凌河	80
ling he qu	凌河区	80
ling hai	凌海	80
ling hai shi	凌海市	80
ling yuan	凌源	80
ling yuan shi	凌源市	80
feng gang	凤冈	80
feng gang xian	凤冈县	80
feng huang	凤凰	80
feng huang xian	凤凰县	80
feng xian	凤县	80
feng tai	凤台	80
feng tai xian	凤台县	80
feng cheng	凤城	80
feng cheng shi	凤城市	80
feng shan	凤山	80
feng shan qu	凤山区	80
feng shan xian	凤山县	80
feng qing	凤庆	80
feng qing xian	凤庆县	80
feng quan	凤泉	80
feng quan qu	凤泉区	80
feng xiang	凤翔	80
feng xiang qu	凤翔区	80
feng yang	凤阳	80
feng yang xian	凤阳县	80
ping xiang	凭祥	80
ping xiang shi	凭祥市	80
kai li	凯里	80
kai li shi	凯里市	80
fen yi	分宜	80
fen yi xian	分宜县	80
gang cha	刚察	80
gang cha xian	刚察县	80
li chuan	利川	80
li chuan shi	利川市	80
li zhou	利州	80
li zhou qu	利州区	80
li jin	利津	80
li jin xian	利津县	80
li xin	利辛	80
li xin xian	利辛县	80
li tong	利通	80
li tong qu	利通区	80
qian jin	前进	80
qian jin qu	前进区	80
qian guo er luo si	前郭尔罗斯	80
qian guo er luo si meng gu zu zi zhi xian	前郭尔罗斯蒙古族自治县	80
qian jin	前金	80
qian jin qu	前金区	80
qian feng	前锋	80
qian feng qu	前锋区	80
qian zhen	前镇	80
qian zhen qu	前镇区	80
jian chuan	剑川	80
jian chuan xian	剑川县	80
jian he	剑河	80
jian he xian	剑河县	80
jian ge	剑阁	80
jian ge xian	剑阁县	80
jia cha	加查	80
jia cha xian	加查县	80
wu chuan	务川	80
wu chuan ge lao zu miao zu zi zhi xian	务川仡佬族苗族自治县	80
bo li	勃利	80
bo li xian	勃利县	80
mian xian	勉县	80
meng hai	勐海	80
meng hai xian	勐海县	80
meng la	勐腊	80
meng la xian	勐腊县	80
bao tou	包头	250
bao tou shi	包头市	250
bao tou shi qing shan qu	包头市青山区	80
bao he	包河	80
bao he qu	包河区	80
hua zhou	化州	80
hua zhou shi	化州市	80
hua de	化德	80
hua de xian	化德县	80
hua long	化隆	80
hua long hui zu zi zhi xian	化隆回族自治县	80
bei jing	北京	500
bei jing shi	北京市	500
bei jing shi chao yang qu	北京市朝阳区	80
bei jing shi tong zhou qu	北京市通州区	80
bei lun	北仑	80
bei lun qu	北仑区	80
bei guan	北关	80
bei guan qu	北关区	80
bei qu	北区	80
bei qu	北區	80
bei ta	北塔	80
bei ta qu	北塔区	80
bei an	北安	80
bei an shi	北安市	80
bei tun	北屯	80
bei tun qu	北屯区	80
bei tun shi	北屯市	80
bei chuan	北川	80
bei chuan qiang zu zi zhi xian	北川羌族自治县	80
bei dai he	北戴河	80
bei dai he qu	北戴河区	80
bei tou	北投	80
bei tou qu	北投区	80
bei lin qu	北林区	80
bei liu	北流	80
bei liu shi	北流市	80
bei hai	北海	250
bei hai shi	北海市	250
bei hu	北湖	80
bei hu qu	北湖区	80
bei bei	北碚	80
bei bei qu	北碚区	80
bei piao	北票	80
bei piao shi	北票市	80
bei chen	北辰	80
bei chen qu	北辰区	80
bei zhen	北镇	80
bei zhen shi	北镇市	80
bei men	北门	80
bei men qu	北门区	80
shi yan	十堰	250
shi yan shi	十堰市	250
qian shan	千山	80
qian shan qu	千山区	80
qian yang	千阳	80
qian yang xian	千阳县	80
hua ting	华亭	80
hua ting shi	华亭市	80
hua ping	华坪	80
hua ping xian	华坪县	80
hua ning	华宁	80
hua ning xian	华宁县	80
hua an	华安	80
hua an xian	华安县	80
hua rong	华容	80
hua rong qu	华容区	80
hua rong xian	华容县	80
hua zhou	华州	80
hua zhou qu	华州区	80
hua chi	华池	80
hua chi xian	华池县	80
hua ying	华蓥	80
hua ying shi	华蓥市	80
hua yin	华阴	80
hua yin shi	华阴市	80
hua long	华龙	80
hua long qu	华龙区	80
zhuo ni	卓尼	80
zhuo ni xian	卓尼县	80
zhuo zi	卓资	80
zhuo zi xian	卓资县	80
shan xian	单县	80
nan feng	南丰	80
nan feng xian	南丰县	80
nan dan	南丹	80
nan dan xian	南丹县	80
nan yue	南乐	80
nan yue xian	南乐县	80
nan jing	南京	250
nan jing shi	南京市	250
nan jing shi gu lou qu	南京市鼓楼区	80
nan chong	南充	250
nan chong shi	南充市	250
nan guan	南关	80
nan guan qu	南关区	80
nan hua	南化	80
nan hua qu	南化区	80
nan qu	南区	80
nan qu	南區	80
nan hua	南华	80
nan hua xian	南华县	80
nan xian	南县	80
nan zhao	南召	80
nan zhao xian	南召县	80
nan he	南和	80
nan he qu	南和区	80
nan cheng	南城	80
nan cheng xian	南城县	80
nan ning	南宁	250
nan ning shi	南宁市	250
nan an	南安	80
nan an shi	南安市	80
nan gong	南宫	80
nan gong shi	南宫市	80
nan tun	南屯	80
nan tun qu	南屯区	80
nan shan	南山	80
nan shan qu	南山区	80
nan cha	南岔	80
nan cha xian	南岔县	80
nan gang	南岗	80
nan gang qu	南岗区	80
nan yue	南岳	80
nan yue qu	南岳区	80
nan an	南岸	80
nan an qu	南岸区	80
nan chuan	南川	80
nan chuan qu	南川区	80
nan ping	南平	250
nan ping shi	南平市	250
nan kang	南康	80
nan kang qu	南康区	80
nan kai	南开	80
nan kai qu	南开区	80
nan tou	南投	80
nan tou xian	南投县	80
nan chang	南昌	250
nan chang xian	南昌县	80
nan chang shi	南昌市	250
nan chang shi xi hu qu	南昌市西湖区	80
nan ming	南明	80
nan ming qu	南明区	80
nan mu lin	南木林	80
nan mu lin xian	南木林县	80
nan jiang	南江	80
nan jiang xian	南江县	80
nan sha	南沙	80
nan sha qu	南沙区	80
nan xun	南浔	80
nan xun qu	南浔区	80
nan hai	南海	80
nan hai qu	南海区	80
nan jian	南涧	80
nan jian yi zu zi zhi xian	南涧彝族自治县	80
nan gang	南港	80
nan gang qu	南港区	80
nan hu	南湖	80
nan hu qu	南湖区	80
nan xi	南溪	80
nan xi qu	南溪区	80
nan zhang	南漳	80
nan zhang xian	南漳县	80
nan ao	南澳	80
nan ao xian	南澳县	80
nan pi	南皮	80
nan pi xian	南皮县	80
nan piao	南票	80
nan piao qu	南票区	80
nan fen	南芬	80
nan fen qu	南芬区	80
nan qiao	南谯	80
nan qiao qu	南谯区	80
nan tong	南通	250
nan tong shi	南通市	250
nan tong shi tong zhou qu	南通市通州区	80
nan zheng	南郑	80
nan zheng qu	南郑区	80
nan bu	南部	80
nan bu xian	南部县	80
nan yang	南阳	250
nan yang shi	南阳市	250
nan ling	南陵	80
nan ling xian	南陵县	80
nan xiong	南雄	80
nan xiong shi	南雄市	80
nan jing	南靖	80
nan jing xian	南靖县	80
bo le	博乐	80
bo le shi	博乐市	80
bo xing	博兴	80
bo xing xian	博兴县	80
bo er ta la	博尔塔拉	250
bo er ta la meng gu zi zhi zhou	博尔塔拉蒙古自治州	250
bo shan	博山	80
bo shan qu	博山区	80
bo wang	博望	80
bo wang qu	博望区	80
bo hu	博湖	80
bo hu xian	博湖县	80
bo ai	博爱	80
bo ai xian	博爱县	80
bo bai	博白	80
bo bai xian	博白县	80
bo luo	博罗	80
bo luo xian	博罗县	80
bo ye	博野	80
bo ye xian	博野县	80
ka ruo	卡若	80
ka ruo qu	卡若区	80
lu shi	卢氏	80
lu shi xian	卢氏县	80
lu long	卢龙	80
lu long xian	卢龙县	80
wo long	卧龙	80
wo long qu	卧龙区	80
wei dong	卫东	80
wei dong qu	卫东区	80
wei bin	卫滨	80
wei bin qu	卫滨区	80
wei hui	卫辉	80
wei hui shi	卫辉市	80
yin tai	印台	80
yin tai qu	印台区	80
yin jiang	印江	80
yin jiang tu jia zu miao zu zi zhi xian	印江土家族苗族自治县	80
ji mo	即墨	80
ji mo qu	即墨区	80
li xia	历下	80
li xia qu	历下区	80
li cheng	历城	80
li cheng qu	历城区	80
yuan zhou	原州	80
yuan zhou qu	原州区	80
yuan ping	原平	80
yuan ping shi	原平市	80
yuan yang	原阳	80
yuan yang xian	原阳县	80
xia men	厦门	250
xia men shi	厦门市	250
you hao	友好	80
you hao qu	友好区	80
you yi	友谊	80
you yi xian	友谊县	80
shuang tai zi	双台子	80
shuang tai zi qu	双台子区	80
shuang cheng	双城	80
shuang cheng qu	双城区	80
shuang ta	双塔	80
shuang ta qu	双塔区	80
shuang feng	双峰	80
shuang feng xian	双峰县	80
shuang bai	双柏	80
shuang bai xian	双柏县	80
shuang qiao	双桥	80
shuang qiao qu	双桥区	80
shuang jiang	双江	80
shuang jiang la hu zu wa zu bu lang zu dai zu zi zhi xian	双江拉祜族佤族布朗族傣族自治县	80
shuang he	双河	80
shuang he shi	双河市	80
shuang liu	双流	80
shuang liu qu	双流区	80
shuang qing	双清	80
shuang qing qu	双清区	80
shuang hu	双湖	80
shuang hu xian	双湖县	80
shuang xi	双溪	80
shuang xi qu	双溪区	80
shuang luan	双滦	80
shuang luan qu	双滦区	80
shuang pai	双牌	80
shuang pai xian	双牌县	80
shuang liao	双辽	80
shuang liao shi	双辽市	80
shuang yang	双阳	80
shuang yang qu	双阳区	80
shuang ya shan	双鸭山	250
shuang ya shan shi	双鸭山市	250
shuang ya shan shi bao shan qu	双鸭山市宝山区	80
xu zhou	叙州	80
xu zhou qu	叙州区	80
xu yong	叙永	80
xu yong xian	叙永县	80
die cai	叠彩	80
die cai qu	叠彩区	80
gu zhang	古丈	80
gu zhang xian	古丈县	80
gu jiao	古交	80
gu jiao shi	古交市	80
gu ye	古冶	80
gu ye qu	古冶区	80
gu xian	古县	80
gu cheng	古城	80
gu cheng qu	古城区	80
gu ta	古塔	80
gu ta qu	古塔区	80
gu lang	古浪	80
gu lang xian	古浪县	80
gu tian	古田	80
gu tian xian	古田县	80
gu lin	古蔺	80
gu lin xian	古蔺县	80
ju rong	句容	80
ju rong shi	句容市	80
zhao ling	召陵	80
zhao ling qu	召陵区	80
ke ke da la	可克达拉	80
ke ke da la shi	可克达拉市	80
tai dong	台东	80
tai dong xian	台东县	80
tai zhong	台中	80
tai zhong shi	台中市	80
tai zhong shi dong qu	台中市东区	80
tai zhong shi bei qu	台中市北区	80
tai zhong shi nan qu	台中市南区	80
tai zhong shi he ping qu	台中市和平区	80
tai zhong shi da an qu	台中市大安区	80
tai zhong shi tai ping qu	台中市太平区	80
tai zhong shi xi qu	台中市西区	80
tai er zhuang	台儿庄	80
tai er zhuang qu	台儿庄区	80
tai qian	台前	80
tai qian xian	台前县	80
tai bei	台北	80
tai bei shi	台北市	80
tai bei shi zhong shan qu	台北市中山区	80
tai bei shi zhong zheng qu	台北市中正区	80
tai bei shi xin yi qu	台北市信义区	80
tai bei shi da tong qu	台北市大同区	80
tai bei shi da an qu	台北市大安区	80
tai bei shi song shan qu	台北市松山区	80
tai nan	台南	80
tai nan shi	台南市	80
tai nan shi dong qu	台南市东区	80
tai nan shi dong shan qu	台南市东山区	80
tai nan shi zhong xi qu	台南市中西区	80
tai nan shi bei qu	台南市北区	80
tai nan shi nan qu	台南市南区	80
tai nan shi an ding qu	台南市安定区	80
tai nan shi xin shi qu	台南市新市区	80
tai an	台安	80
tai an xian	台安县	80
tai shan	台山	80
tai shan shi	台山市	80
tai zhou	台州	250
tai zhou shi	台州市	250
tai jiang	台江	80
tai jiang qu	台江区	80
tai jiang xian	台江县	80
tai wan	台湾	500
tai wan sheng	台湾省	500
tai wan sheng lian jiang xian	台湾省连江县	80
tai wan sheng jin men xian	台湾省金门县	80
you jiang	右江	80
you jiang qu	右江区	80
you yu	右玉	80
you yu xian	右玉县	80
ye xian	叶县	80
ye cheng	叶城	80
ye cheng xian	叶城县	80
ye ji	叶集	80
ye ji qu	叶集区	80
he zuo	合作	80
he zuo shi	合作市	80
he shan	合山	80
he shan shi	合山市	80
he chuan	合川	80
he chuan qu	合川区	80
he shui	合水	80
he shui xian	合水县	80
he jiang	合江	80
he jiang xian	合江县	80
he pu	合浦	80
he pu xian	合浦县	80
he fei	合肥	250
he fei shi	合肥市	250
he yang	合阳	80
he yang xian	合阳县	80
ji xian	吉县	80
ji an	吉安	250
ji an xian	吉安县	80
ji an shi	吉安市	250
ji zhou	吉州	80
ji zhou qu	吉州区	80
ji mu nai	吉木乃	80
ji mu nai xian	吉木乃县	80
ji mu sa er	吉木萨尔	80
ji mu sa er xian	吉木萨尔县	80
ji lin	吉林	500
ji lin shi	吉林市	250
ji lin shi long tan qu	吉林市龙潭区	80
ji lin sheng	吉林省	500
ji shui	吉水	80
ji shui xian	吉水县	80
ji yang	吉阳	80
ji yang qu	吉阳区	80
ji long	吉隆	80
ji long xian	吉隆县	80
ji shou	吉首	80
ji shou shi	吉首市	80
tong ren	同仁	80
tong ren shi	同仁市	80
tong an	同安	80
tong an qu	同安区	80
tong de	同德	80
tong de xian	同德县	80
tong xin	同心	80
tong xin xian	同心县	80
tong jiang	同江	80
tong jiang shi	同江市	80
ming shan	名山	80
ming shan qu	名山区	80
hou bi	后壁	80
hou bi qu	后壁区	80
hou li	后里	80
hou li qu	后里区	80
tu lu fan	吐鲁番	250
tu lu fan shi	吐鲁番市	250
xiang yang	向阳	80
xiang yang qu	向阳区	80
lv liang	吕梁	250
lv liang shi	吕梁市	250
jun shan	君山	80
jun shan qu	君山区	80
han shan	含山	80
han shan xian	含山县	80
qi dong	启东	80
qi dong shi	启东市	80
wu zhong	吴中	80
wu zhong qu	吴中区	80
wu xing	吴兴	80
wu xing qu	吴兴区	80
wu bu	吴堡	80
wu bu xian	吴堡县	80
wu chuan	吴川	80
wu chuan shi	吴川市	80
wu zhong	吴忠	250
wu zhong shi	吴忠市	250
wu qiao	吴桥	80
wu qiao xian	吴桥县	80
wu jiang	吴江	80
wu jiang qu	吴江区	80
wu qi	吴起	80
wu qi xian	吴起县	80
cheng gong	呈贡	80
cheng gong qu	呈贡区	80
zhou kou	周口	250
zhou kou shi	周口市	250
zhou ning	周宁	80
zhou ning xian	周宁县	80
zhou cun	周村	80
zhou cun qu	周村区	80
zhou zhi	周至	80
zhou zhi xian	周至县	80
hu lun bei er	呼伦贝尔	250
hu lun bei er shi	呼伦贝尔市	250
hu lan	呼兰	80
hu lan qu	呼兰区	80
hu he hao te	呼和浩特	250
hu he hao te shi	呼和浩特市	250
hu he hao te shi xin cheng qu	呼和浩特市新城区	80
hu tu bi	呼图壁	80
hu tu bi xian	呼图壁县	80
hu ma	呼玛	80
hu ma xian	呼玛县	80
he xian	和县	80
he an	和安	80
he an xian	和安县	80
he bu ke sai er	和布克赛尔	80
he bu ke sai er meng gu zi zhi xian	和布克赛尔蒙古自治县	80
he ping	和平	80
he ping qu	和平区	80
he ping xian	和平县	80
he kang	和康	80
he kang xian	和康县	80
he zheng	和政	80
he zheng xian	和政县	80
he lin ge er	和林格尔	80
he lin ge er xian	和林格尔县	80
he tian	和田	250
he tian xian	和田县	80
he tian di qu	和田地区	250
he tian shi	和田市	80
he shuo	和硕	80
he shuo xian	和硕县	80
he jing	和静	80
he jing xian	和静县	80
he shun	和顺	80
he shun xian	和顺县	80
he long	和龙	80
he long shi	和龙市	80
xian feng	咸丰	80
xian feng xian	咸丰县	80
xian ning	咸宁	250
xian ning shi	咸宁市	250
xian an	咸安	80
xian an qu	咸安区	80
xian yang	咸阳	250
xian yang shi	咸阳市	250
ha mi	哈密	250
ha mi shi	哈密市	250
ha er bin	哈尔滨	250
ha er bin shi	哈尔滨市	250
ha ba he	哈巴河	80
ha ba he xian	哈巴河县	80
xiang shui	响水	80
xiang shui xian	响水县	80
tang xian	唐县	80
tang shan	唐山	250
tang shan shi	唐山市	250
tang he	唐河	80
tang he xian	唐河县	80
shang qiu	商丘	250
shang qiu shi	商丘市	250
shang nan	商南	80
shang nan xian	商南县	80
shang cheng	商城	80
shang cheng xian	商城县	80
shang zhou	商州	80
shang zhou qu	商州区	80
shang shui	商水	80
shang shui xian	商水县	80
shang he	商河	80
shang he xian	商河县	80
shang luo	商洛	250
shang luo shi	商洛市	250
shang dou	商都	80
shang dou xian	商都县	80
ka shi	喀什	250
ka shi di qu	喀什地区	250
ka shi shi	喀什市	80
ka la qin	喀喇沁	80
ka la qin zuo yi	喀喇沁左翼	80
ka la qin zuo yi meng gu zu zi zhi xian	喀喇沁左翼蒙古族自治县	80
ka la qin qi	喀喇沁旗	80
shan hua	善化	80
shan hua qu	善化区	80
xi de	喜德	80
xi de xian	喜德县	80
jia yi	嘉义	80
jia yi xian	嘉义县	80
jia yi shi	嘉义市	80
jia yi shi dong qu	嘉义市东区	80
jia yi shi xi qu	嘉义市西区	80
jia xing	嘉兴	250
jia xing shi	嘉兴市	250
jia shan	嘉善	80
jia shan xian	嘉善县	80
jia ding	嘉定	80
jia ding qu	嘉定区	80
jia yu guan	嘉峪关	250
jia yu guan shi	嘉峪关市	250
jia mo tang	嘉模堂	80
jia mo tang qu	嘉模堂区	80
jia xiang	嘉祥	80
jia xiang xian	嘉祥县	80
jia he	嘉禾	80
jia he xian	嘉禾县	80
jia yin	嘉荫	80
jia yin xian	嘉荫县	80
jia ling	嘉陵	80
jia ling qu	嘉陵区	80
jia yu	嘉鱼	80
jia yu xian	嘉鱼县	80
jia li	嘉黎	80
jia li xian	嘉黎县	80
ga er	噶尔	80
ga er xian	噶尔县	80
nang qian	囊谦	80
nang qian xian	囊谦县	80
si hui	四会	80
si hui shi	四会市	80
si zi wang	四子王	80
si zi wang qi	四子王旗	80
si chuan	四川	500
si chuan sheng	四川省	500
si ping	四平	250
si ping shi	四平市	250
si ping shi tie dong qu	四平市铁东区	80
si ping shi tie xi qu	四平市铁西区	80
si fang tai	四方台	80
si fang tai qu	四方台区	80
hui min	回民	80
hui min qu	回民区	80
tuan feng	团风	80
tuan feng xian	团风县	80
wei chang	围场	80
wei chang man zu meng gu zu zi zhi xian	围场满族蒙古族自治县	80
gu yuan	固原	250
gu yuan shi	固原市	250
gu shi	固始	80
gu shi xian	固始县	80
gu an	固安	80
gu an xian	固安县	80
gu zhen	固镇	80
gu zhen xian	固镇县	80
gu yang	固阳	80
gu yang xian	固阳县	80
tu men	图们	80
tu men shi	图们市	80
tu mu shu ke	图木舒克	80
tu mu shu ke shi	图木舒克市	80
tu cheng	土城	80
tu cheng qu	土城区	80
tu mo te you	土默特右	80
tu mo te you qi	土默特右旗	80
tu mo te zuo	土默特左	80
tu mo te zuo qi	土默特左旗	80
sheng an duo ni tang	圣安多尼堂	80
sheng an duo ni tang qu	圣安多尼堂区	80
sheng fang ji ge tang	圣方济各堂	80
sheng fang ji ge tang qu	圣方济各堂区	80
fang zi	坊子	80
fang zi qu	坊子区	80
po tou	坡头	80
po tou qu	坡头区	80
ping shan	坪山	80
ping shan qu	坪山区	80
ping lin qu	坪林区	80
yuan qu	垣曲	80
yuan qu xian	垣曲县	80
ken li	垦利	80
ken li qu	垦利区	80
dian jiang	垫江	80
dian jiang xian	垫江县	80
yong qiao	埇桥	80
yong qiao qu	埇桥区	80
cheng dong	城东	80
cheng dong qu	城东区	80
cheng zhong	城中	80
cheng zhong qu	城中区	80
cheng guan	城关	80
cheng guan qu	城关区	80
cheng bei	城北	80
cheng bei qu	城北区	80
cheng qu	城区	80
cheng xiang	城厢	80
cheng xiang qu	城厢区	80
cheng kou	城口	80
cheng kou xian	城口县	80
cheng gu	城固	80
cheng gu xian	城固县	80
cheng zi he	城子河	80
cheng zi he qu	城子河区	80
cheng bu	城步	80
cheng bu miao zu zi zhi xian	城步苗族自治县	80
cheng xi	城西	80
cheng xi qu	城西区	80
cheng yang	城阳	80
cheng yang qu	城阳区	80
ji long	基隆	80
ji long shi	基隆市	80
ji long shi zhong shan qu	基隆市中山区	80
ji long shi zhong zheng qu	基隆市中正区	80
ji long shi xin yi qu	基隆市信义区	80
dui long de qing	堆龙德庆	80
dui long de qing qu	堆龙德庆区	80
ta shen ku er gan	塔什库尔干	80
ta shen ku er gan ta ji ke zi zhi xian	塔什库尔干塔吉克自治县	80
ta cheng	塔城	250
ta cheng di qu	塔城地区	250
ta cheng shi	塔城市	80
ta he	塔河	80
ta he xian	塔河县	80
zeng cheng	增城	80
zeng cheng qu	增城区	80
mo jiang	墨江	80
mo jiang ha ni zu zi zhi xian	墨江哈尼族自治县	80
mo yu	墨玉	80
mo yu xian	墨玉县	80
mo zhu gong ka	墨竹工卡	80
mo zhu gong ka xian	墨竹工卡县	80
mo tuo	墨脱	80
mo tuo xian	墨脱县	80
rang tang	壤塘	80
rang tang xian	壤塘县	80
shi lin qu	士林区	80
hu guan	壶关	80
hu guan xian	壶关县	80
fu xing	复兴	80
fu xing qu	复兴区	80
xia xian	夏县	80
xia he	夏河	80
xia he xian	夏河县	80
xia jin	夏津	80
xia jin xian	夏津县	80
xia yi	夏邑	80
xia yi xian	夏邑县	80
wai pu	外埔	80
wai pu qu	外埔区	80
duo lun	多伦	80
duo lun xian	多伦县	80
da dong	大东	80
da dong qu	大东区	80
da feng	大丰	80
da feng qu	大丰区	80
da yu	大余	80
da yu xian	大余县	80
da guan	大关	80
da guan xian	大关县	80
da xing	大兴	80
da xing qu	大兴区	80
da xing an ling	大兴安岭	250
da xing an ling di qu	大兴安岭地区	250
da nei	大内	80
da nei qu	大内区	80
da ye	大冶	80
da ye shi	大冶市	80
da hua	大化	80
da hua yao zu zi zhi xian	大化瑶族自治县	80
da chang	大厂	80
da chang hui zu zi zhi xian	大厂回族自治县	80
da tong	大同	250
da tong qu	大同区	80
da tong shi	大同市	250
da ming	大名	80
da ming xian	大名县	80
da yuan	大园	80
da yuan qu	大园区	80
da cheng	大城	80
da cheng xian	大城县	80
da bu	大埔	80
da bu qu	大埔区	80
da bu qu	大埔區	80
da bu xian	大埔县	80
da tang	大堂	80
da tang qu	大堂区	80
da yao	大姚	80
da yao xian	大姚县	80
da ning	大宁	80
da ning xian	大宁县	80
da an	大安	80
da an qu	大安区	80
da an shi	大安市	80
da liao	大寮	80
da liao qu	大寮区	80
da qing	大庆	250
da qing shi	大庆市	250
da qing shi da tong qu	大庆市大同区	80
da wu	大悟	80
da wu xian	大悟县	80
da xin	大新	80
da xin xian	大新县	80
da fang	大方	80
da fang xian	大方县	80
da shu	大树	80
da shu qu	大树区	80
da wu kou	大武口	80
da wu kou qu	大武口区	80
da wa	大洼	80
da wa qu	大洼区	80
da du kou	大渡口	80
da du kou qu	大渡口区	80
da xi	大溪	80
da xi qu	大溪区	80
da li	大理	250
da li shi	大理市	80
da li bai zu zi zhi zhou	大理白族自治州	250
da tian	大田	80
da tian xian	大田县	80
da jia	大甲	80
da jia qu	大甲区	80
da shi qiao	大石桥	80
da shi qiao shi	大石桥市	80
da she	大社	80
da she qu	大社区	80
da xiang	大祥	80
da xiang qu	大祥区	80
da zhu	大竹	80
da zhu xian	大竹县	80
da qing shan	大箐山	80
da qing shan xian	大箐山县	80
da du	大肚	80
da du qu	大肚区	80
da ying	大英	80
da ying xian	大英县	80
da li	大荔	80
da li xian	大荔县	80
da guan	大观	80
da guan qu	大观区	80
da zu	大足	80
da zu qu	大足区	80
da lian	大连	250
da lian shi	大连市	250
da lian shi zhong shan qu	大连市中山区	80
da tong	大通	80
da tong qu	大通区	80
da tong hui zu tu zu zi zhi xian	大通回族土族自治县	80
da yi	大邑	80
da yi xian	大邑县	80
da li	大里	80
da li qu	大里区	80
da ya	大雅	80
da ya qu	大雅区	80
tian yuan	天元	80
tian yuan qu	天元区	80
tian quan	天全	80
tian quan xian	天全县	80
tian tai	天台	80
tian tai xian	天台县	80
tian ning	天宁	80
tian ning qu	天宁区	80
tian shan	天山	80
tian shan qu	天山区	80
tian e	天峨	80
tian e xian	天峨县	80
tian jun	天峻	80
tian jun xian	天峻县	80
tian xin	天心	80
tian xin qu	天心区	80
tian zhu	天柱	80
tian zhu xian	天柱县	80
tian qiao	天桥	80
tian qiao qu	天桥区	80
tian shui	天水	250
tian shui shi	天水市	250
tian he	天河	80
tian he qu	天河区	80
tian jin	天津	500
tian jin shi	天津市	500
tian jin shi he ping qu	天津市和平区	80
tian jin shi he dong qu	天津市河东区	80
tian ya	天涯	80
tian ya qu	天涯区	80
tian zhu	天祝	80
tian zhu zang zu zi zhi xian	天祝藏族自治县	80
tian deng	天等	80
tian deng xian	天等县	80
tian zhen	天镇	80
tian zhen xian	天镇县	80
tian zhang	天长	80
tian zhang shi	天长市	80
tian men	天门	80
tian men shi	天门市	80
tai pu si	太仆寺	80
tai pu si qi	太仆寺旗	80
tai cang	太仓	80
tai cang shi	太仓市	80
tai yuan	太原	250
tai yuan shi	太原市	250
tai he	太和	80
tai he qu	太和区	80
tai he xian	太和县	80
tai zi he	太子河	80
tai zi he qu	太子河区	80
tai ping	太平	80
tai ping qu	太平区	80
tai kang	太康	80
tai kang xian	太康县	80
tai hu	太湖	80
tai hu xian	太湖县	80
tai bai	太白	80
tai bai xian	太白县	80
tai gu	太谷	80
tai gu qu	太谷区	80
tou tun he	头屯河	80
tou tun he qu	头屯河区	80
yi ling	夷陵	80
yi ling qu	夷陵区	80
jia jiang	夹江	80
jia jiang xian	夹江县	80
qi tai	奇台	80
qi tai xian	奇台县	80
nai man	奈曼	80
nai man qi	奈曼旗	80
feng hua	奉化	80
feng hua qu	奉化区	80
feng xin	奉新	80
feng xin xian	奉新县	80
feng jie	奉节	80
feng jie xian	奉节县	80
feng xian	奉贤	80
feng xian qu	奉贤区	80
kui tun	奎屯	80
kui tun shi	奎屯市	80
kui wen	奎文	80
kui wen qu	奎文区	80
ru dong	如东	80
ru dong xian	如东县	80
ru gao	如皋	80
ru gao shi	如皋市	80
shi xing	始兴	80
shi xing xian	始兴县	80
gu su	姑苏	80
gu su qu	姑苏区	80
yao an	姚安	80
yao an xian	姚安县	80
jiang yan	姜堰	80
jiang yan qu	姜堰区	80
wei xin	威信	80
wei xin xian	威信县	80
wei xian	威县	80
wei ning	威宁	80
wei ning yi zu hui zu miao zu zi zhi xian	威宁彝族回族苗族自治县	80
wei hai	威海	250
wei hai shi	威海市	250
wei yuan	威远	80
wei yuan xian	威远县	80
lou di	娄底	250
lou di shi	娄底市	250
lou xing	娄星	80
lou xing qu	娄星区	80
lou fan	娄烦	80
lou fan xian	娄烦县	80
wu cheng	婺城	80
wu cheng qu	婺城区	80
wu yuan	婺源	80
wu yuan xian	婺源县	80
nen jiang	嫩江	80
nen jiang shi	嫩江市	80
zi zhou	子洲	80
zi zhou xian	子洲县	80
zi zhang	子长	80
zi zhang shi	子长市	80
sun wu	孙吴	80
sun wu xian	孙吴县	80
xiao yi	孝义	80
xiao yi shi	孝义市	80
xiao nan	孝南	80
xiao nan qu	孝南区	80
xiao gan	孝感	250
xiao gan shi	孝感市	250
xiao chang	孝昌	80
xiao chang xian	孝昌县	80
meng zhou	孟州	80
meng zhou shi	孟州市	80
meng cun	孟村	80
meng cun hui zu zi zhi xian	孟村回族自治县	80
meng jin	孟津	80
meng jin qu	孟津区	80
meng lian	孟连	80
meng lian dai zu la hu zu wa zu zi zhi xian	孟连傣族拉祜族佤族自治县	80
xue jia	学甲	80
xue jia qu	学甲区	80
ning xiang	宁乡	80
ning xiang shi	宁乡市	80
ning hua	宁化	80
ning hua xian	宁化县	80
ning nan	宁南	80
ning nan xian	宁南县	80
ning xian	宁县	80
ning guo	宁国	80
ning guo shi	宁国市	80
ning cheng	宁城	80
ning cheng xian	宁城县	80
ning xia	宁夏	500
ning xia hui zu zi zhi qu	宁夏回族自治区	500
ning an	宁安	80
ning an shi	宁安市	80
ning qiang	宁强	80
ning qiang xian	宁强县	80
ning de	宁德	250
ning de shi	宁德市	250
ning ming	宁明	80
ning ming xian	宁明县	80
ning jin	宁晋	80
ning jin xian	宁晋县	80
ning wu	宁武	80
ning wu xian	宁武县	80
ning jiang	宁江	80
ning jiang qu	宁江区	80
ning he	宁河	80
ning he qu	宁河区	80
ning bo	宁波	250
ning bo shi	宁波市	250
ning jin	宁津	80
ning jin xian	宁津县	80
ning er	宁洱	80
ning er ha ni zu yi zu zi zhi xian	宁洱哈尼族彝族自治县	80
ning hai	宁海	80
ning hai xian	宁海县	80
ning lang	宁蒗	80
ning lang yi zu zi zhi xian	宁蒗彝族自治县	80
ning yuan	宁远	80
ning yuan xian	宁远县	80
ning dou	宁都	80
ning dou xian	宁都县	80
ning yang	宁阳	80
ning yang xian	宁阳县	80
ning shan	宁陕	80
ning shan xian	宁陕县	80
ning ling	宁陵	80
ning ling xian	宁陵县	80
an qiu	安丘	80
an qiu shi	安丘市	80
an yi	安义	80
an yi xian	安义县	80
an le	安乐	80
an le qu	安乐区	80
an xiang	安乡	80
an xiang xian	安乡县	80
an ren	安仁	80
an ren xian	安仁县	80
an hua	安化	80
an hua xian	安化县	80
an nan	安南	80
an nan qu	安南区	80
an ji	安吉	80
an ji xian	安吉县	80
an guo	安国	80
an guo shi	安国市	80
an tu	安图	80
an tu xian	安图县	80
an sai	安塞	80
an sai qu	安塞区	80
an duo	安多	80
an duo xian	安多县	80
an ning	安宁	80
an ning qu	安宁区	80
an ning shi	安宁市	80
an ding	安定	80
an ding qu	安定区	80
an ju	安居	80
an ju qu	安居区	80
an yue	安岳	80
an yue xian	安岳县	80
an zhou	安州	80
an zhou qu	安州区	80
an ping	安平	80
an ping qu	安平区	80
an ping xian	安平县	80
an qing	安庆	250
an qing shi	安庆市	250
an kang	安康	250
an kang shi	安康市	250
an hui	安徽	500
an hui sheng	安徽省	500
an xin	安新	80
an xin xian	安新县	80
an ci	安次	80
an ci qu	安次区	80
an ze	安泽	80
an ze xian	安泽县	80
an yuan	安源	80
an yuan qu	安源区	80
an xi	安溪	80
an xi xian	安溪县	80
an fu	安福	80
an fu xian	安福县	80
an da	安达	80
an da shi	安达市	80
an yuan	安远	80
an yuan xian	安远县	80
an yang	安阳	250
an yang xian	安阳县	80
an yang shi	安阳市	250
an lu	安陆	80
an lu shi	安陆市	80
an shun	安顺	250
an shun shi	安顺市	250
an long	安龙	80
an long xian	安龙县	80
hong wei	宏伟	80
hong wei qu	宏伟区	80
tan chang	宕昌	80
tan chang xian	宕昌县	80
guan du	官渡	80
guan du qu	官渡区	80
guan tian	官田	80
guan tian qu	官田区	80
ding xing	定兴	80
ding xing xian	定兴县	80
ding nan	定南	80
ding nan xian	定南县	80
ding an	定安	80
ding an xian	定安县	80
ding zhou	定州	80
ding zhou shi	定州市	80
ding ri	定日	80
ding ri xian	定日县	80
ding hai	定海	80
ding hai qu	定海区	80
ding jie	定结	80
ding jie xian	定结县	80
ding xiang	定襄	80
ding xiang xian	定襄县	80
ding xi	定西	250
ding xi shi	定西市	250
ding xi shi an ding qu	定西市安定区	80
ding bian	定边	80
ding bian xian	定边县	80
ding yuan	定远	80
ding yuan xian	定远县	80
ding tao	定陶	80
ding tao qu	定陶区	80
wan cheng	宛城	80
wan cheng qu	宛城区	80
yi feng	宜丰	80
yi feng xian	宜丰县	80
yi lan	宜兰	80
yi lan xian	宜兰县	80
yi xing	宜兴	80
yi xing shi	宜兴市	80
yi jun	宜君	80
yi jun xian	宜君县	80
yi cheng	宜城	80
yi cheng shi	宜城市	80
yi bin	宜宾	250
yi bin shi	宜宾市	250
yi chuan	宜川	80
yi chuan xian	宜川县	80
yi zhou	宜州	80
yi zhou qu	宜州区	80
yi chang	宜昌	250
yi chang shi	宜昌市	250
yi chun	宜春	250
yi chun shi	宜春市	250
yi xiu	宜秀	80
yi xiu qu	宜秀区	80
yi zhang	宜章	80
yi zhang xian	宜章县	80
yi liang	宜良	80
yi liang xian	宜良县	80
yi dou	宜都	80
yi du shi	宜都市	80
yi yang	宜阳	80
yi yang xian	宜阳县	80
yi huang	宜黄	80
yi huang xian	宜黄县	80
bao feng	宝丰	80
bao feng xian	宝丰县	80
bao xing	宝兴	80
bao xing xian	宝兴县	80
bao di	宝坻	80
bao di qu	宝坻区	80
bao ta	宝塔	80
bao ta qu	宝塔区	80
bao an	宝安	80
bao an qu	宝安区	80
bao shan	宝山	80
bao shan qu	宝山区	80
bao ying	宝应	80
bao ying xian	宝应县	80
bao qing	宝清	80
bao qing xian	宝清县	80
bao ji	宝鸡	250
bao ji shi	宝鸡市	250
xuan hua	宣化	80
xuan hua qu	宣化区	80
xuan cheng	宣城	250
xuan cheng shi	宣城市	250
xuan wei	宣威	80
xuan wei shi	宣威市	80
xuan zhou	宣州	80
xuan zhou qu	宣州区	80
xuan en	宣恩	80
xuan en xian	宣恩县	80
xuan han	宣汉	80
xuan han xian	宣汉县	80
rong xian	容县	80
rong cheng	容城	80
rong cheng xian	容城县	80
kuan cheng	宽城	80
kuan cheng qu	宽城区	80
kuan cheng man zu zi zhi xian	宽城满族自治县	80
kuan dian	宽甸	80
kuan dian man zu zi zhi xian	宽甸满族自治县	80
bin xian	宾县	80
bin chuan	宾川	80
bin chuan xian	宾川县	80
bin yang	宾阳	80
bin yang xian	宾阳县	80
su cheng	宿城	80
su cheng qu	宿城区	80
su zhou	宿州	250
su zhou shi	宿州市	250
su song	宿松	80
su song xian	宿松县	80
su yu	宿豫	80
su yu qu	宿豫区	80
su qian	宿迁	250
su qian shi	宿迁市	250
mi yun	密云	80
mi yun qu	密云区	80
mi shan	密山	80
mi shan shi	密山市	80
fu xian	富县	80
fu ning	富宁	80
fu ning xian	富宁县	80
fu chuan	富川	80
fu chuan yao zu zi zhi xian	富川瑶族自治县	80
fu ping	富平	80
fu ping xian	富平县	80
fu la er ji	富拉尔基	80
fu la er ji qu	富拉尔基区	80
fu min	富民	80
fu min xian	富民县	80
fu yuan	富源	80
fu yuan xian	富源县	80
fu yun	富蕴	80
fu yun xian	富蕴县	80
fu yu	富裕	80
fu yu xian	富裕县	80
fu jin	富锦	80
fu jin shi	富锦市	80
fu yang	富阳	80
fu yang qu	富阳区	80
fu shun	富顺	80
fu shun xian	富顺县	80
han ting	寒亭	80
han ting qu	寒亭区	80
cha ha er you yi zhong	察哈尔右翼中	80
cha ha er you yi zhong qi	察哈尔右翼中旗	80
cha ha er you yi qian	察哈尔右翼前	80
cha ha er you yi qian qi	察哈尔右翼前旗	80
cha ha er you yi hou	察哈尔右翼后	80
cha ha er you yi hou qi	察哈尔右翼后旗	80
cha bu cha er	察布查尔	80
cha bu cha er xi bo zi zhi xian	察布查尔锡伯自治县	80
cha yu	察隅	80
cha yu xian	察隅县	80
cha ya	察雅	80
cha ya xian	察雅县	80
xun wu	寻乌	80
xun wu xian	寻乌县	80
xun dian	寻甸	80
xun dian hui zu yi zu zi zhi xian	寻甸回族彝族自治县	80
shou guang	寿光	80
shou guang shi	寿光市	80
shou xian	寿县	80
shou ning	寿宁	80
shou ning xian	寿宁县	80
shou yang	寿阳	80
shou yang xian	寿阳县	80
feng qiu	封丘	80
feng qiu xian	封丘县	80
feng kai	封开	80
feng kai xian	封开县	80
she hong	射洪	80
she hong shi	射洪市	80
she yang	射阳	80
she yang xian	射阳县	80
jiang le	将乐	80
jiang le xian	将乐县	80
jiang jun	将军	80
jiang jun qu	将军区	80
wei shi	尉氏	80
wei shi xian	尉氏县	80
yu li	尉犁	80
yu li xian	尉犁县	80
xiao dian	小店	80
xiao dian qu	小店区	80
xiao gang	小港	80
xiao gang qu	小港区	80
xiao jin	小金	80
xiao jin xian	小金县	80
jian shan	尖山	80
jian shan qu	尖山区	80
jian zha	尖扎	80
jian zha xian	尖扎县	80
jian cao ping	尖草坪	80
jian cao ping qu	尖草坪区	80
shang yi	尚义	80
shang yi xian	尚义县	80
shang zhi	尚志	80
shang zhi shi	尚志市	80
you xi	尤溪	80
you xi xian	尤溪县	80
yao dou	尧都	80
yao dou qu	尧都区	80
ni lei ke	尼勒克	80
ni lei ke xian	尼勒克县	80
ni mu	尼木	80
ni mu xian	尼木县	80
ni ma	尼玛	80
ni ma xian	尼玛县	80
ping dong	屏东	80
ping dong xian	屏东县	80
ping nan	屏南	80
ping nan xian	屏南县	80
ping shan	屏山	80
ping shan xian	屏山县	80
ping bian	屏边	80
ping bian miao zu zi zhi xian	屏边苗族自治县	80
tun chang	屯昌	80
tun chang xian	屯昌县	80
tun xi	屯溪	80
tun xi qu	屯溪区	80
tun liu	屯留	80
tun liu qu	屯留区	80
tun men qu	屯門區	80
tun men	屯门	80
tun men qu	屯门区	80
shan shang	山上	80
shan shang qu	山上区	80
shan dong	山东	500
shan dong sheng	山东省	500
shan dan	山丹	80
shan dan xian	山丹县	80
shan ting	山亭	80
shan ting qu	山亭区	80
shan nan	山南	250
shan nan shi	山南市	250
shan cheng	山城	80
shan cheng qu	山城区	80
shan hai guan	山海关	80
shan hai guan qu	山海关区	80
shan xi	山西	500
shan xi sheng	山西省	500
shan yang	山阳	80
shan yang qu	山阳区	80
shan yang xian	山阳县	80
shan yin	山阴	80
shan yin xian	山阴县	80
qi shan	岐山	80
qi shan xian	岐山县	80
cen gong	岑巩	80
cen gong xian	岑巩县	80
cen xi	岑溪	80
cen xi shi	岑溪市	80
gang ba	岗巴	80
gang ba xian	岗巴县	80
lan xian	岚县	80
lan shan	岚山	80
lan shan qu	岚山区	80
lan gao	岚皋	80
lan gao xian	岚皋县	80
ke lan	岢岚	80
ke lan xian	岢岚县	80
xiu yan	岫岩	80
xiu yan man zu zi zhi xian	岫岩满族自治县	80
ling dong	岭东	80
ling dong qu	岭东区	80
dai shan	岱山	80
dai shan xian	岱山县	80
dai yue	岱岳	80
dai yue qu	岱岳区	80
yue tang	岳塘	80
yue tang qu	岳塘区	80
yue pu hu	岳普湖	80
yue pu hu xian	岳普湖县	80
yue chi	岳池	80
yue chi xian	岳池县	80
yue xi	岳西	80
yue xi xian	岳西县	80
yue yang	岳阳	250
yue yang xian	岳阳县	80
yue yang shi	岳阳市	250
yue yang lou	岳阳楼	80
yue yang lou qu	岳阳楼区	80
yue lu	岳麓	80
yue lu qu	岳麓区	80
min xian	岷县	80
yi cheng	峄城	80
yi cheng qu	峄城区	80
xia jiang	峡江	80
xia jiang xian	峡江县	80
e shan	峨山	80
e shan yi zu zi zhi xian	峨山彝族自治县	80
e mei shan	峨眉山	80
e mei shan shi	峨眉山市	80
e bian	峨边	80
e bian yi zu zi zhi xian	峨边彝族自治县	80
feng feng kuang	峰峰矿	80
feng feng kuang qu	峰峰矿区	80
lao shan	崂山	80
lao shan qu	崂山区	80
kong dong	崆峒	80
kong dong qu	崆峒区	80
chong yi	崇义	80
chong yi xian	崇义县	80
chong ren	崇仁	80
chong ren xian	崇仁县	80
chong xin	崇信	80
chong xin xian	崇信县	80
chong chuan	崇川	80
chong chuan qu	崇川区	80
chong zhou	崇州	80
chong zhou shi	崇州市	80
chong zuo	崇左	250
chong zuo shi	崇左市	250
chong ming	崇明	80
chong ming qu	崇明区	80
chong li	崇礼	80
chong li qu	崇礼区	80
chong yang	崇阳	80
chong yang xian	崇阳县	80
ya zhou	崖州	80
ya zhou qu	崖州区	80
sheng zhou	嵊州	80
sheng zhou shi	嵊州市	80
sheng si	嵊泗	80
sheng si xian	嵊泗县	80
song xian	嵩县	80
song ming	嵩明	80
song ming xian	嵩明县	80
wei shan	巍山	80
wei shan yi zu hui zu zi zhi xian	巍山彝族回族自治县	80
chuan hui	川汇	80
chuan hui qu	川汇区	80
chao hu	巢湖	80
chao hu shi	巢湖市	80
gong nong	工农	80
gong nong qu	工农区	80
gong bu jiang da	工布江达	80
gong bu jiang da xian	工布江达县	80
zuo yun	左云	80
zuo yun xian	左云县	80
zuo quan	左权	80
zuo quan xian	左权县	80
zuo ying	左营	80
zuo ying qu	左营区	80
zuo gong	左贡	80
zuo gong xian	左贡县	80
zuo zhen	左镇	80
zuo zhen qu	左镇区	80
qiao jia	巧家	80
qiao jia xian	巧家县	80
ju ye	巨野	80
ju ye xian	巨野县	80
ju lu	巨鹿	80
ju lu xian	巨鹿县	80
gong yi	巩义	80
gong yi shi	巩义市	80
gong liu	巩留	80
gong liu xian	巩留县	80
wu shan	巫山	80
wu shan xian	巫山县	80
wu xi	巫溪	80
wu xi xian	巫溪县	80
ba dong	巴东	80
ba dong xian	巴东县	80
ba zhong	巴中	250
ba zhong shi	巴中市	250
ba nan	巴南	80
ba nan qu	巴南区	80
ba tang	巴塘	80
ba tang xian	巴塘县	80
ba yi	巴宜	80
ba yi qu	巴宜区	80
ba zhou	巴州	80
ba zhou qu	巴州区	80
ba yan	巴彦	80
ba yan xian	巴彦县	80
ba yan nao er	巴彦淖尔	250
ba yan nao er shi	巴彦淖尔市	250
ba lin you	巴林右	80
ba lin you qi	巴林右旗	80
ba lin zuo	巴林左	80
ba lin zuo qi	巴林左旗	80
ba chu	巴楚	80
ba chu xian	巴楚县	80
ba li kun	巴里坤	80
ba li kun ha sa ke zi zhi xian	巴里坤哈萨克自治县	80
ba qing	巴青	80
ba qing xian	巴青县	80
ba yin guo leng	巴音郭楞	250
ba yin guo leng meng gu zi zhi zhou	巴音郭楞蒙古自治州	250
ba ma	巴马	80
ba ma yao zu zi zhi xian	巴马瑶族自治县	80
shi zhong	市中	80
shi zhong qu	市中区	80
shi bei	市北	80
shi bei qu	市北区	80
shi nan	市南	80
shi nan qu	市南区	80
bu er jin	布尔津	80
bu er jin xian	布尔津县	80
bu tuo	布拖	80
bu tuo xian	布拖县	80
shi zong	师宗	80
shi zong xian	师宗县	80
chang ning	常宁	80
chang ning shi	常宁市	80
chang shan	常山	80
chang shan xian	常山县	80
chang zhou	常州	250
chang zhou shi	常州市	250
chang de	常德	250
chang de shi	常德市	250
chang shu	常熟	80
chang shu shi	常熟市	80
gan xian	干县	80
gan an	干安	80
gan an xian	干安县	80
ping le	平乐	80
ping le xian	平乐县	80
ping xiang	平乡	80
ping xiang xian	平乡县	80
ping liang	平凉	250
ping liang shi	平凉市	250
ping li	平利	80
ping li xian	平利县	80
ping nan	平南	80
ping nan xian	平南县	80
ping yuan	平原	80
ping yuan xian	平原县	80
ping he	平和	80
ping he xian	平和县	80
ping ba	平坝	80
ping ba qu	平坝区	80
ping cheng	平城	80
ping cheng qu	平城区	80
ping tang	平塘	80
ping tang xian	平塘县	80
ping an	平安	80
ping an qu	平安区	80
ping ding	平定	80
ping ding xian	平定县	80
ping shan	平山	80
ping shan qu	平山区	80
ping shan xian	平山县	80
ping chuan	平川	80
ping chuan qu	平川区	80
ping du	平度	80
ping du shi	平度市	80
ping fang	平房	80
ping fang qu	平房区	80
ping chang	平昌	80
ping chang xian	平昌县	80
ping guo	平果	80
ping guo shi	平果市	80
ping gui	平桂	80
ping gui qu	平桂区	80
ping qiao	平桥	80
ping qiao qu	平桥区	80
ping wu	平武	80
ping wu xian	平武县	80
ping jiang	平江	80
ping jiang xian	平江县	80
ping quan	平泉	80
ping quan shi	平泉市	80
ping hu	平湖	80
ping hu shi	平湖市	80
ping xi	平溪	80
ping xi qu	平溪区	80
ping tan	平潭	80
ping tan xian	平潭县	80
ping luo	平罗	80
ping luo xian	平罗县	80
ping yu	平舆	80
ping yu xian	平舆县	80
ping gu	平谷	80
ping gu qu	平谷区	80
ping yuan	平远	80
ping yuan xian	平远县	80
ping yao	平遥	80
ping yao xian	平遥县	80
ping yi	平邑	80
ping yi xian	平邑县	80
ping zhen	平镇	80
ping zhen qu	平镇区	80
ping yang	平阳	80
ping yang xian	平阳县	80
ping yin	平阴	80
ping yin xian	平阴县	80
ping lu	平陆	80
ping lu xian	平陆县	80
ping ding shan	平顶山	250
ping ding shan shi	平顶山市	250
ping ding shan shi xin hua qu	平顶山市新华区	80
ping shun	平顺	80
ping shun xian	平顺县	80
ping lu	平鲁	80
ping lu qu	平鲁区	80
guang dong	广东	500
guang dong sheng	广东省	500
guang feng	广丰	80
guang feng qu	广丰区	80
guang xin	广信	80
guang xin qu	广信区	80
guang yuan	广元	250
guang yuan shi	广元市	250
guang nan	广南	80
guang nan xian	广南县	80
guang ning	广宁	80
guang ning xian	广宁县	80
guang an	广安	250
guang an qu	广安区	80
guang an shi	广安市	250
guang zong	广宗	80
guang zong xian	广宗县	80
guang zhou	广州	250
guang zhou shi	广州市	250
guang zhou shi nan sha qu	广州市南沙区	80
guang zhou shi bai yun qu	广州市白云区	80
guang ping	广平	80
guang ping xian	广平县	80
guang de	广德	80
guang de shi	广德市	80
guang chang	广昌	80
guang chang xian	广昌县	80
guang shui	广水	80
guang shui shi	广水市	80
guang han	广汉	80
guang han shi	广汉市	80
guang he	广河	80
guang he xian	广河县	80
guang ling	广灵	80
guang ling xian	广灵县	80
guang xi	广西	500
guang xi zhuang zu zi zhi qu	广西壮族自治区	500
guang yang	广阳	80
guang yang qu	广阳区	80
guang ling	广陵	80
guang ling qu	广陵区	80
guang rao	广饶	80
guang rao xian	广饶县	80
zhuang he	庄河	80
zhuang he shi	庄河市	80
zhuang lang	庄浪	80
zhuang lang xian	庄浪县	80
qing yun	庆云	80
qing yun xian	庆云县	80
qing yuan	庆元	80
qing yuan xian	庆元县	80
qing cheng	庆城	80
qing cheng xian	庆城县	80
qing an	庆安	80
qing an xian	庆安县	80
qing yang	庆阳	250
qing yang shi	庆阳市	250
lu shan	庐山	80
lu shan shi	庐山市	80
lu jiang	庐江	80
lu jiang xian	庐江县	80
lu yang	庐阳	80
lu yang qu	庐阳区	80
ku lun	库伦	80
ku lun qi	库伦旗	80
ku er lei	库尔勒	80
ku er lei shi	库尔勒市	80
ku che	库车	80
ku che shi	库车市	80
ying xian	应县	80
ying cheng	应城	80
ying cheng shi	应城市	80
fu gu	府谷	80
fu gu xian	府谷县	80
kang le	康乐	80
kang le xian	康乐县	80
kang bao	康保	80
kang bao xian	康保县	80
kang xian	康县	80
kang ding	康定	80
kang ding shi	康定市	80
kang ba shen	康巴什	80
kang ba shen qu	康巴什区	80
kang ping	康平	80
kang ping xian	康平县	80
kang ma	康马	80
kang ma xian	康马县	80
lian jiang	廉江	80
lian jiang shi	廉江市	80
lang fang	廊坊	250
lang fang shi	廊坊市	250
yan ji	延吉	80
yan ji shi	延吉市	80
yan an	延安	250
yan an shi	延安市	250
yan shou	延寿	80
yan shou xian	延寿县	80
yan chuan	延川	80
yan chuan xian	延川县	80
yan ping	延平	80
yan ping qu	延平区	80
yan qing	延庆	80
yan qing qu	延庆区	80
yan jin	延津	80
yan jin xian	延津县	80
yan bian	延边	250
yan bian chao xian zu zi zhi zhou	延边朝鲜族自治州	250
yan chang	延长	80
yan chang xian	延长县	80
jian hua	建华	80
jian hua qu	建华区	80
jian shi	建始	80
jian shi xian	建始县	80
jian ning	建宁	80
jian ning xian	建宁县	80
jian an	建安	80
jian an qu	建安区	80
jian ping	建平	80
jian ping xian	建平县	80
jian de	建德	80
jian de shi	建德市	80
jian chang	建昌	80
jian chang xian	建昌县	80
jian shui	建水	80
jian shui xian	建水县	80
jian hu	建湖	80
jian hu xian	建湖县	80
jian ou	建瓯	80
jian ou shi	建瓯市	80
jian ye	建邺	80
jian ye qu	建邺区	80
jian yang	建阳	80
jian yang qu	建阳区	80
kai hua	开化	80
kai hua xian	开化县	80
kai yuan	开原	80
kai yuan shi	开原市	80
kai feng	开封	250
kai feng shi	开封市	250
kai feng shi gu lou qu	开封市鼓楼区	80
kai zhou	开州	80
kai zhou qu	开州区	80
kai ping	开平	80
kai ping qu	开平区	80
kai ping shi	开平市	80
kai jiang	开江	80
kai jiang xian	开江县	80
kai fu	开福	80
kai fu qu	开福区	80
kai yuan	开远	80
kai yuan shi	开远市	80
kai yang	开阳	80
kai yang xian	开阳县	80
kai lu	开鲁	80
kai lu xian	开鲁县	80
yi jiang	弋江	80
yi jiang qu	弋江区	80
yi yang	弋阳	80
yi yang xian	弋阳县	80
gong zhang ling	弓长岭	80
gong zhang ling qu	弓长岭区	80
zhang bei	张北	80
zhang bei xian	张北县	80
zhang jia kou	张家口	250
zhang jia kou shi	张家口市	250
zhang jia kou shi qiao xi qu	张家口市桥西区	80
zhang jia chuan	张家川	80
zhang jia chuan hui zu zi zhi xian	张家川回族自治县	80
zhang jia gang	张家港	80
zhang jia gang shi	张家港市	80
zhang jia jie	张家界	250
zhang jia jie shi	张家界市	250
zhang jia jie shi yong ding qu	张家界市永定区	80
zhang dian	张店	80
zhang dian qu	张店区	80
zhang ye	张掖	250
zhang ye shi	张掖市	250
zhang wan	张湾	80
zhang wan qu	张湾区	80
mi le	弥勒	80
mi le shi	弥勒市	80
mi du	弥渡	80
mi du xian	弥渡县	80
mi tuo	弥陀	80
mi tuo qu	弥陀区	80
gui ren	归仁	80
gui ren qu	归仁区	80
dang tu	当涂	80
dang tu xian	当涂县	80
dang yang	当阳	80
dang yang shi	当阳市	80
dang xiong	当雄	80
dang xiong xian	当雄县	80
yi liang	彝良	80
yi liang xian	彝良县	80
bin zhou	彬州	80
bin zhou shi	彬州市	80
peng shan	彭山	80
peng shan qu	彭山区	80
peng zhou	彭州	80
peng zhou shi	彭州市	80
peng shui miao zu tu jia zu zi zhi xian	彭水苗族土家族自治县	80
peng ze	彭泽	80
peng ze xian	彭泽县	80
peng yang	彭阳	80
peng yang xian	彭阳县	80
zhang hua	彰化	80
zhang hua xian	彰化县	80
zhang wu	彰武	80
zhang wu xian	彰武县	80
xu zhou	徐州	250
xu zhou shi	徐州市	250
xu zhou shi gu lou qu	徐州市鼓楼区	80
xu shui	徐水	80
xu shui qu	徐水区	80
xu hui	徐汇	80
xu hui qu	徐汇区	80
xu wen	徐闻	80
xu wen xian	徐闻县	80
de rong	得荣	80
de rong xian	得荣县	80
xun hua	循化	80
xun hua sa la zu zi zhi xian	循化撒拉族自治县	80
wei shan	微山	80
wei shan xian	微山县	80
de ling ha	德令哈	80
de ling ha shi	德令哈市	80
de bao	德保	80
de bao xian	德保县	80
de xing	德兴	80
de xing shi	德兴市	80
de hua	德化	80
de hua xian	德化县	80
de cheng	德城	80
de cheng qu	德城区	80
de an	德安	80
de an xian	德安县	80
de hong	德宏	250
de hong dai zu jing po zu zi zhi zhou	德宏傣族景颇族自治州	250
de zhou	德州	250
de zhou shi	德州市	250
de qing	德庆	80
de qing xian	德庆县	80
de hui	德惠	80
de hui shi	德惠市	80
de chang	德昌	80
de chang xian	德昌县	80
de ge	德格	80
de ge xian	德格县	80
de jiang	德江	80
de jiang xian	德江县	80
de qing	德清	80
de qing xian	德清县	80
de qin	德钦	80
de qin xian	德钦县	80
de yang	德阳	250
de yang shi	德阳市	250
hui xian	徽县	80
hui zhou	徽州	80
hui zhou qu	徽州区	80
zhi dan	志丹	80
zhi dan xian	志丹县	80
zhong xian	忠县	80
xin cheng	忻城	80
xin cheng xian	忻城县	80
xin zhou	忻州	250
xin zhou shi	忻州市	250
xin fu	忻府	80
xin fu qu	忻府区	80
huai ren	怀仁	80
huai ren shi	怀仁市	80
huai hua	怀化	250
huai hua shi	怀化市	250
huai ning	怀宁	80
huai ning xian	怀宁县	80
huai an	怀安	80
huai an xian	怀安县	80
huai lai	怀来	80
huai lai xian	怀来县	80
huai rou	怀柔	80
huai rou qu	怀柔区	80
huai yuan	怀远	80
huai yuan xian	怀远县	80
huai ji	怀集	80
huai ji xian	怀集县	80
nu jiang	怒江	250
nu jiang li su zu zi zhi zhou	怒江傈僳族自治州	250
si nan	思南	80
si nan xian	思南县	80
si ming	思明	80
si ming qu	思明区	80
si mao	思茅	80
si mao qu	思茅区	80
heng shan	恒山	80
heng shan qu	恒山区	80
en ping	恩平	80
en ping shi	恩平市	80
en shi	恩施	250
en shi tu jia zu miao zu zi zhi zhou	恩施土家族苗族自治州	250
en shi shi	恩施市	80
en yang	恩阳	80
en yang qu	恩阳区	80
gong cheng	恭城	80
gong cheng yao zu zi zhi xian	恭城瑶族自治县	80
xi xian	息县	80
xi feng	息烽	80
xi feng xian	息烽县	80
hui dong	惠东	80
hui dong xian	惠东县	80
hui nong	惠农	80
hui nong qu	惠农区	80
hui cheng	惠城	80
hui cheng qu	惠城区	80
hui an	惠安	80
hui an xian	惠安县	80
hui shan	惠山	80
hui shan qu	惠山区	80
hui zhou	惠州	250
hui zhou shi	惠州市	250
hui lai	惠来	80
hui lai xian	惠来县	80
hui min	惠民	80
hui min xian	惠民县	80
hui shui	惠水	80
hui shui xian	惠水县	80
hui ji	惠济	80
hui ji qu	惠济区	80
hui yang	惠阳	80
hui yang qu	惠阳区	80
ci li	慈利	80
ci li xian	慈利县	80
ci xi	慈溪	80
ci xi shi	慈溪市	80
cheng hua	成华	80
cheng hua qu	成华区	80
cheng xian	成县	80
cheng an	成安	80
cheng an xian	成安县	80
cheng wu	成武	80
cheng wu xian	成武县	80
cheng du	成都	250
cheng du shi	成都市	250
fang xian	房县	80
fang shan	房山	80
fang shan qu	房山区	80
zha lan tun	扎兰屯	80
zha lan tun shi	扎兰屯市	80
zha nang	扎囊	80
zha nang xian	扎囊县	80
zha lai te	扎赉特	80
zha lai te qi	扎赉特旗	80
zha lai nuo er	扎赉诺尔	80
zha lai nuo er qu	扎赉诺尔区	80
zha lu te	扎鲁特	80
zha lu te qi	扎鲁特旗	80
tuo ke tuo	托克托	80
tuo ke tuo xian	托克托县	80
tuo ke xun	托克逊	80
tuo ke xun xian	托克逊县	80
tuo li	托里	80
tuo li xian	托里县	80
yang zhong	扬中	80
yang zhong shi	扬中市	80
yang zhou	扬州	250
yang zhou shi	扬州市	250
fu yu	扶余	80
fu yu shi	扶余市	80
fu gou	扶沟	80
fu gou xian	扶沟县	80
fu sui	扶绥	80
fu sui xian	扶绥县	80
fu feng	扶风	80
fu feng xian	扶风县	80
cheng de	承德	250
cheng de xian	承德县	80
cheng de shi	承德市	250
fu ning	抚宁	80
fu ning qu	抚宁区	80
fu zhou	抚州	250
fu zhou shi	抚州市	250
fu song	抚松	80
fu song xian	抚松县	80
fu yuan	抚远	80
fu yuan shi	抚远市	80
fu shun	抚顺	250
fu shun xian	抚顺县	80
fu shun shi	抚顺市	250
la zi	拉孜	80
la zi xian	拉孜县	80
la sa	拉萨	250
la sa shi	拉萨市	250
la sa shi cheng guan qu	拉萨市城关区	80
zhao yuan	招远	80
zhao yuan shi	招远市	80
bai cheng	拜城	80
bai cheng xian	拜城县	80
bai quan	拜泉	80
bai quan xian	拜泉县	80
gong shu	拱墅	80
gong shu qu	拱墅区	80
zhen xing	振兴	80
zhen xing qu	振兴区	80
zhen an	振安	80
zhen an qu	振安区	80
duo dao	掇刀	80
duo dao qu	掇刀区	80
cuo qin	措勤	80
cuo qin xian	措勤县	80
cuo mei	措美	80
cuo mei xian	措美县	80
jie dong	揭东	80
jie dong qu	揭东区	80
jie xi	揭西	80
jie xi xian	揭西县	80
jie yang	揭阳	250
jie yang shi	揭阳市	250
bo zhou	播州	80
bo zhou qu	播州区	80
pan zhi hua	攀枝花	250
pan zhi hua shi	攀枝花市	250
pan zhi hua shi dong qu	攀枝花市东区	80
pan zhi hua shi xi qu	攀枝花市西区	80
you xian	攸县	80
gai ze	改则	80
gai ze xian	改则县	80
zheng he	政和	80
zheng he xian	政和县	80
gu cheng	故城	80
gu cheng xian	故城县	80
ao han	敖汉	80
ao han qi	敖汉旗	80
dun hua	敦化	80
dun hua shi	敦化市	80
dun huang	敦煌	80
dun huang shi	敦煌市	80
wen xian	文县	80
wen sheng	文圣	80
wen sheng qu	文圣区	80
wen an	文安	80
wen an xian	文安县	80
wen shan	文山	250
wen shan qu	文山区	80
wen shan zhuang zu miao zu zi zhi zhou	文山壮族苗族自治州	250
wen shan shi	文山市	80
wen feng	文峰	80
wen feng qu	文峰区	80
wen cheng	文成	80
wen cheng xian	文成县	80
wen chang	文昌	80
wen chang shi	文昌市	80
wen shui	文水	80
wen shui xian	文水县	80
wen deng	文登	80
wen deng qu	文登区	80
dou men	斗门	80
dou men qu	斗门区	80
xin feng	新丰	80
xin feng xian	新丰县	80
xin le	新乐	80
xin le shi	新乐市	80
xin xiang	新乡	250
xin xiang xian	新乡县	80
xin xiang shi	新乡市	250
xin hui	新会	80
xin hui qu	新会区	80
xin yu	新余	250
xin yu shi	新余市	250
xin xing	新兴	80
xin xing qu	新兴区	80
xin xing xian	新兴县	80
xin hua	新化	80
xin hua qu	新化区	80
xin hua xian	新化县	80
xin bei	新北	80
xin bei qu	新北区	80
xin bei shi	新北市	80
xin bei shi tai shan qu	新北市泰山区	80
xin bei shi jin shan qu	新北市金山区	80
xin hua	新华	80
xin hua qu	新华区	80
xin xian	新县	80
xin wu	新吴	80
xin wu qu	新吴区	80
xin he	新和	80
xin he xian	新和县	80
xin cheng	新城	80
xin cheng qu	新城区	80
xin ning	新宁	80
xin ning xian	新宁县	80
xin an	新安	80
xin an xian	新安县	80
xin bin	新宾	80
xin bin man zu zi zhi xian	新宾满族自治县	80
xin mi	新密	80
xin mi shi	新密市	80
xin wu	新屋	80
xin wu qu	新屋区	80
xin ba er hu you	新巴尔虎右	80
xin ba er hu you qi	新巴尔虎右旗	80
xin ba er hu zuo	新巴尔虎左	80
xin ba er hu zuo qi	新巴尔虎左旗	80
xin shi	新市	80
xin shi qu	新市区	80
xin gan	新干	80
xin gan xian	新干县	80
xin ping	新平	80
xin ping yi zu dai zu zi zhi xian	新平彝族傣族自治县	80
xin zhuang	新庄	80
xin zhuang qu	新庄区	80
xin dian	新店	80
xin dian qu	新店区	80
xin jian	新建	80
xin jian qu	新建区	80
xin fu	新抚	80
xin fu qu	新抚区	80
xin chang	新昌	80
xin chang xian	新昌县	80
xin xing	新星	80
xin xing shi	新星市	80
xin huang	新晃	80
xin huang dong zu zi zhi xian	新晃侗族自治县	80
xin min	新民	80
xin min shi	新民市	80
xin yi	新沂	80
xin yi shi	新沂市	80
xin he	新河	80
xin he xian	新河县	80
xin tai	新泰	80
xin tai shi	新泰市	80
xin jin	新津	80
xin jin qu	新津区	80
xin zhou	新洲	80
xin zhou qu	新洲区	80
xin yuan	新源	80
xin yuan xian	新源县	80
xin tian	新田	80
xin tian xian	新田县	80
xin jie	新界	80
xin jie bei qu	新界北区	80
xin jiang	新疆	500
xin jiang wei wu er zi zhi qu	新疆维吾尔自治区	500
xin she	新社	80
xin she qu	新社区	80
xin zhu	新竹	80
xin zhu xian	新竹县	80
xin zhu shi	新竹市	80
xin zhu shi dong qu	新竹市东区	80
xin zhu shi bei qu	新竹市北区	80
xin jiang	新绛	80
xin jiang xian	新绛县	80
xin luo	新罗	80
xin luo qu	新罗区	80
xin rong	新荣	80
xin rong qu	新荣区	80
xin ying	新营	80
xin ying qu	新营区	80
xin cai	新蔡	80
xin cai xian	新蔡县	80
xin qiu	新邱	80
xin qiu qu	新邱区	80
xin shao	新邵	80
xin shao xian	新邵县	80
xin zheng	新郑	80
xin zheng shi	新郑市	80
xin dou	新都	80
xin dou qu	新都区	80
xin ye	新野	80
xin ye xian	新野县	80
xin long	新龙	80
xin long xian	新龙县	80
fang cheng	方城	80
fang cheng xian	方城县	80
fang shan	方山	80
fang shan xian	方山县	80
fang zheng	方正	80
fang zheng xian	方正县	80
shi dian	施甸	80
shi dian xian	施甸县	80
shi bing	施秉	80
shi bing xian	施秉县	80
lv shun kou	旅顺口	80
lv shun kou qu	旅顺口区	80
jing de	旌德	80
jing de xian	旌德县	80
jing yang	旌阳	80
jing yang qu	旌阳区	80
qi shan	旗山	80
qi shan qu	旗山区	80
qi jin	旗津	80
qi jin qu	旗津区	80
wu wei	无为	80
wu wei shi	无为市	80
wu ji	无极	80
wu ji xian	无极县	80
wu di	无棣	80
wu di xian	无棣县	80
wu xi	无锡	250
wu xi shi	无锡市	250
ri ka ze	日喀则	250
ri ka ze shi	日喀则市	250
ri tu	日土	80
ri tu xian	日土县	80
ri zhao	日照	250
ri zhao shi	日照市	250
xun yi	旬邑	80
xun yi xian	旬邑县	80
xun yang	旬阳	80
xun yang shi	旬阳市	80
wang cang	旺苍	80
wang cang xian	旺苍县	80
ang ren	昂仁	80
ang ren xian	昂仁县	80
ang ang xi	昂昂溪	80
ang ang xi qu	昂昂溪区	80
kun shan	昆山	80
kun shan shi	昆山市	80
kun ming	昆明	250
kun ming shi	昆明市	250
kun yu	昆玉	80
kun yu shi	昆玉市	80
kun dou lun	昆都仑	80
kun dou lun qu	昆都仑区	80
chang le	昌乐	80
chang le xian	昌乐县	80
chang ji	昌吉	250
chang ji hui zu zi zhi zhou	昌吉回族自治州	250
chang ji shi	昌吉市	80
chang tu	昌图	80
chang tu xian	昌图县	80
chang ning	昌宁	80
chang ning xian	昌宁县	80
chang ping	昌平	80
chang ping qu	昌平区	80
chang jiang	昌江	80
chang jiang qu	昌江区	80
chang jiang li zu zi zhi xian	昌江黎族自治县	80
chang yi	昌邑	80
chang yi qu	昌邑区	80
chang yi shi	昌邑市	80
chang dou	昌都	250
chang du shi	昌都市	250
chang li	昌黎	80
chang li xian	昌黎县	80
ming guang	明光	80
ming guang shi	明光市	80
ming shan	明山	80
ming shan qu	明山区	80
ming shui	明水	80
ming shui xian	明水县	80
ming xi	明溪	80
ming xi xian	明溪县	80
yi xian	易县	80
yi men	易门	80
yi men xian	易门县	80
xi yang	昔阳	80
xi yang xian	昔阳县	80
zhao hua	昭化	80
zhao hua qu	昭化区	80
zhao ping	昭平	80
zhao ping xian	昭平县	80
zhao su	昭苏	80
zhao su xian	昭苏县	80
zhao jue	昭觉	80
zhao jue xian	昭觉县	80
zhao tong	昭通	250
zhao tong shi	昭通市	250
zhao yang	昭阳	80
zhao yang qu	昭阳区	80
jin zhong	晋中	250
jin zhong shi	晋中市	250
jin cheng	晋城	250
jin cheng shi	晋城市	250
jin cheng shi cheng qu	晋城市城区	80
jin ning	晋宁	80
jin ning qu	晋宁区	80
jin an	晋安	80
jin an qu	晋安区	80
jin zhou	晋州	80
jin zhou shi	晋州市	80
jin jiang	晋江	80
jin jiang shi	晋江市	80
jin yuan	晋源	80
jin yuan qu	晋源区	80
pu lan	普兰	80
pu lan xian	普兰县	80
pu lan dian	普兰店	80
pu lan dian qu	普兰店区	80
pu ning	普宁	80
pu ning shi	普宁市	80
pu an	普安	80
pu an xian	普安县	80
pu ding	普定	80
pu ding xian	普定县	80
pu ge	普格	80
pu ge xian	普格县	80
pu er	普洱	250
pu er shi	普洱市	250
pu tuo	普陀	80
pu tuo qu	普陀区	80
jing dong	景东	80
jing dong yi zu zi zhi xian	景东彝族自治县	80
jing xian	景县	80
jing ning	景宁	80
jing ning she zu zi zhi xian	景宁畲族自治县	80
jing de zhen	景德镇	250
jing de zhen shi	景德镇市	250
jing tai	景泰	80
jing tai xian	景泰县	80
jing hong	景洪	80
jing hong shi	景洪市	80
jing gu	景谷	80
jing gu dai zu yi zu zi zhi xian	景谷傣族彝族自治县	80
qing long	晴隆	80
qing long xian	晴隆县	80
nuan nuan	暖暖	80
nuan nuan qu	暖暖区	80
qu zhou	曲周	80
qu zhou xian	曲周县	80
qu song	曲松	80
qu song xian	曲松县	80
qu shui	曲水	80
qu shui xian	曲水县	80
qu jiang	曲江	80
qu jiang qu	曲江区	80
qu wo	曲沃	80
qu wo xian	曲沃县	80
qu fu	曲阜	80
qu fu shi	曲阜市	80
qu yang	曲阳	80
qu yang xian	曲阳县	80
qu jing	曲靖	250
qu jing shi	曲靖市	250
qu ma lai	曲麻莱	80
qu ma lai xian	曲麻莱县	80
cao xian	曹县	80
cao fei dian	曹妃甸	80
cao fei dian qu	曹妃甸区	80
ceng dou	曾都	80
ceng dou qu	曾都区	80
yue hu	月湖	80
yue hu qu	月湖区	80
shuo cheng	朔城	80
shuo cheng qu	朔城区	80
shuo zhou	朔州	250
shuo zhou shi	朔州市	250
lang xian	朗县	80
wang cheng	望城	80
wang cheng qu	望城区	80
wang kui	望奎	80
wang kui xian	望奎县	80
wang de tang	望德堂	80
wang de tang qu	望德堂区	80
wang jiang	望江	80
wang jiang xian	望江县	80
wang hua	望花	80
wang hua qu	望花区	80
wang mo	望谟	80
wang mo xian	望谟县	80
wang dou	望都	80
wang dou xian	望都县	80
chao tian	朝天	80
chao tian qu	朝天区	80
zhao yang	朝阳	250
chao yang qu	朝阳区	80
zhao yang xian	朝阳县	80
zhao yang shi	朝阳市	250
mu lan	木兰	80
mu lan xian	木兰县	80
mu lei	木垒	80
mu lei ha sa ke zi zhi xian	木垒哈萨克自治县	80
mu li	木里	80
mu li zang zu zi zhi xian	木里藏族自治县	80
wei yang	未央	80
wei yang qu	未央区	80
ben xi	本溪	250
ben xi shi	本溪市	250
ben xi man zu zi zhi xian	本溪满族自治县	80
zha da	札达	80
zha da xian	札达县	80
za duo	杂多	80
za duo xian	杂多县	80
shan lin qu	杉林区	80
li cang	李沧	80
li cang qu	李沧区	80
xing hua ling	杏花岭	80
xing hua ling qu	杏花岭区	80
du er bo te	杜尔伯特	80
du er bo te meng gu zu zi zhi xian	杜尔伯特蒙古族自治县	80
du ji	杜集	80
du ji qu	杜集区	80
qi xian	杞县	80
lai feng	来凤	80
lai feng xian	来凤县	80
lai an	来安	80
lai an xian	来安县	80
lai bin	来宾	250
lai bin shi	来宾市	250
yang mei	杨梅	80
yang mei qu	杨梅区	80
yang pu	杨浦	80
yang pu qu	杨浦区	80
yang ling	杨陵	80
yang ling qu	杨陵区	80
hang zhou	杭州	250
hang zhou shi	杭州市	250
hang zhou shi xi hu qu	杭州市西湖区	80
hang jin	杭锦	80
hang jin hou	杭锦后	80
hang jin hou qi	杭锦后旗	80
hang jin qi	杭锦旗	80
dong qu	東區	80
song bei	松北	80
song bei qu	松北区	80
song yuan	松原	250
song yuan shi	松原市	250
song shan	松山	80
song shan qu	松山区	80
song tao	松桃	80
song tao miao zu zi zhi xian	松桃苗族自治县	80
song jiang	松江	80
song jiang qu	松江区	80
song xi	松溪	80
song xi xian	松溪县	80
song zi	松滋	80
song zi shi	松滋市	80
song pan	松潘	80
song pan xian	松潘县	80
song yang	松阳	80
song yang xian	松阳县	80
ban qiao	板桥	80
ban qiao qu	板桥区	80
lin kou	林口	80
lin kou qu	林口区	80
lin kou xian	林口县	80
lin zhou	林周	80
lin zhou xian	林周县	80
lin yuan	林园	80
lin yuan qu	林园区	80
lin zhou	林州	80
lin zhou shi	林州市	80
lin dian	林甸	80
lin dian xian	林甸县	80
lin zhi	林芝	250
lin zhi shi	林芝市	250
lin xi	林西	80
lin xi xian	林西县	80
guo luo	果洛	250
guo luo zang zu zi zhi zhou	果洛藏族自治州	250
zhi jiang	枝江	80
zhi jiang shi	枝江市	80
zong yang	枞阳	80
zong yang xian	枞阳县	80
zao zhuang	枣庄	250
zao zhuang shi	枣庄市	250
zao zhuang shi shi zhong qu	枣庄市市中区	80
zao qiang	枣强	80
zao qiang xian	枣强县	80
zao yang	枣阳	80
zao yang shi	枣阳市	80
bai xiang	柏乡	80
bai xiang xian	柏乡县	80
zhe cheng	柘城	80
zhe cheng xian	柘城县	80
zhe rong	柘荣	80
zhe rong xian	柘荣县	80
zha shui	柞水	80
zha shui xian	柞水县	80
ke ping	柯坪	80
ke ping xian	柯坪县	80
ke cheng	柯城	80
ke cheng qu	柯城区	80
ke qiao	柯桥	80
ke qiao qu	柯桥区	80
liu bei	柳北	80
liu bei qu	柳北区	80
liu nan	柳南	80
liu nan qu	柳南区	80
liu cheng	柳城	80
liu cheng xian	柳城县	80
liu zhou	柳州	250
liu zhou shi	柳州市	250
liu zhou shi cheng zhong qu	柳州市城中区	80
liu lin	柳林	80
liu lin xian	柳林县	80
liu jiang	柳江	80
liu jiang qu	柳江区	80
liu he	柳河	80
liu he xian	柳河县	80
liu ying	柳营	80
liu ying qu	柳营区	80
chai sang	柴桑	80
chai sang qu	柴桑区	80
shu lin qu	树林区	80
qi xia	栖霞	80
qi xia qu	栖霞区	80
qi xia shi	栖霞市	80
zhu zhou	株洲	250
zhu zhou shi	株洲市	250
gen he	根河	80
gen he shi	根河市	80
ge er mu	格尔木	80
ge er mu shi	格尔木市	80
luan cheng	栾城	80
luan cheng qu	栾城区	80
luan chuan	栾川	80
luan chuan xian	栾川县	80
gui dong	桂东	80
gui dong xian	桂东县	80
gui ping	桂平	80
gui ping shi	桂平市	80
gui lin	桂林	250
gui lin shi	桂林市	250
gui yang	桂阳	80
gui yang xian	桂阳县	80
tao yuan	桃园	80
tao yuan qu	桃园区	80
tao yuan shi	桃园市	80
tao yuan shi fu xing qu	桃园市复兴区	80
tao yuan shi long tan qu	桃园市龙潭区	80
tao cheng	桃城	80
tao cheng qu	桃城区	80
tao shan	桃山	80
tao shan qu	桃山区	80
tao jiang	桃江	80
tao jiang xian	桃江县	80
tao yuan	桃源	80
tao yuan qu	桃源区	80
tao yuan xian	桃源县	80
tong xiang	桐乡	80
tong xiang shi	桐乡市	80
tong cheng	桐城	80
tong cheng shi	桐城市	80
tong lu	桐庐	80
tong lu xian	桐庐县	80
tong bai	桐柏	80
tong bai xian	桐柏县	80
tong zi	桐梓	80
tong zi xian	桐梓县	80
sang ri	桑日	80
sang ri xian	桑日县	80
sang zhi	桑植	80
sang zhi xian	桑植县	80
sang zhu zi	桑珠孜	80
sang zhu zi qu	桑珠孜区	80
huan ren	桓仁	80
huan ren man zu zi zhi xian	桓仁满族自治县	80
huan tai	桓台	80
huan tai xian	桓台县	80
qiao dong	桥东	80
qiao dong qu	桥东区	80
qiao tou	桥头	80
qiao tou qu	桥头区	80
qiao xi	桥西	80
qiao xi qu	桥西区	80
hua nan	桦南	80
hua nan xian	桦南县	80
hua chuan	桦川	80
hua chuan xian	桦川县	80
hua dian	桦甸	80
hua dian shi	桦甸市	80
liang yuan	梁园	80
liang yuan qu	梁园区	80
liang zi hu	梁子湖	80
liang zi hu qu	梁子湖区	80
liang shan	梁山	80
liang shan xian	梁山县	80
liang ping	梁平	80
liang ping qu	梁平区	80
liang he	梁河	80
liang he xian	梁河县	80
liang xi	梁溪	80
liang xi qu	梁溪区	80
mei xian	梅县	80
mei xian qu	梅县区	80
mei zhou	梅州	250
mei zhou shi	梅州市	250
mei jiang	梅江	80
mei jiang qu	梅江区	80
mei he kou	梅河口	80
mei he kou shi	梅河口市	80
mei li si da wo er zu	梅里斯达斡尔族	80
mei li si da wo er zu qu	梅里斯达斡尔族区	80
zi guan	梓官	80
zi guan qu	梓官区	80
zi tong	梓潼	80
zi tong xian	梓潼县	80
wu zhou	梧州	250
wu zhou shi	梧州市	250
wu qi	梧栖	80
wu qi qu	梧栖区	80
li shu	梨树	80
li shu qu	梨树区	80
li shu xian	梨树县	80
jiao jiang	椒江	80
jiao jiang qu	椒江区	80
chu xiong	楚雄	250
chu xiong shi	楚雄市	80
chu xiong yi zu zi zhi zhou	楚雄彝族自治州	250
nan zi	楠梓	80
nan zi qu	楠梓区	80
nan xi	楠西	80
nan xi qu	楠西区	80
yu zhong	榆中	80
yu zhong xian	榆中县	80
yu lin	榆林	250
yu lin shi	榆林市	250
yu shu	榆树	80
yu shu shi	榆树市	80
yu ci	榆次	80
yu ci qu	榆次区	80
yu she	榆社	80
yu she xian	榆社县	80
yu yang	榆阳	80
yu yang qu	榆阳区	80
rong cheng	榕城	80
rong cheng qu	榕城区	80
rong jiang	榕江	80
rong jiang xian	榕江县	80
huai yin	槐荫	80
huai yin qu	槐荫区	80
fan cheng	樊城	80
fan cheng qu	樊城区	80
zhang shu	樟树	80
zhang shu shi	樟树市	80
heng shan	横山	80
heng shan qu	横山区	80
heng feng	横峰	80
heng feng xian	横峰县	80
heng zhou	横州	80
heng zhou shi	横州市	80
she xian	歙县	80
zheng ning	正宁	80
zheng ning xian	正宁县	80
zheng an	正安	80
zheng an xian	正安县	80
zheng ding	正定	80
zheng ding xian	正定县	80
zheng lan	正蓝	80
zheng lan qi	正蓝旗	80
zheng xiang bai	正镶白	80
zheng xiang bai qi	正镶白旗	80
zheng yang	正阳	80
zheng yang xian	正阳县	80
wu yi	武义	80
wu yi xian	武义县	80
wu xiang	武乡	80
wu xiang xian	武乡县	80
wu hou	武侯	80
wu hou qu	武侯区	80
wu gang	武冈	80
wu gang shi	武冈市	80
wu gong	武功	80
wu gong xian	武功县	80
wu cheng	武城	80
wu cheng xian	武城县	80
wu yi shan	武夷山	80
wu yi shan shi	武夷山市	80
wu wei	武威	250
wu wei shi	武威市	250
wu ning	武宁	80
wu ning xian	武宁县	80
wu an	武安	80
wu an shi	武安市	80
wu ding	武定	80
wu ding xian	武定县	80
wu xuan	武宣	80
wu xuan xian	武宣县	80
wu shan	武山	80
wu shan xian	武山县	80
wu chuan	武川	80
wu chuan xian	武川县	80
wu ping	武平	80
wu ping xian	武平县	80
wu qiang	武强	80
wu qiang xian	武强县	80
wu chang	武昌	80
wu chang qu	武昌区	80
wu han	武汉	250
wu han shi	武汉市	250
wu han shi qing shan qu	武汉市青山区	80
wu jiang	武江	80
wu jiang qu	武江区	80
wu qing	武清	80
wu qing qu	武清区	80
wu xue	武穴	80
wu xue shi	武穴市	80
wu sheng	武胜	80
wu sheng xian	武胜县	80
wu jin	武进	80
wu jin qu	武进区	80
wu yi	武邑	80
wu yi xian	武邑县	80
wu dou	武都	80
wu dou qu	武都区	80
wu zhi	武陟	80
wu zhi xian	武陟县	80
wu ling	武陵	80
wu ling qu	武陵区	80
wu ling yuan	武陵源	80
wu ling yuan qu	武陵源区	80
wu long	武隆	80
wu long qu	武隆区	80
wu ming	武鸣	80
wu ming qu	武鸣区	80
yin dou	殷都	80
yin dou qu	殷都区	80
bi ru	比如	80
bi ru xian	比如县	80
bi jie	毕节	250
bi jie shi	毕节市	250
min feng	民丰	80
min feng xian	民丰县	80
min yue	民乐	80
min yue xian	民乐县	80
min qin	民勤	80
min qin xian	民勤县	80
min he	民和	80
min he hui zu tu zu zi zhi xian	民和回族土族自治县	80
min quan	民权	80
min quan xian	民权县	80
shui cheng	水城	80
shui cheng qu	水城区	80
shui fu	水富	80
shui fu shi	水富市	80
shui mo gou	水磨沟	80
shui mo gou qu	水磨沟区	80
yong feng	永丰	80
yong feng xian	永丰县	80
yong ren	永仁	80
yong ren xian	永仁县	80
yong xiu	永修	80
yong xiu xian	永修县	80
yong xing	永兴	80
yong xing xian	永兴县	80
yong ji	永吉	80
yong ji xian	永吉县	80
yong he	永和	80
yong he qu	永和区	80
yong he xian	永和县	80
yong shan	永善	80
yong shan xian	永善县	80
yong jia	永嘉	80
yong jia xian	永嘉县	80
yong cheng	永城	80
yong cheng shi	永城市	80
yong ning	永宁	80
yong ning xian	永宁县	80
yong an	永安	80
yong an qu	永安区	80
yong an shi	永安市	80
yong ding	永定	80
yong ding qu	永定区	80
yong shou	永寿	80
yong shou xian	永寿县	80
yong chuan	永川	80
yong chuan qu	永川区	80
yong zhou	永州	250
yong zhou shi	永州市	250
yong ping	永平	80
yong ping xian	永平县	80
yong nian	永年	80
yong nian qu	永年区	80
yong kang	永康	80
yong kang qu	永康区	80
yong kang shi	永康市	80
yong de	永德	80
yong de xian	永德县	80
yong xin	永新	80
yong xin xian	永新县	80
yong chang	永昌	80
yong chang xian	永昌县	80
yong chun	永春	80
yong chun xian	永春县	80
yong tai	永泰	80
yong tai xian	永泰县	80
yong ji	永济	80
yong ji shi	永济市	80
yong qing	永清	80
yong qing xian	永清县	80
yong deng	永登	80
yong deng xian	永登县	80
yong fu	永福	80
yong fu xian	永福县	80
yong sheng	永胜	80
yong sheng xian	永胜县	80
yong jing	永靖	80
yong jing xian	永靖县	80
yong shun	永顺	80
yong shun xian	永顺县	80
hui chuan	汇川	80
hui chuan qu	汇川区	80
han zhong	汉中	250
han zhong shi	汉中市	250
han nan	汉南	80
han nan qu	汉南区	80
han tai	汉台	80
han tai qu	汉台区	80
han shou	汉寿	80
han shou xian	汉寿县	80
han chuan	汉川	80
han chuan shi	汉川市	80
han yuan	汉源	80
han yuan xian	汉源县	80
han bin	汉滨	80
han bin qu	汉滨区	80
han yang	汉阳	80
han yang qu	汉阳区	80
han yin	汉阴	80
han yin xian	汉阴县	80
xi zhi	汐止	80
xi zhi qu	汐止区	80
shan tou	汕头	250
shan tou shi	汕头市	250
shan wei	汕尾	250
shan wei shi	汕尾市	250
shan wei shi cheng qu	汕尾市城区	80
ru nan	汝南	80
ru nan xian	汝南县	80
ru cheng	汝城	80
ru cheng xian	汝城县	80
ru zhou	汝州	80
ru zhou shi	汝州市	80
ru yang	汝阳	80
ru yang xian	汝阳县	80
jiang bei	江北	80
jiang bei qu	江北区	80
jiang hua	江华	80
jiang hua yao zu zi zhi xian	江华瑶族自治县	80
jiang nan	江南	80
jiang nan qu	江南区	80
jiang kou	江口	80
jiang kou xian	江口县	80
jiang cheng	江城	80
jiang cheng qu	江城区	80
jiang cheng ha ni zu yi zu zi zhi xian	江城哈尼族彝族自治县	80
jiang xia	江夏	80
jiang xia qu	江夏区	80
jiang zi	江孜	80
jiang zi xian	江孜县	80
jiang ning	江宁	80
jiang ning qu	江宁区	80
jiang an	江安	80
jiang an xian	江安县	80
jiang shan	江山	80
jiang shan shi	江山市	80
jiang an	江岸	80
jiang an qu	江岸区	80
jiang chuan	江川	80
jiang chuan qu	江川区	80
jiang zhou	江州	80
jiang zhou qu	江州区	80
jiang yong	江永	80
jiang yong xian	江永县	80
jiang han	江汉	80
jiang han qu	江汉区	80
jiang you	江油	80
jiang you shi	江油市	80
jiang jin	江津	80
jiang jin qu	江津区	80
jiang hai	江海	80
jiang hai qu	江海区	80
jiang yuan	江源	80
jiang yuan qu	江源区	80
jiang su	江苏	500
jiang su sheng	江苏省	500
jiang xi	江西	500
jiang xi sheng	江西省	500
jiang da	江达	80
jiang da xian	江达县	80
jiang du	江都	80
jiang du qu	江都区	80
jiang men	江门	250
jiang men shi	江门市	250
jiang yang	江阳	80
jiang yang qu	江阳区	80
jiang yin	江阴	80
jiang yin shi	江阴市	80
jiang ling	江陵	80
jiang ling xian	江陵县	80
chi zhou	池州	250
chi zhou shi	池州市	250
tang yuan	汤原	80
tang yuan xian	汤原县	80
tang wang	汤旺	80
tang wang xian	汤旺县	80
tang yin	汤阴	80
tang yin xian	汤阴县	80
mi luo	汨罗	80
mi luo shi	汨罗市	80
wang qing	汪清	80
wang qing xian	汪清县	80
wen shang	汶上	80
wen shang xian	汶上县	80
wen chuan	汶川	80
wen chuan xian	汶川县	80
fen xi	汾西	80
fen xi xian	汾西县	80
fen yang	汾阳	80
fen yang shi	汾阳市	80
qin xian	沁县	80
qin shui	沁水	80
qin shui xian	沁水县	80
qin yuan	沁源	80
qin yuan xian	沁源县	80
qin yang	沁阳	80
qin yang shi	沁阳市	80
yi nan	沂南	80
yi nan xian	沂南县	80
yi shui	沂水	80
yi shui xian	沂水县	80
yi yuan	沂源	80
yi yuan xian	沂源县	80
yuan jiang	沅江	80
yuan jiang shi	沅江市	80
yuan ling	沅陵	80
yuan ling xian	沅陵县	80
shen qiu	沈丘	80
shen qiu xian	沈丘县	80
shen bei	沈北	80
shen bei xin qu	沈北新区	80
shen he	沈河	80
shen he qu	沈河区	80
shen yang	沈阳	250
shen yang shi	沈阳市	250
shen yang shi he ping qu	沈阳市和平区	80
shen yang shi tie xi qu	沈阳市铁西区	80
mu chuan	沐川	80
mu chuan xian	沐川县	80
sha yi ba ke	沙依巴克	80
sha yi ba ke qu	沙依巴克区	80
sha xian	沙县	80
sha xian qu	沙县区	80
sha po tou	沙坡头	80
sha po tou qu	沙坡头区	80
sha ping ba	沙坪坝	80
sha ping ba qu	沙坪坝区	80
sha shi	沙市	80
sha shi qu	沙市区	80
sha he	沙河	80
sha he kou	沙河口	80
sha he kou qu	沙河口区	80
sha he shi	沙河市	80
sha yang	沙洋	80
sha yang xian	沙洋县	80
sha wan	沙湾	80
sha wan qu	沙湾区	80
sha wan shi	沙湾市	80
sha tian	沙田	80
sha tian qu	沙田区	80
sha tian qu	沙田區	80
sha ya	沙雅	80
sha ya xian	沙雅县	80
sha lu	沙鹿	80
sha lu qu	沙鹿区	80
pei xian	沛县	80
cang xian	沧县	80
cang zhou	沧州	250
cang zhou shi	沧州市	250
cang zhou shi xin hua qu	沧州市新华区	80
cang yuan	沧源	80
cang yuan wa zu zi zhi xian	沧源佤族自治县	80
shu yang	沭阳	80
shu yang xian	沭阳县	80
he dong	河东	80
he dong qu	河东区	80
he bei	河北	500
he bei qu	河北区	80
he bei sheng	河北省	500
he nan	河南	500
he nan sheng	河南省	500
he nan meng gu zu zi zhi xian	河南蒙古族自治县	80
he kou	河口	80
he kou qu	河口区	80
he kou yao zu zi zhi xian	河口瑶族自治县	80
he qu	河曲	80
he qu xian	河曲县	80
he chi	河池	250
he chi shi	河池市	250
he jin	河津	80
he jin shi	河津市	80
he yuan	河源	250
he yuan shi	河源市	250
he xi	河西	80
he xi qu	河西区	80
he jian	河间	80
he jian shi	河间市	80
you jian wang	油尖旺	80
you jian wang qu	油尖旺区	80
you jian wang qu	油尖旺區	80
zhi duo	治多	80
zhi duo xian	治多县	80
gu yuan	沽源	80
gu yuan xian	沽源县	80
zhan hua	沾化	80
zhan hua qu	沾化区	80
zhan yi	沾益	80
zhan yi qu	沾益区	80
yan he	沿河	80
yan he tu jia zu zi zhi xian	沿河土家族自治县	80
yan tan	沿滩	80
yan tan qu	沿滩区	80
quan shan	泉山	80
quan shan qu	泉山区	80
quan zhou	泉州	250
quan zhou shi	泉州市	250
quan zhou shi jin men xian	泉州市金门县	80
quan gang	泉港	80
quan gang qu	泉港区	80
po tou	泊头	80
po tou shi	泊头市	80
bi yang	泌阳	80
bi yang xian	泌阳县	80
fa ku	法库	80
fa ku xian	法库县	80
si xian	泗县	80
si shui	泗水	80
si shui xian	泗水县	80
si hong	泗洪	80
si hong xian	泗洪县	80
si yang	泗阳	80
si yang xian	泗阳县	80
bo mi	波密	80
bo mi xian	波密县	80
tai xing	泰兴	80
tai xing shi	泰兴市	80
tai he	泰和	80
tai he xian	泰和县	80
tai ning	泰宁	80
tai ning xian	泰宁县	80
tai an	泰安	250
tai an shi	泰安市	250
tai an shi tai shan qu	泰安市泰山区	80
tai shan	泰山	80
tai shan qu	泰山区	80
tai zhou	泰州	250
tai zhou shi	泰州市	250
tai lai	泰来	80
tai lai xian	泰来县	80
tai shun	泰顺	80
tai shun xian	泰顺县	80
lu xian	泸县	80
lu ding	泸定	80
lu ding xian	泸定县	80
lu zhou	泸州	250
lu zhou shi	泸州市	250
lu shui	泸水	80
lu shui shi	泸水市	80
lu xi	泸溪	80
lu xi xian	泸溪县	80
lu xi	泸西	80
lu xi xian	泸西县	80
ze zhou	泽州	80
ze zhou xian	泽州县	80
ze ku	泽库	80
ze ku xian	泽库县	80
ze pu	泽普	80
ze pu xian	泽普县	80
jing xian	泾县	80
jing chuan	泾川	80
jing chuan xian	泾川县	80
jing yuan	泾源	80
jing yuan xian	泾源县	80
jing yang	泾阳	80
jing yang xian	泾阳县	80
yang xian	洋县	80
luo nan	洛南	80
luo nan xian	洛南县	80
luo ning	洛宁	80
luo ning xian	洛宁县	80
luo chuan	洛川	80
luo chuan xian	洛川县	80
luo zha	洛扎	80
luo zha xian	洛扎县	80
luo jiang	洛江	80
luo jiang qu	洛江区	80
luo pu	洛浦	80
luo pu xian	洛浦县	80
luo yang	洛阳	250
luo yang shi	洛阳市	250
luo long	洛隆	80
luo long xian	洛隆县	80
luo long	洛龙	80
luo long qu	洛龙区	80
dong kou	洞口	80
dong kou xian	洞口县	80
dong tou	洞头	80
dong tou qu	洞头区	80
jin nan	津南	80
jin nan qu	津南区	80
jin shi	津市	80
jin shi shi	津市市	80
hong shan	洪山	80
hong shan qu	洪山区	80
hong jiang	洪江	80
hong jiang shi	洪江市	80
hong ze	洪泽	80
hong ze qu	洪泽区	80
hong dong	洪洞	80
hong dong xian	洪洞县	80
hong hu	洪湖	80
hong hu shi	洪湖市	80
hong ya	洪雅	80
hong ya xian	洪雅县	80
tao bei	洮北	80
tao bei qu	洮北区	80
tao nan	洮南	80
tao nan shi	洮南市	80
er yuan	洱源	80
er yuan xian	洱源县	80
zhen jiang	浈江	80
zhen jiang qu	浈江区	80
shi he	浉河	80
shi he qu	浉河区	80
ji nan	济南	250
ji nan shi	济南市	250
ji nan shi shi zhong qu	济南市市中区	80
ji ning	济宁	250
ji ning shi	济宁市	250
ji yuan	济源	80
ji yuan shi	济源市	80
ji yang	济阳	80
ji yang qu	济阳区	80
liu yang	浏阳	80
liu yang shi	浏阳市	80
hun nan	浑南	80
hun nan qu	浑南区	80
hun jiang	浑江	80
hun jiang qu	浑江区	80
hun yuan	浑源	80
hun yuan xian	浑源县	80
xun yang	浔阳	80
xun yang qu	浔阳区	80
zhe jiang	浙江	500
zhe jiang sheng	浙江省	500
xun xian	浚县	80
xi shui	浠水	80
xi shui xian	浠水县	80
pu dong	浦东	80
pu dong xin qu	浦东新区	80
pu bei	浦北	80
pu bei xian	浦北县	80
pu kou	浦口	80
pu kou qu	浦口区	80
pu cheng	浦城	80
pu cheng xian	浦城县	80
pu jiang	浦江	80
pu jiang xian	浦江县	80
lang qia zi	浪卡子	80
lang qia zi xian	浪卡子县	80
fu shan	浮山	80
fu shan xian	浮山县	80
fu liang	浮梁	80
fu liang xian	浮梁县	80
hai dong	海东	250
hai dong shi	海东市	250
hai feng	海丰	80
hai feng xian	海丰县	80
hai lun	海伦	80
hai lun shi	海伦市	80
hai xing	海兴	80
hai xing xian	海兴县	80
hai bo wan	海勃湾	80
hai bo wan qu	海勃湾区	80
hai bei	海北	250
hai bei zang zu zi zhi zhou	海北藏族自治州	250
hai nan	海南	500
hai nan qu	海南区	80
hai nan sheng	海南省	500
hai nan zang zu zi zhi zhou	海南藏族自治州	250
hai yuan	海原	80
hai yuan xian	海原县	80
hai kou	海口	250
hai kou shi	海口市	250
hai kou shi long hua qu	海口市龙华区	80
hai cheng	海城	80
hai cheng qu	海城区	80
hai cheng shi	海城市	80
hai ning	海宁	80
hai ning shi	海宁市	80
hai an	海安	80
hai an shi	海安市	80
hai zhou	海州	80
hai zhou qu	海州区	80
hai la er	海拉尔	80
hai la er qu	海拉尔区	80
hai yan	海晏	80
hai yan xian	海晏县	80
hai shu	海曙	80
hai shu qu	海曙区	80
hai lin	海林	80
hai lin shi	海林市	80
hai tang	海棠	80
hai tang qu	海棠区	80
hai cang	海沧	80
hai cang qu	海沧区	80
hai dian	海淀	80
hai dian qu	海淀区	80
hai gang	海港	80
hai gang qu	海港区	80
hai zhu	海珠	80
hai zhu qu	海珠区	80
hai yan	海盐	80
hai yan xian	海盐县	80
hai xi	海西	250
hai xi meng gu zu zang zu zi zhi zhou	海西蒙古族藏族自治州	250
hai men	海门	80
hai men qu	海门区	80
hai yang	海阳	80
hai yang shi	海阳市	80
hai ling	海陵	80
hai ling qu	海陵区	80
she xian	涉县	80
lai shui	涞水	80
lai shui xian	涞水县	80
lai yuan	涞源	80
lai yuan xian	涞源县	80
lian shui	涟水	80
lian shui xian	涟水县	80
lian yuan	涟源	80
lian yuan shi	涟源市	80
guo yang	涡阳	80
guo yang xian	涡阳县	80
run zhou	润州	80
run zhou qu	润州区	80
jian xi	涧西	80
jian xi qu	涧西区	80
fu cheng	涪城	80
fu cheng qu	涪城区	80
fu ling	涪陵	80
fu ling qu	涪陵区	80
han jiang	涵江	80
han jiang qu	涵江区	80
zhuo zhou	涿州	80
zhuo zhou shi	涿州市	80
zhuo lu	涿鹿	80
zhuo lu xian	涿鹿县	80
zi bo	淄博	250
zi bo shi	淄博市	250
zi chuan	淄川	80
zi chuan qu	淄川区	80
xi chuan	淅川	80
xi chuan xian	淅川县	80
qi xian	淇县	80
qi bin	淇滨	80
qi bin qu	淇滨区	80
dan shui	淡水	80
dan shui qu	淡水区	80
huai shang	淮上	80
huai shang qu	淮上区	80
huai bei	淮北	250
huai bei shi	淮北市	250
huai nan	淮南	250
huai nan shi	淮南市	250
huai an	淮安	250
huai an qu	淮安区	80
huai an shi	淮安市	250
huai bin	淮滨	80
huai bin xian	淮滨县	80
huai yang	淮阳	80
huai yang qu	淮阳区	80
huai yin	淮阴	80
huai yin qu	淮阴区	80
shen zhen	深圳	250
shen zhen shi	深圳市	250
shen zhen shi nan shan qu	深圳市南山区	80
shen zhen shi long hua qu	深圳市龙华区	80
shen keng	深坑	80
shen keng qu	深坑区	80
shen zhou	深州	80
shen zhou shi	深州市	80
shen shui bu	深水埗	80
shen shui bu qu	深水埗区	80
shen shui bu qu	深水埗區	80
shen ze	深泽	80
shen ze xian	深泽县	80
chun hua	淳化	80
chun hua xian	淳化县	80
chun an	淳安	80
chun an xian	淳安县	80
qing feng	清丰	80
qing feng xian	清丰县	80
qing yuan	清原	80
qing yuan man zu zi zhi xian	清原满族自治县	80
qing cheng	清城	80
qing cheng qu	清城区	80
qing xu	清徐	80
qing xu xian	清徐县	80
qing xin qu	清新区	80
qing shui	清水	80
qing shui qu	清水区	80
qing shui xian	清水县	80
qing shui he	清水河	80
qing shui he xian	清水河县	80
qing jiang pu	清江浦	80
qing jiang pu qu	清江浦区	80
qing he	清河	80
qing he qu	清河区	80
qing he xian	清河县	80
qing he men	清河门	80
qing he men qu	清河门区	80
qing liu	清流	80
qing liu xian	清流县	80
qing jian	清涧	80
qing jian xian	清涧县	80
qing yuan	清苑	80
qing yuan qu	清苑区	80
qing yuan	清远	250
qing yuan shi	清远市	250
qing zhen	清镇	80
qing zhen shi	清镇市	80
lu kou	渌口	80
lu kou qu	渌口区	80
mian chi	渑池	80
mian chi xian	渑池县	80
yu zhong	渝中	80
yu zhong qu	渝中区	80
yu shui	渝水	80
yu shui qu	渝水区	80
qu xian	渠县	80
wen xian	温县	80
wen su	温宿	80
wen su xian	温宿县	80
wen ling	温岭	80
wen ling shi	温岭市	80
wen zhou	温州	250
wen zhou shi	温州市	250
wen jiang	温江	80
wen jiang qu	温江区	80
wen quan	温泉	80
wen quan xian	温泉县	80
wei nan	渭南	250
wei nan shi	渭南市	250
wei cheng	渭城	80
wei cheng qu	渭城区	80
wei yuan	渭源	80
wei yuan xian	渭源县	80
wei bin	渭滨	80
wei bin qu	渭滨区	80
gang bei	港北	80
gang bei qu	港北区	80
gang nan	港南	80
gang nan qu	港南区	80
gang kou	港口	80
gang kou qu	港口区	80
you xian	游仙	80
you xian qu	游仙区	80
mei tan	湄潭	80
mei tan xian	湄潭县	80
hu nei	湖内	80
hu nei qu	湖内区	80
hu bei	湖北	500
hu bei sheng	湖北省	500
hu nan	湖南	500
hu nan sheng	湖南省	500
hu kou	湖口	80
hu kou xian	湖口县	80
hu zhou	湖州	250
hu zhou shi	湖州市	250
hu bin	湖滨	80
hu bin qu	湖滨区	80
hu li	湖里	80
hu li qu	湖里区	80
xiang dong	湘东	80
xiang dong qu	湘东区	80
xiang xiang	湘乡	80
xiang xiang shi	湘乡市	80
xiang qiao	湘桥	80
xiang qiao qu	湘桥区	80
xiang tan	湘潭	250
xiang tan xian	湘潭县	80
xiang tan shi	湘潭市	250
xiang xi	湘西	250
xiang xi tu jia zu miao zu zi zhi zhou	湘西土家族苗族自治州	250
xiang yin	湘阴	80
xiang yin xian	湘阴县	80
zhan jiang	湛江	250
zhan jiang shi	湛江市	250
zhan he	湛河	80
zhan he qu	湛河区	80
huang zhong	湟中	80
huang zhong qu	湟中区	80
huang yuan	湟源	80
huang yuan xian	湟源县	80
wan zai	湾仔	80
wan zai qu	湾仔区	80
wan zhi	湾沚	80
wan zhi qu	湾沚区	80
xu pu	溆浦	80
xu pu xian	溆浦县	80
yuan cheng	源城	80
yuan cheng qu	源城区	80
yuan hui	源汇	80
yuan hui qu	源汇区	80
li shui	溧水	80
li shui qu	溧水区	80
li yang	溧阳	80
li yang shi	溧阳市	80
xi hu	溪湖	80
xi hu qu	溪湖区	80
chu zhou	滁州	250
chu zhou shi	滁州市	250
hua xian	滑县	80
teng zhou	滕州	80
teng zhou shi	滕州市	80
man cheng	满城	80
man cheng qu	满城区	80
man zhou li	满洲里	80
man zhou li shi	满洲里市	80
luan nan	滦南	80
luan nan xian	滦南县	80
luan zhou	滦州	80
luan zhou shi	滦州市	80
luan ping	滦平	80
luan ping xian	滦平县	80
bin cheng	滨城	80
bin cheng qu	滨城区	80
bin zhou	滨州	250
bin zhou shi	滨州市	250
bin jiang	滨江	80
bin jiang qu	滨江区	80
bin hai	滨海	80
bin hai xian	滨海县	80
bin hai xin qu	滨海新区	80
bin hu	滨湖	80
bin hu qu	滨湖区	80
di dao	滴道	80
di dao qu	滴道区	80
mo he	漠河	80
mo he shi	漠河市	80
ta he	漯河	250
ta he shi	漯河市	250
zhang xian	漳县	80
zhang zhou	漳州	250
zhang zhou shi	漳州市	250
zhang ping	漳平	80
zhang ping shi	漳平市	80
zhang pu	漳浦	80
zhang pu xian	漳浦县	80
yang bi	漾濞	80
yang bi yi zu zi zhi xian	漾濞彝族自治县	80
wei fang	潍坊	250
wei fang shi	潍坊市	250
wei cheng	潍城	80
wei cheng qu	潍城区	80
pan ji	潘集	80
pan ji qu	潘集区	80
qian shan	潜山	80
qian shan shi	潜山市	80
qian jiang	潜江	80
qian jiang shi	潜江市	80
lu cheng	潞城	80
lu cheng qu	潞城区	80
lu zhou	潞州	80
lu zhou qu	潞州区	80
huang chuan	潢川	80
huang chuan xian	潢川县	80
tan zi	潭子	80
tan zi qu	潭子区	80
chao nan	潮南	80
chao nan qu	潮南区	80
chao an	潮安	80
chao an qu	潮安区	80
chao zhou	潮州	250
chao zhou shi	潮州市	250
chao yang	潮阳	80
chao yang qu	潮阳区	80
tong guan	潼关	80
tong guan xian	潼关县	80
tong nan	潼南	80
tong nan qu	潼南区	80
cheng cheng	澄城	80
cheng cheng xian	澄城县	80
cheng jiang	澄江	80
cheng jiang shi	澄江市	80
cheng hai	澄海	80
cheng hai qu	澄海区	80
cheng mai	澄迈	80
cheng mai xian	澄迈县	80
peng hu	澎湖	80
peng hu xian	澎湖县	80
lan cang	澜沧	80
lan cang la hu zu zi zhi xian	澜沧拉祜族自治县	80
li xian	澧县	80
ao men	澳门	500
ao men ban dao	澳门半岛	80
ao men te bie xing zheng qu	澳门特别行政区	500
lian xi	濂溪	80
lian xi qu	濂溪区	80
sui xi	濉溪	80
sui xi xian	濉溪县	80
hao jiang	濠江	80
hao jiang qu	濠江区	80
pu yang	濮阳	250
pu yang xian	濮阳县	80
pu yang shi	濮阳市	250
chan he hui zu	瀍河回族	80
chan he hui zu qu	瀍河回族区	80
guan yun	灌云	80
guan yun xian	灌云县	80
guan nan	灌南	80
guan nan xian	灌南县	80
guan yang	灌阳	80
guan yang xian	灌阳县	80
ba qiao	灞桥	80
ba qiao qu	灞桥区	80
wan zai qu	灣仔區	80
deng ta	灯塔	80
deng ta shi	灯塔市	80
ling qiu	灵丘	80
ling qiu xian	灵丘县	80
ling tai	灵台	80
ling tai xian	灵台县	80
ling bao	灵宝	80
ling bao shi	灵宝市	80
ling shou	灵寿	80
ling shou xian	灵寿县	80
ling shan	灵山	80
ling shan xian	灵山县	80
ling chuan	灵川	80
ling chuan xian	灵川县	80
ling wu	灵武	80
ling wu shi	灵武市	80
ling bi	灵璧	80
ling bi xian	灵璧县	80
ling shi	灵石	80
ling shi xian	灵石县	80
lu huo	炉霍	80
lu huo xian	炉霍县	80
yan ling	炎陵	80
yan ling xian	炎陵县	80
dian jun	点军	80
dian jun qu	点军区	80
lie shan	烈山	80
lie shan qu	烈山区	80
yan tai	烟台	250
yan tai shi	烟台市	250
yan qi	焉耆	80
yan qi hui zu zi zhi xian	焉耆回族自治县	80
jiao zuo	焦作	250
jiao zuo shi	焦作市	250
yan chao	燕巢	80
yan chao qu	燕巢区	80
ai min	爱民	80
ai min qu	爱民区	80
ai hui	爱辉	80
ai hui qu	爱辉区	80
ya ke shi	牙克石	80
ya ke shi shi	牙克石市	80
mou ding	牟定	80
mou ding xian	牟定县	80
mu ping	牟平	80
mu ping qu	牟平区	80
mu dan	牡丹	80
mu dan qu	牡丹区	80
mu dan jiang	牡丹江	250
mu dan jiang shi	牡丹江市	250
mu dan jiang shi xi an qu	牡丹江市西安区	80
mu ye	牧野	80
mu ye qu	牧野区	80
te ke si	特克斯	80
te ke si xian	特克斯县	80
qian wei	犍为	80
qian wei xian	犍为县	80
du shan	独山	80
du shan xian	独山县	80
du shan zi	独山子	80
du shan zi qu	独山子区	80
xiao ting	猇亭	80
xiao ting qu	猇亭区	80
xian xian	献县	80
xuan wu	玄武	80
xuan wu qu	玄武区	80
yu jing	玉井	80
yu jing qu	玉井区	80
yu ping	玉屏	80
yu ping dong zu zi zhi xian	玉屏侗族自治县	80
yu shan	玉山	80
yu shan xian	玉山县	80
yu zhou	玉州	80
yu zhou qu	玉州区	80
yu lin	玉林	250
yu lin shi	玉林市	250
yu shu	玉树	250
yu shu shi	玉树市	80
yu shu zang zu zi zhi zhou	玉树藏族自治州	250
yu quan	玉泉	80
yu quan qu	玉泉区	80
yu xi	玉溪	250
yu xi shi	玉溪市	250
yu huan	玉环	80
yu huan shi	玉环市	80
yu tian	玉田	80
yu tian xian	玉田县	80
yu men	玉门	80
yu men shi	玉门市	80
yu long	玉龙	80
yu long na xi zu zi zhi xian	玉龙纳西族自治县	80
wang yi	王益	80
wang yi qu	王益区	80
ma duo	玛多	80
ma duo xian	玛多县	80
ma qu	玛曲	80
ma qu xian	玛曲县	80
ma qin	玛沁	80
ma qin xian	玛沁县	80
ma na si	玛纳斯	80
ma na si xian	玛纳斯县	80
huan xian	环县	80
huan jiang	环江	80
huan jiang mao nan zu zi zhi xian	环江毛南族自治县	80
huan cui	环翠	80
huan cui qu	环翠区	80
gong xian	珙县	80
zhu shan	珠山	80
zhu shan qu	珠山区	80
zhu hui	珠晖	80
zhu hui qu	珠晖区	80
zhu hai	珠海	250
zhu hai shi	珠海市	250
ban ge	班戈	80
ban ge xian	班戈县	80
ban ma	班玛	80
ban ma xian	班玛县	80
hun chun	珲春	80
hun chun shi	珲春市	80
lang ya	琅琊	80
lang ya qu	琅琊区	80
li xian	理县	80
li tang	理塘	80
li tang xian	理塘县	80
qiong zhong	琼中	80
qiong zhong li zu miao zu zi zhi xian	琼中黎族苗族自治县	80
qiong shan	琼山	80
qiong shan qu	琼山区	80
qiong hai	琼海	80
qiong hai shi	琼海市	80
qiong jie	琼结	80
qiong jie xian	琼结县	80
rui li	瑞丽	80
rui li shi	瑞丽市	80
rui an	瑞安	80
rui an shi	瑞安市	80
rui chang	瑞昌	80
rui chang shi	瑞昌市	80
rui fang	瑞芳	80
rui fang qu	瑞芳区	80
rui jin	瑞金	80
rui jin shi	瑞金市	80
yao hai	瑶海	80
yao hai qu	瑶海区	80
bi shan	璧山	80
bi shan qu	璧山区	80
gua zhou	瓜州	80
gua zhou xian	瓜州县	80
wa fang dian	瓦房店	80
wa fang dian shi	瓦房店市	80
weng an	瓮安	80
weng an xian	瓮安县	80
ou hai	瓯海	80
ou hai qu	瓯海区	80
gan jing zi	甘井子	80
gan jing zi qu	甘井子区	80
gan nan	甘南	250
gan nan xian	甘南县	80
gan nan zang zu zi zhi zhou	甘南藏族自治州	250
gan zi	甘孜	250
gan zi xian	甘孜县	80
gan zi zang zu zi zhi zhou	甘孜藏族自治州	250
gan zhou	甘州	80
gan zhou qu	甘州区	80
gan de	甘德	80
gan de xian	甘德县	80
gan quan	甘泉	80
gan quan xian	甘泉县	80
gan luo	甘洛	80
gan luo xian	甘洛县	80
gan su	甘肃	500
gan su sheng	甘肃省	500
gan gu	甘谷	80
gan gu xian	甘谷县	80
tian dong	田东	80
tian dong xian	田东县	80
tian jia an	田家庵	80
tian jia an qu	田家庵区	80
tian liao	田寮	80
tian liao qu	田寮区	80
tian lin	田林	80
tian lin xian	田林县	80
tian yang	田阳	80
tian yang qu	田阳区	80
jia xian	甲仙	80
jia xian qu	甲仙区	80
shen zha	申扎	80
shen zha xian	申扎县	80
dian bai	电白	80
dian bai qu	电白区	80
jie shou	界首	80
jie shou shi	界首市	80
liu ba	留坝	80
liu ba xian	留坝县	80
lve yang	略阳	80
lve yang xian	略阳县	80
pan yu	番禺	80
pan yu qu	番禺区	80
shu le	疏勒	80
shu le xian	疏勒县	80
shu fu	疏附	80
shu fu xian	疏附县	80
deng feng	登封	80
deng feng shi	登封市	80
bai yun	白云	80
bai yun qu	白云区	80
bai yun e bo kuang	白云鄂博矿	80
bai yun e bo kuang qu	白云鄂博矿区	80
bai cheng	白城	250
bai cheng shi	白城市	250
bai ta	白塔	80
bai ta qu	白塔区	80
bai shan	白山	250
bai shan shi	白山市	250
bai lang	白朗	80
bai lang xian	白朗县	80
bai yang	白杨	80
bai yang shi	白杨市	80
bai shui	白水	80
bai shui xian	白水县	80
bai sha	白沙	80
bai sha li zu zi zhi xian	白沙黎族自治县	80
bai he	白河	80
bai he qu	白河区	80
bai he xian	白河县	80
bai yu	白玉	80
bai yu xian	白玉县	80
bai jian tan	白碱滩	80
bai jian tan qu	白碱滩区	80
bai yin	白银	250
bai yin qu	白银区	80
bai yin shi	白银市	250
bai se	百色	250
bai se shi	百色市	250
huang gu	皇姑	80
huang gu qu	皇姑区	80
gao lan	皋兰	80
gao lan xian	皋兰县	80
pi shan	皮山	80
pi shan xian	皮山县	80
yu xian	盂县	80
ying jiang	盈江	80
ying jiang xian	盈江县	80
yi yang	益阳	250
yi yang shi	益阳市	250
yan ting	盐亭	80
yan ting xian	盐亭县	80
yan cheng	盐城	250
yan cheng shi	盐城市	250
yan cheng	盐埕	80
yan cheng qu	盐埕区	80
yan shan	盐山	80
yan shan xian	盐山县	80
yan shui	盐水	80
yan shui qu	盐水区	80
yan chi	盐池	80
yan chi xian	盐池县	80
yan jin	盐津	80
yan jin xian	盐津县	80
yan hu	盐湖	80
yan hu qu	盐湖区	80
yan yuan	盐源	80
yan yuan xian	盐源县	80
yan tian	盐田	80
yan tian qu	盐田区	80
yan bian	盐边	80
yan bian xian	盐边县	80
yan dou	盐都	80
yan dou qu	盐都区	80
jian li	监利	80
jian li shi	监利市	80
gai zhou	盖州	80
gai zhou shi	盖州市	80
pan shan	盘山	80
pan shan xian	盘山县	80
pan zhou	盘州	80
pan zhou shi	盘州市	80
pan jin	盘锦	250
pan jin shi	盘锦市	250
pan long	盘龙	80
pan long qu	盘龙区	80
xu yi	盱眙	80
xu yi xian	盱眙县	80
xiang cheng	相城	80
xiang cheng qu	相城区	80
xiang shan	相山	80
xiang shan qu	相山区	80
mei xian	眉县	80
mei shan	眉山	250
mei shan shi	眉山市	250
sui xian	睢县	80
sui ning	睢宁	80
sui ning xian	睢宁县	80
sui yang	睢阳	80
sui yang qu	睢阳区	80
shi gang	石冈	80
shi gang qu	石冈区	80
shi tai	石台	80
shi tai xian	石台县	80
shi zui shan	石嘴山	250
shi zui shan shi	石嘴山市	250
shi cheng	石城	80
shi cheng xian	石城县	80
shi jia zhuang	石家庄	250
shi jia zhuang shi	石家庄市	250
shi jia zhuang shi xin hua qu	石家庄市新华区	80
shi jia zhuang shi qiao xi qu	石家庄市桥西区	80
shi jia zhuang shi chang an qu	石家庄市长安区	80
shi ping	石屏	80
shi ping xian	石屏县	80
shi feng	石峰	80
shi feng qu	石峰区	80
shi guai	石拐	80
shi guai qu	石拐区	80
shi jing shan	石景山	80
shi jing shan qu	石景山区	80
shi lin	石林	80
shi lin yi zu zi zhi xian	石林彝族自治县	80
shi zhu	石柱	80
shi zhu tu jia zu zi zhi xian	石柱土家族自治县	80
shi mian	石棉	80
shi mian xian	石棉县	80
shi lou	石楼	80
shi lou xian	石楼县	80
shi he zi	石河子	80
shi he zi shi	石河子市	80
shi quan	石泉	80
shi quan xian	石泉县	80
shi qu	石渠	80
shi qu xian	石渠县	80
shi shi	石狮	80
shi shi shi	石狮市	80
shi ding	石碇	80
shi ding qu	石碇区	80
shi men	石门	80
shi men qu	石门区	80
shi men xian	石门县	80
shi qian	石阡	80
shi qian xian	石阡县	80
shi shou	石首	80
shi shou shi	石首市	80
shi gu	石鼓	80
shi gu qu	石鼓区	80
shi long	石龙	80
shi long qu	石龙区	80
kuang qu	矿区	80
dang shan	砀山	80
dang shan xian	砀山县	80
yan shan	砚山	80
yan shan xian	砚山县	80
qiao kou	硚口	80
qiao kou qu	硚口区	80
que shan	确山	80
que shan xian	确山县	80
lu qu	碌曲	80
lu qu xian	碌曲县	80
bei lin qu	碑林区	80
bi jiang	碧江	80
bi jiang qu	碧江区	80
nian zi shan	碾子山	80
nian zi shan qu	碾子山区	80
ci xian	磁县	80
pan an	磐安	80
pan an xian	磐安县	80
pan shi	磐石	80
pan shi shi	磐石市	80
deng kou	磴口	80
deng kou xian	磴口县	80
li xian	礼县	80
li quan	礼泉	80
li quan xian	礼泉县	80
she qi	社旗	80
she qi xian	社旗县	80
qi dong	祁东	80
qi dong xian	祁东县	80
qi xian	祁县	80
qi lian	祁连	80
qi lian xian	祁连县	80
qi men	祁门	80
qi men xian	祁门县	80
qi yang	祁阳	80
qi yang shi	祁阳市	80
shen gang	神冈	80
shen gang qu	神冈区	80
shen nong jia	神农架	80
shen nong jia lin qu	神农架林区	80
shen mu	神木	80
shen mu shi	神木市	80
shen chi	神池	80
shen chi xian	神池县	80
xiang yun	祥云	80
xiang yun xian	祥云县	80
xiang fu	祥符	80
xiang fu qu	祥符区	80
lu feng	禄丰	80
lu feng shi	禄丰市	80
lu quan	禄劝	80
lu quan yi zu miao zu zi zhi xian	禄劝彝族苗族自治县	80
chan cheng	禅城	80
chan cheng qu	禅城区	80
fu an	福安	80
fu an shi	福安市	80
fu shan	福山	80
fu shan qu	福山区	80
fu zhou	福州	250
fu zhou shi	福州市	250
fu zhou shi lian jiang xian	福州市连江县	80
fu zhou shi gu lou qu	福州市鼓楼区	80
fu jian	福建	500
fu jian sheng	福建省	500
fu quan	福泉	80
fu quan shi	福泉市	80
fu hai	福海	80
fu hai xian	福海县	80
fu qing	福清	80
fu qing shi	福清市	80
fu tian	福田	80
fu tian qu	福田区	80
fu mian	福绵	80
fu mian qu	福绵区	80
fu gong	福贡	80
fu gong xian	福贡县	80
fu ding	福鼎	80
fu ding shi	福鼎市	80
yu hui	禹会	80
yu hui qu	禹会区	80
yu cheng	禹城	80
yu cheng shi	禹城市	80
yu zhou	禹州	80
yu zhou shi	禹州市	80
yu wang tai	禹王台	80
yu wang tai qu	禹王台区	80
li dao	离岛	80
li dao qu	离岛区	80
li shi	离石	80
li shi qu	离石区	80
xiu shan	秀山	80
xiu shan tu jia zu miao zu zi zhi xian	秀山土家族苗族自治县	80
xiu yu	秀屿	80
xiu yu qu	秀屿区	80
xiu feng	秀峰	80
xiu feng qu	秀峰区	80
xiu zhou	秀洲	80
xiu zhou qu	秀洲区	80
xiu ying	秀英	80
xiu ying qu	秀英区	80
ke er qin	科尔沁	80
ke er qin qu	科尔沁区	80
ke er qin you yi zhong	科尔沁右翼中	80
ke er qin you yi zhong qi	科尔沁右翼中旗	80
ke er qin you yi qian	科尔沁右翼前	80
ke er qin you yi qian qi	科尔沁右翼前旗	80
ke er qin zuo yi zhong	科尔沁左翼中	80
ke er qin zuo yi zhong qi	科尔沁左翼中旗	80
ke er qin zuo yi hou	科尔沁左翼后	80
ke er qin zuo yi hou qi	科尔沁左翼后旗	80
qin an	秦安	80
qin an xian	秦安县	80
qin zhou	秦州	80
qin zhou qu	秦州区	80
qin huai	秦淮	80
qin huai qu	秦淮区	80
qin huang dao	秦皇岛	250
qin huang dao shi	秦皇岛市	250
qin dou	秦都	80
qin dou qu	秦都区	80
zi gui	秭归	80
zi gui xian	秭归县	80
ji shi shan	积石山	80
ji shi shan bao an zu dong xiang zu sa la zu zi zhi xian	积石山保安族东乡族撒拉族自治县	80
cheng duo	称多	80
cheng duo xian	称多县	80
ji shan	稷山	80
ji shan xian	稷山县	80
dao cheng	稻城	80
dao cheng xian	稻城县	80
mu leng	穆棱	80
mu leng shi	穆棱市	80
tu quan	突泉	80
tu quan xian	突泉县	80
li shan	立山	80
li shan qu	立山区	80
zhan qian	站前	80
zhan qian qu	站前区	80
jing xiu	竞秀	80
jing xiu qu	竞秀区	80
zhang qiu	章丘	80
zhang qiu qu	章丘区	80
zhang gong	章贡	80
zhang gong qu	章贡区	80
duan zhou	端州	80
duan zhou qu	端州区	80
zhu shan	竹山	80
zhu shan xian	竹山县	80
zhu xi	竹溪	80
zhu xi xian	竹溪县	80
ce lei	策勒	80
ce lei xian	策勒县	80
yun lian	筠连	80
yun lian xian	筠连县	80
jian yang	简阳	80
jian yang shi	简阳市	80
guan cheng hui zu	管城回族	80
guan cheng hui zu qu	管城回族区	80
mi dong	米东	80
mi dong qu	米东区	80
mi yi	米易	80
mi yi xian	米易县	80
mi lin	米林	80
mi lin shi	米林市	80
mi zhi	米脂	80
mi zhi xian	米脂县	80
lei wu qi	类乌齐	80
lei wu qi xian	类乌齐县	80
jing he	精河	80
jing he xian	精河县	80
suo xian	索县	80
zi yun	紫云	80
zi yun miao zu bu yi zu zi zhi xian	紫云苗族布依族自治县	80
zi jin	紫金	80
zi jin xian	紫金县	80
zi yang	紫阳	80
zi yang xian	紫阳县	80
qi jiang	綦江	80
qi jiang qu	綦江区	80
fan shi	繁峙	80
fan shi xian	繁峙县	80
fan chang	繁昌	80
fan chang qu	繁昌区	80
hong yuan	红原	80
hong yuan xian	红原县	80
hong gu	红古	80
hong gu qu	红古区	80
hong ta	红塔	80
hong ta qu	红塔区	80
hong an	红安	80
hong an xian	红安县	80
hong si bao	红寺堡	80
hong si bao qu	红寺堡区	80
hong shan	红山	80
hong shan qu	红山区	80
hong gang	红岗	80
hong gang qu	红岗区	80
hong qi	红旗	80
hong qi qu	红旗区	80
hong qiao	红桥	80
hong qiao qu	红桥区	80
hong he	红河	250
hong he xian	红河县	80
hong he ha ni zu yi zu zi zhi zhou	红河哈尼族彝族自治州	250
hong hua gang	红花岗	80
hong hua gang qu	红花岗区	80
hong gu tan	红谷滩	80
hong gu tan qu	红谷滩区	80
na xi	纳溪	80
na xi qu	纳溪区	80
na yong	纳雍	80
na yong xian	纳雍县	80
xi he	细河	80
xi he qu	细河区	80
zhi jin	织金	80
zhi jin xian	织金县	80
shao xing	绍兴	250
shao xing shi	绍兴市	250
jiang xian	绛县	80
sui zhong	绥中	80
sui zhong xian	绥中县	80
sui hua	绥化	250
sui hua shi	绥化市	250
sui ning	绥宁	80
sui ning xian	绥宁县	80
sui de	绥德	80
sui de xian	绥德县	80
sui leng	绥棱	80
sui leng xian	绥棱县	80
sui jiang	绥江	80
sui jiang xian	绥江县	80
sui bin	绥滨	80
sui bin xian	绥滨县	80
sui fen he	绥芬河	80
sui fen he shi	绥芬河市	80
sui yang	绥阳	80
sui yang xian	绥阳县	80
ji xi	绩溪	80
ji xi xian	绩溪县	80
wei xi	维西	80
wei xi li su zu zi zhi xian	维西傈僳族自治县	80
mian zhu	绵竹	80
mian zhu shi	绵竹市	80
mian yang	绵阳	250
mian yang shi	绵阳市	250
lv yuan	绿园	80
lv yuan qu	绿园区	80
lv chun	绿春	80
lv chun xian	绿春县	80
jin yun	缙云	80
jin yun xian	缙云县	80
luo cheng	罗城	80
luo cheng mu lao zu zi zhi xian	罗城仫佬族自治县	80
luo ding	罗定	80
luo ding shi	罗定市	80
luo shan	罗山	80
luo shan xian	罗山县	80
luo ping	罗平	80
luo ping xian	罗平县	80
luo zhuang	罗庄	80
luo zhuang qu	罗庄区	80
luo jiang	罗江	80
luo jiang qu	罗江区	80
luo hu	罗湖	80
luo hu qu	罗湖区	80
luo yuan	罗源	80
luo yuan xian	罗源县	80
luo tian	罗田	80
luo tian xian	罗田县	80
luo dian	罗甸	80
luo dian xian	罗甸县	80
mei lan	美兰	80
mei lan qu	美兰区	80
mei gu	美姑	80
mei gu xian	美姑县	80
mei nong	美浓	80
mei nong qu	美浓区	80
weng yuan	翁源	80
weng yuan xian	翁源县	80
weng niu te	翁牛特	80
weng niu te qi	翁牛特旗	80
xiang an	翔安	80
xiang an qu	翔安区	80
cui ping	翠屏	80
cui ping qu	翠屏区	80
yi cheng	翼城	80
yi cheng xian	翼城县	80
yao zhou	耀州	80
yao zhou qu	耀州区	80
lao cheng	老城	80
lao cheng qu	老城区	80
lao he kou	老河口	80
lao he kou shi	老河口市	80
lao bian	老边	80
lao bian qu	老边区	80
lei yang	耒阳	80
lei yang shi	耒阳市	80
geng ma	耿马	80
geng ma dai zu wa zu zi zhi xian	耿马傣族佤族自治县	80
nie la mu	聂拉木	80
nie la mu xian	聂拉木县	80
nie rong	聂荣	80
nie rong xian	聂荣县	80
liao cheng	聊城	250
liao cheng shi	聊城市	250
su bei	肃北	80
su bei meng gu zu zi zhi xian	肃北蒙古族自治县	80
su nan	肃南	80
su nan yu gu zu zi zhi xian	肃南裕固族自治县	80
su ning	肃宁	80
su ning xian	肃宁县	80
su zhou	肃州	80
su zhou qu	肃州区	80
zhao dong	肇东	80
zhao dong shi	肇东市	80
zhao zhou	肇州	80
zhao zhou xian	肇州县	80
zhao qing	肇庆	250
zhao qing shi	肇庆市	250
zhao yuan	肇源	80
zhao yuan xian	肇源县	80
fei dong	肥东	80
fei dong xian	肥东县	80
fei xiang	肥乡	80
fei xiang qu	肥乡区	80
fei cheng	肥城	80
fei cheng shi	肥城市	80
fei xi	肥西	80
fei xi xian	肥西县	80
hu yang he	胡杨河	80
hu yang he shi	胡杨河市	80
jiao zhou	胶州	80
jiao zhou shi	胶州市	80
teng chong	腾冲	80
teng chong shi	腾冲市	80
zi liu jing	自流井	80
zi liu jing qu	自流井区	80
zi gong	自贡	250
zi gong shi	自贡市	250
zi gong shi da an qu	自贡市大安区	80
shu lan	舒兰	80
shu lan shi	舒兰市	80
shu cheng	舒城	80
shu cheng xian	舒城县	80
wu gang	舞钢	80
wu gang shi	舞钢市	80
wu yang	舞阳	80
wu yang xian	舞阳县	80
zhou shan	舟山	250
zhou shan shi	舟山市	250
zhou shan shi pu tuo qu	舟山市普陀区	80
zhou qu	舟曲	80
zhou qu xian	舟曲县	80
chuan shan	船山	80
chuan shan qu	船山区	80
chuan ying	船营	80
chuan ying qu	船营区	80
liang qing	良庆	80
liang qing qu	良庆区	80
se ni	色尼	80
se ni qu	色尼区	80
se da	色达	80
se da xian	色达县	80
mang shi	芒市	80
mang kang	芒康	80
mang kang xian	芒康县	80
xiang cheng	芗城	80
xiang cheng qu	芗城区	80
fu rong	芙蓉	80
fu rong qu	芙蓉区	80
wu hu	芜湖	250
wu hu shi	芜湖市	250
zhi fu	芝罘	80
zhi fu qu	芝罘区	80
lu shan	芦山	80
lu shan xian	芦山县	80
lu zhou	芦洲	80
lu zhou qu	芦洲区	80
lu song	芦淞	80
lu song qu	芦淞区	80
lu xi	芦溪	80
lu xi xian	芦溪县	80
lu zhu	芦竹	80
lu zhu qu	芦竹区	80
rui cheng	芮城	80
rui cheng xian	芮城县	80
hua di ma tang	花地玛堂	80
hua di ma tang qu	花地玛堂区	80
hua yuan	花垣	80
hua yuan xian	花垣县	80
hua shan	花山	80
hua shan qu	花山区	80
hua xi	花溪	80
hua xi qu	花溪区	80
hua wang tang	花王堂	80
hua wang tang qu	花王堂区	80
hua lian	花莲	80
hua lian xian	花莲县	80
hua dou	花都	80
hua dou qu	花都区	80
zhi jiang	芷江	80
zhi jiang dong zu zi zhi xian	芷江侗族自治县	80
cang nan	苍南	80
cang nan xian	苍南县	80
cang wu	苍梧	80
cang wu xian	苍梧县	80
cang xi	苍溪	80
cang xi xian	苍溪县	80
su xian	苏仙	80
su xian qu	苏仙区	80
su jia tun	苏家屯	80
su jia tun qu	苏家屯区	80
su ni te you	苏尼特右	80
su ni te you qi	苏尼特右旗	80
su ni te zuo	苏尼特左	80
su ni te zuo qi	苏尼特左旗	80
su zhou	苏州	250
su zhou shi	苏州市	250
ling ya	苓雅	80
ling ya qu	苓雅区	80
miao li	苗栗	80
miao li xian	苗栗县	80
ruo er gai	若尔盖	80
ruo er gai xian	若尔盖县	80
ruo qiang	若羌	80
ruo qiang xian	若羌县	80
ying ji sha	英吉沙	80
ying ji sha xian	英吉沙县	80
ying shan	英山	80
ying shan xian	英山县	80
ying de	英德	80
ying de shi	英德市	80
mao nan	茂南	80
mao nan qu	茂南区	80
mao xian	茂县	80
mao ming	茂名	250
mao ming shi	茂名市	250
mao lin qu	茂林区	80
fan xian	范县	80
qie zi he	茄子河	80
qie zi he qu	茄子河区	80
jia ding	茄萣	80
jia ding qu	茄萣区	80
mao jian	茅箭	80
mao jian qu	茅箭区	80
chi ping	茌平	80
chi ping qu	茌平区	80
mang ya	茫崖	80
mang ya shi	茫崖市	80
cha ling	茶陵	80
cha ling xian	茶陵县	80
quan wan	荃湾	80
quan wan qu	荃湾区	80
quan wan qu	荃灣區	80
jing zhou	荆州	250
jing zhou qu	荆州区	80
jing zhou shi	荆州市	250
jing men	荆门	250
jing men shi	荆门市	250
li cheng	荔城	80
li cheng qu	荔城区	80
li bo	荔波	80
li bo xian	荔波县	80
li pu	荔浦	80
li pu shi	荔浦市	80
li wan	荔湾	80
li wan qu	荔湾区	80
rong xian	荣县	80
rong cheng	荣成	80
rong cheng shi	荣成市	80
rong chang	荣昌	80
rong chang qu	荣昌区	80
ying jing	荥经	80
ying jing xian	荥经县	80
xing yang	荥阳	80
xing yang shi	荥阳市	80
he tang	荷塘	80
he tang qu	荷塘区	80
pu tian	莆田	250
pu tian shi	莆田市	250
sha che	莎车	80
sha che xian	莎车县	80
ju nan	莒南	80
ju nan xian	莒南县	80
ju xian	莒县	80
shen xian	莘县	80
mo li da wa	莫力达瓦	80
mo li da wa da wo er zu zi zhi qi	莫力达瓦达斡尔族自治旗	80
lai shan	莱山	80
lai shan qu	莱山区	80
lai zhou	莱州	80
lai zhou shi	莱州市	80
lai wu	莱芜	80
lai wu qu	莱芜区	80
lai xi	莱西	80
lai xi shi	莱西市	80
lai yang	莱阳	80
lai yang shi	莱阳市	80
lian chi	莲池	80
lian chi qu	莲池区	80
lian hu	莲湖	80
lian hu qu	莲湖区	80
lian hua	莲花	80
lian hua xian	莲花县	80
lian dou	莲都	80
lian dou qu	莲都区	80
huo jia	获嘉	80
huo jia xian	获嘉县	80
ying ge	莺歌	80
ying ge qu	莺歌区	80
he ze	菏泽	250
he ze shi	菏泽市	250
ping xiang	萍乡	250
ping xiang shi	萍乡市	250
luo bei	萝北	80
luo bei xian	萝北县	80
ying kou	营口	250
ying kou shi	营口市	250
ying shan	营山	80
ying shan xian	营山县	80
xiao xian	萧县	80
xiao shan	萧山	80
xiao shan qu	萧山区	80
sa ga	萨嘎	80
sa ga xian	萨嘎县	80
sa er tu	萨尔图	80
sa er tu qu	萨尔图区	80
sa jia	萨迦	80
sa jia xian	萨迦县	80
hu lu dao	葫芦岛	250
hu lu dao shi	葫芦岛市	250
kui qing	葵青	80
kui qing qu	葵青区	80
kui qing qu	葵青區	80
meng cheng	蒙城	80
meng cheng xian	蒙城县	80
meng shan	蒙山	80
meng shan xian	蒙山县	80
meng zi	蒙自	80
meng zi shi	蒙自市	80
meng yin	蒙阴	80
meng yin xian	蒙阴县	80
pu xian	蒲县	80
pu cheng	蒲城	80
pu cheng xian	蒲城县	80
pu jiang	蒲江	80
pu jiang xian	蒲江县	80
zheng xiang	蒸湘	80
zheng xiang qu	蒸湘区	80
lan shan	蓝山	80
lan shan xian	蓝山县	80
lan tian	蓝田	80
lan tian xian	蓝田县	80
ji zhou	蓟州	80
ji zhou qu	蓟州区	80
peng an	蓬安	80
peng an xian	蓬安县	80
peng jiang	蓬江	80
peng jiang qu	蓬江区	80
peng xi	蓬溪	80
peng xi xian	蓬溪县	80
peng lai	蓬莱	80
peng lai qu	蓬莱区	80
yu xian	蔚县	80
cai dian	蔡甸	80
cai dian qu	蔡甸区	80
jiao cheng	蕉城	80
jiao cheng qu	蕉城区	80
jiao ling	蕉岭	80
jiao ling xian	蕉岭县	80
qi chun	蕲春	80
qi chun xian	蕲春县	80
xue cheng	薛城	80
xue cheng qu	薛城区	80
gao cheng	藁城	80
gao cheng qu	藁城区	80
teng xian	藤县	80
hu qiu	虎丘	80
hu qiu qu	虎丘区	80
hu lin	虎林	80
hu lin shi	虎林市	80
yu cheng	虞城	80
yu cheng xian	虞城县	80
hong kou	虹口	80
hong kou qu	虹口区	80
beng bu	蚌埠	250
beng bu shi	蚌埠市	250
bang shan	蚌山	80
bang shan qu	蚌山区	80
jiao he	蛟河	80
jiao he shi	蛟河市	80
shu shan	蜀山	80
shu shan qu	蜀山区	80
rong an	融安	80
rong an xian	融安县	80
rong shui miao zu zi zhi xian	融水苗族自治县	80
li xian	蠡县	80
xing tang	行唐	80
xing tang xian	行唐县	80
heng dong	衡东	80
heng dong xian	衡东县	80
heng nan	衡南	80
heng nan xian	衡南县	80
heng shan	衡山	80
heng shan xian	衡山县	80
heng shui	衡水	250
heng shui shi	衡水市	250
heng yang	衡阳	250
heng yang xian	衡阳县	80
heng yang shi	衡阳市	250
qu zhou	衢州	250
qu zhou shi	衢州市	250
qu jiang	衢江	80
qu jiang qu	衢江区	80
yuan zhou	袁州	80
yuan zhou qu	袁州区	80
yu hua	裕华	80
yu hua qu	裕华区	80
yu an	裕安	80
yu an qu	裕安区	80
yu min	裕民	80
yu min xian	裕民县	80
xiang yuan	襄垣	80
xiang yuan xian	襄垣县	80
xiang cheng	襄城	80
xiang cheng qu	襄城区	80
xiang cheng xian	襄城县	80
xiang zhou	襄州	80
xiang zhou qu	襄州区	80
xiang fen	襄汾	80
xiang fen xian	襄汾县	80
xiang dou	襄都	80
xiang dou qu	襄都区	80
xiang yang	襄阳	250
xiang yang shi	襄阳市	250
xi feng	西丰	80
xi feng xian	西丰县	80
xi wu zhu mu qin	西乌珠穆沁	80
xi wu zhu mu qin qi	西乌珠穆沁旗	80
xi xiang	西乡	80
xi xiang xian	西乡县	80
xi xiang tang	西乡塘	80
xi xiang tang qu	西乡塘区	80
xi chong	西充	80
xi chong xian	西充县	80
xi qu	西区	80
xi hua	西华	80
xi hua xian	西华县	80
xi shuang ban na	西双版纳	250
xi shuang ban na dai zu zi zhi zhou	西双版纳傣族自治州	250
xi ji	西吉	80
xi ji xian	西吉县	80
xi he	西和	80
xi he xian	西和县	80
xi gu	西固	80
xi gu qu	西固区	80
xi cheng	西城	80
xi cheng qu	西城区	80
xi sai shan	西塞山	80
xi sai shan qu	西塞山区	80
xi xia	西夏	80
xi xia qu	西夏区	80
xi ning	西宁	250
xi ning shi	西宁市	250
xi ning shi cheng zhong qu	西宁市城中区	80
xi an	西安	250
xi an qu	西安区	80
xi an shi	西安市	250
xi an shi xin cheng qu	西安市新城区	80
xi an shi chang an qu	西安市长安区	80
xi tun	西屯	80
xi tun qu	西屯区	80
xi shan	西山	80
xi shan qu	西山区	80
xi gang	西岗	80
xi gang qu	西岗区	80
xi xia	西峡	80
xi xia xian	西峡县	80
xi feng	西峰	80
xi feng qu	西峰区	80
xi gong	西工	80
xi gong qu	西工区	80
xi shi	西市	80
xi shi qu	西市区	80
xi ping	西平	80
xi ping xian	西平县	80
xi chang	西昌	80
xi chang shi	西昌市	80
xi lin	西林	80
xi lin xian	西林县	80
xi sha	西沙	80
xi sha qu	西沙区	80
xi gang	西港	80
xi gang qu	西港区	80
xi hu	西湖	80
xi hu qu	西湖区	80
xi chou	西畴	80
xi chou xian	西畴县	80
xi meng	西盟	80
xi meng wa zu zi zhi xian	西盟佤族自治县	80
xi xiu	西秀	80
xi xiu qu	西秀区	80
xi zang zi zhi qu	西藏自治区	500
xi gong qu	西貢區	80
xi gong	西贡	80
xi gong qu	西贡区	80
xi ling	西陵	80
xi ling qu	西陵区	80
xi qing	西青	80
xi qing qu	西青区	80
tan tang	覃塘	80
tan tang qu	覃塘区	80
guan tang qu	觀塘區	80
guan tang	观塘	80
guan tang qu	观塘区	80
guan shan hu	观山湖	80
guan shan hu qu	观山湖区	80
guan yin	观音	80
guan yin qu	观音区	80
jie fang	解放	80
jie fang qu	解放区	80
rang hu lu	让胡路	80
rang hu lu qu	让胡路区	80
ne he	讷河	80
ne he shi	讷河市	80
xu chang	许昌	250
xu chang shi	许昌市	250
zhao an	诏安	80
zhao an xian	诏安县	80
zhu cheng	诸城	80
zhu cheng shi	诸城市	80
zhu ji	诸暨	80
zhu ji shi	诸暨市	80
diao bing shan	调兵山	80
diao bing shan shi	调兵山市	80
xie jia ji	谢家集	80
xie jia ji qu	谢家集区	80
xie tong men	谢通门	80
xie tong men xian	谢通门县	80
qiao cheng	谯城	80
qiao cheng qu	谯城区	80
gu cheng	谷城	80
gu cheng xian	谷城县	80
xiang shan	象山	80
xiang shan qu	象山区	80
xiang shan xian	象山县	80
xiang zhou	象州	80
xiang zhou xian	象州县	80
zhen feng	贞丰	80
zhen feng xian	贞丰县	80
gong jing	贡井	80
gong jing qu	贡井区	80
gong ga	贡嘎	80
gong ga xian	贡嘎县	80
gong liao	贡寮	80
gong liao qu	贡寮区	80
gong shan	贡山	80
gong shan du long zu nu zu zi zhi xian	贡山独龙族怒族自治县	80
gong jue	贡觉	80
gong jue xian	贡觉县	80
gui nan	贵南	80
gui nan xian	贵南县	80
gui ding	贵定	80
gui ding xian	贵定县	80
gui zhou	贵州	500
gui zhou sheng	贵州省	500
gui de	贵德	80
gui de xian	贵德县	80
gui chi	贵池	80
gui chi qu	贵池区	80
gui gang	贵港	250
gui gang shi	贵港市	250
gui xi	贵溪	80
gui xi shi	贵溪市	80
gui yang	贵阳	250
gui yang shi	贵阳市	250
gui yang shi bai yun qu	贵阳市白云区	80
fei xian	费县	80
he lan	贺兰	80
he lan xian	贺兰县	80
he zhou	贺州	250
he zhou shi	贺州市	250
jia wang	贾汪	80
jia wang qu	贾汪区	80
zi zhong	资中	80
zi zhong xian	资中县	80
zi xing	资兴	80
zi xing shi	资兴市	80
zi yuan	资源	80
zi yuan xian	资源县	80
zi xi	资溪	80
zi xi xian	资溪县	80
zi yang	资阳	250
zi yang qu	资阳区	80
zi yang shi	资阳市	250
sai han	赛罕	80
sai han qu	赛罕区	80
zan huang	赞皇	80
zan huang xian	赞皇县	80
gan xian	赣县	80
gan xian qu	赣县区	80
gan zhou	赣州	250
gan zhou shi	赣州市	250
gan yu	赣榆	80
gan yu qu	赣榆区	80
chi kan	赤坎	80
chi kan qu	赤坎区	80
chi cheng	赤城	80
chi cheng xian	赤城县	80
chi bi	赤壁	80
chi bi shi	赤壁市	80
chi feng	赤峰	250
chi feng shi	赤峰市	250
chi feng shi song shan qu	赤峰市松山区	80
chi shui	赤水	80
chi shui shi	赤水市	80
he shan	赫山	80
he shan qu	赫山区	80
he zhang	赫章	80
he zhang xian	赫章县	80
zhao xian	赵县	80
yue cheng	越城	80
yue cheng qu	越城区	80
yue xiu	越秀	80
yue xiu qu	越秀区	80
yue xi	越西	80
yue xi xian	越西县	80
lu bei	路北	80
lu bei qu	路北区	80
lu nan	路南	80
lu nan qu	路南区	80
lu qiao	路桥	80
lu qiao qu	路桥区	80
lu dang tian hai	路氹填海	80
lu dang tian hai qu	路氹填海区	80
lu zhu	路竹	80
lu zhu qu	路竹区	80
lun tai	轮台	80
lun tai xian	轮台县	80
hui nan	辉南	80
hui nan xian	辉南县	80
hui xian	辉县	80
hui xian shi	辉县市	80
xin ji	辛集	80
xin ji shi	辛集市	80
chen xi	辰溪	80
chen xi xian	辰溪县	80
bian ba	边坝	80
bian ba xian	边坝县	80
liao zhong	辽中	80
liao zhong qu	辽中区	80
liao ning	辽宁	500
liao ning sheng	辽宁省	500
liao yuan	辽源	250
liao yuan shi	辽源市	250
liao yuan shi xi an qu	辽源市西安区	80
liao yang	辽阳	250
liao yang xian	辽阳县	80
liao yang shi	辽阳市	250
da ban cheng	达坂城	80
da ban cheng qu	达坂城区	80
da zi	达孜	80
da zi qu	达孜区	80
da er han mao ming an lian he	达尔罕茂明安联合	80
da er han mao ming an lian he qi	达尔罕茂明安联合旗	80
da chuan	达川	80
da chuan qu	达川区	80
da zhou	达州	250
da zhou shi	达州市	250
da la te	达拉特	80
da la te qi	达拉特旗	80
da ri	达日	80
da ri xian	达日县	80
qian an	迁安	80
qian an shi	迁安市	80
qian xi	迁西	80
qian xi xian	迁西县	80
ying jiang	迎江	80
ying jiang qu	迎江区	80
ying ze	迎泽	80
ying ze qu	迎泽区	80
yun cheng	运城	250
yun cheng shi	运城市	250
yun he	运河	80
yun he qu	运河区	80
jin xian	进贤	80
jin xian xian	进贤县	80
yuan an	远安	80
yuan an xian	远安县	80
lian yun	连云	80
lian yun qu	连云区	80
lian yun gang	连云港	250
lian yun gang shi	连云港市	250
lian yun gang shi hai zhou qu	连云港市海州区	80
lian nan	连南	80
lian nan yao zu zi zhi xian	连南瑶族自治县	80
lian cheng	连城	80
lian cheng xian	连城县	80
lian shan	连山	80
lian shan qu	连山区	80
lian shan zhuang zu yao zu zi zhi xian	连山壮族瑶族自治县	80
lian zhou	连州	80
lian zhou shi	连州市	80
lian ping	连平	80
lian ping xian	连平县	80
lian jiang	连江	80
lian jiang xian	连江县	80
di qing	迪庆	250
di qing zang zu zi zhi zhou	迪庆藏族自治州	250
die bu	迭部	80
die bu xian	迭部县	80
xun ke	逊克	80
xun ke xian	逊克县	80
tong hua	通化	250
tong hua xian	通化县	80
tong hua shi	通化市	250
tong cheng	通城	80
tong cheng xian	通城县	80
tong shan	通山	80
tong shan xian	通山县	80
tong chuan	通川	80
tong chuan qu	通川区	80
tong zhou	通州	80
tong zhou qu	通州区	80
tong yu	通榆	80
tong yu xian	通榆县	80
tong jiang	通江	80
tong jiang xian	通江县	80
tong he	通河	80
tong he xian	通河县	80
tong hai	通海	80
tong hai xian	通海县	80
tong wei	通渭	80
tong wei xian	通渭县	80
tong xu	通许	80
tong xu xian	通许县	80
tong liao	通辽	250
tong liao shi	通辽市	250
tong dao	通道	80
tong dao dong zu zi zhi xian	通道侗族自治县	80
sui ning	遂宁	250
sui ning shi	遂宁市	250
sui chuan	遂川	80
sui chuan xian	遂川县	80
sui ping	遂平	80
sui ping xian	遂平县	80
sui chang	遂昌	80
sui chang xian	遂昌县	80
sui xi	遂溪	80
sui xi xian	遂溪县	80
dao xian	道县	80
dao wai	道外	80
dao wai qu	道外区	80
dao fu	道孚	80
dao fu xian	道孚县	80
dao zhen	道真	80
dao zhen ge lao zu miao zu zi zhi xian	道真仡佬族苗族自治县	80
dao li	道里	80
dao li qu	道里区	80
zun yi	遵义	250
zun yi shi	遵义市	250
zun hua	遵化	80
zun hua shi	遵化市	80
deng zhou	邓州	80
deng zhou shi	邓州市	80
yong ning	邕宁	80
yong ning qu	邕宁区	80
han jiang	邗江	80
han jiang qu	邗江区	80
qiong lai	邛崃	80
qiong lai shi	邛崃市	80
xing tai	邢台	250
xing tai shi	邢台市	250
na po	那坡	80
na po xian	那坡县	80
na qu	那曲	250
na qu shi	那曲市	250
na ma xia	那玛夏	80
na ma xia qu	那玛夏区	80
han shan	邯山	80
han shan qu	邯山区	80
han dan	邯郸	250
han dan shi	邯郸市	250
han dan shi fu xing qu	邯郸市复兴区	80
qiu xian	邱县	80
pi zhou	邳州	80
pi zhou shi	邳州市	80
shao dong	邵东	80
shao dong shi	邵东市	80
shao wu	邵武	80
shao wu shi	邵武市	80
shao yang	邵阳	250
shao yang xian	邵阳县	80
shao yang shi	邵阳市	250
zou cheng	邹城	80
zou cheng shi	邹城市	80
zou ping	邹平	80
zou ping shi	邹平市	80
lin shui	邻水	80
lin shui xian	邻水县	80
yu nan	郁南	80
yu nan xian	郁南县	80
jiao qu	郊区	80
lang xi	郎溪	80
lang xi xian	郎溪县	80
jia xian	郏县	80
zheng zhou	郑州	250
zheng zhou shi	郑州市	250
yun cheng	郓城	80
yun cheng xian	郓城县	80
yun xi	郧西	80
yun xi xian	郧西县	80
yun yang	郧阳	80
yun yang qu	郧阳区	80
pi dou	郫都	80
pi dou qu	郫都区	80
tan cheng	郯城	80
tan cheng xian	郯城县	80
chen zhou	郴州	250
chen zhou shi	郴州市	250
dan cheng	郸城	80
dan cheng xian	郸城县	80
dou lan	都兰	80
dou lan xian	都兰县	80
dou yun	都匀	80
dou yun shi	都匀市	80
dou an	都安	80
dou an yao zu zi zhi xian	都安瑶族自治县	80
dou chang	都昌	80
dou chang xian	都昌县	80
du jiang yan	都江堰	80
du jiang yan shi	都江堰市	80
yan cheng	郾城	80
yan cheng qu	郾城区	80
e lun chun zi zhi qi	鄂伦春自治旗	80
e cheng	鄂城	80
e cheng qu	鄂城区	80
e er duo si	鄂尔多斯	250
e er duo si shi	鄂尔多斯市	250
e zhou	鄂州	250
e zhou shi	鄂州市	250
e tuo ke	鄂托克	80
e tuo ke qian	鄂托克前	80
e tuo ke qian qi	鄂托克前旗	80
e tuo ke qi	鄂托克旗	80
e wen ke zu zi zhi qi	鄂温克族自治旗	80
juan cheng	鄄城	80
juan cheng xian	鄄城县	80
yin zhou	鄞州	80
yin zhou qu	鄞州区	80
hu yi	鄠邑	80
hu yi qu	鄠邑区	80
yan ling	鄢陵	80
yan ling xian	鄢陵县	80
shan shan	鄯善	80
shan shan xian	鄯善县	80
po yang	鄱阳	80
po yang xian	鄱阳县	80
you yang	酉阳	80
you yang tu jia zu miao zu zi zhi xian	酉阳土家族苗族自治县	80
jiu quan	酒泉	250
jiu quan shi	酒泉市	250
li ling	醴陵	80
li ling shi	醴陵市	80
chong qing	重庆	500
chong qing shi	重庆市	500
jin dong	金东	80
jin dong qu	金东区	80
jin xiang	金乡	80
jin xiang xian	金乡县	80
jin feng	金凤	80
jin feng qu	金凤区	80
jin hua	金华	250
jin hua shi	金华市	250
jin kou he	金口河	80
jin kou he qu	金口河区	80
jin tai	金台	80
jin tai qu	金台区	80
jin tan	金坛	80
jin tan qu	金坛区	80
jin cheng jiang	金城江	80
jin cheng jiang qu	金城江区	80
jin tang	金堂	80
jin tang xian	金堂县	80
jin ta	金塔	80
jin ta xian	金塔县	80
jin an	金安	80
jin an qu	金安区	80
jin zhai	金寨	80
jin zhai xian	金寨县	80
jin shan	金山	80
jin shan qu	金山区	80
jin chuan	金川	80
jin chuan qu	金川区	80
jin chuan xian	金川县	80
jin zhou	金州	80
jin zhou qu	金州区	80
jin ping	金平	80
jin ping qu	金平区	80
jin ping miao zu yao zu dai zu zi zhi xian	金平苗族瑶族傣族自治县	80
jin chang	金昌	250
jin chang shi	金昌市	250
jin lin qu	金林区	80
jin shui	金水	80
jin shui qu	金水区	80
jin sha	金沙	80
jin sha xian	金沙县	80
jin hu	金湖	80
jin hu xian	金湖县	80
jin wan	金湾	80
jin wan qu	金湾区	80
jin xi	金溪	80
jin xi xian	金溪县	80
jin niu	金牛	80
jin niu qu	金牛区	80
jin xiu	金秀	80
jin xiu yao zu zi zhi xian	金秀瑶族自治县	80
jin men	金门	80
jin men xian	金门县	80
jin yang	金阳	80
jin yang xian	金阳县	80
zhong shan	钟山	80
zhong shan qu	钟山区	80
zhong shan xian	钟山县	80
zhong lou	钟楼	80
zhong lou qu	钟楼区	80
zhong xiang	钟祥	80
zhong xiang shi	钟祥市	80
gang cheng	钢城	80
gang cheng qu	钢城区	80
qin bei	钦北	80
qin bei qu	钦北区	80
qin nan	钦南	80
qin nan qu	钦南区	80
qin zhou	钦州	250
qin zhou shi	钦州市	250
qian tang	钱塘	80
qian tang qu	钱塘区	80
tie dong	铁东	80
tie dong qu	铁东区	80
tie li	铁力	80
tie li shi	铁力市	80
tie shan	铁山	80
tie shan qu	铁山区	80
tie shan gang	铁山港	80
tie shan gang qu	铁山港区	80
tie ling	铁岭	250
tie ling xian	铁岭县	80
tie ling shi	铁岭市	250
tie xi	铁西	80
tie xi qu	铁西区	80
tie feng	铁锋	80
tie feng qu	铁锋区	80
tie men guan	铁门关	80
tie men guan shi	铁门关市	80
yan shan	铅山	80
yan shan xian	铅山县	80
tong ren	铜仁	250
tong ren shi	铜仁市	250
tong guan	铜官	80
tong guan qu	铜官区	80
tong shan	铜山	80
tong shan qu	铜山区	80
tong chuan	铜川	250
tong chuan shi	铜川市	250
tong liang	铜梁	80
tong liang qu	铜梁区	80
tong ling	铜陵	250
tong ling shi	铜陵市	250
tong ling shi jiao qu	铜陵市郊区	80
tong gu	铜鼓	80
tong gu xian	铜鼓县	80
yin chuan	银川	250
yin chuan shi	银川市	250
yin zhou	银州	80
yin zhou qu	银州区	80
yin hai	银海	80
yin hai qu	银海区	80
cuo na	错那	80
cuo na shi	错那市	80
xi shan	锡山	80
xi shan qu	锡山区	80
xi lin hao te	锡林浩特	80
xi lin hao te shi	锡林浩特市	80
xi lin guo lei	锡林郭勒	250
xi lin guo lei meng	锡林郭勒盟	250
jin ping	锦屏	80
jin ping xian	锦屏县	80
jin zhou	锦州	250
jin zhou shi	锦州市	250
jin jiang	锦江	80
jin jiang qu	锦江区	80
zhen yuan	镇原	80
zhen yuan xian	镇原县	80
zhen ping	镇坪	80
zhen ping xian	镇坪县	80
zhen ning	镇宁	80
zhen ning bu yi zu miao zu zi zhi xian	镇宁布依族苗族自治县	80
zhen an	镇安	80
zhen an xian	镇安县	80
zhen ba	镇巴	80
zhen ba xian	镇巴县	80
zhen ping	镇平	80
zhen ping xian	镇平县	80
zhen kang	镇康	80
zhen kang xian	镇康县	80
zhen jiang	镇江	250
zhen jiang shi	镇江市	250
zhen yuan	镇沅	80
zhen yuan yi zu ha ni zu la hu zu zi zhi xian	镇沅彝族哈尼族拉祜族自治县	80
zhen hai	镇海	80
zhen hai qu	镇海区	80
zhen lai	镇赉	80
zhen lai xian	镇赉县	80
zhen yuan	镇远	80
zhen yuan xian	镇远县	80
zhen xiong	镇雄	80
zhen xiong xian	镇雄县	80
jing hu	镜湖	80
jing hu qu	镜湖区	80
xiang huang	镶黄	80
xiang huang qi	镶黄旗	80
zhang feng	长丰	80
zhang feng xian	长丰县	80
chang le	长乐	80
chang le qu	长乐区	80
chang xing	长兴	80
chang xing xian	长兴县	80
zhang yuan	长垣	80
zhang yuan shi	长垣市	80
zhang zi	长子	80
zhang zi xian	长子县	80
zhang ning	长宁	80
zhang ning qu	长宁区	80
zhang ning xian	长宁县	80
chang an	长安	80
chang an qu	长安区	80
chang shou	长寿	80
chang shou qu	长寿区	80
zhang ling	长岭	80
zhang ling xian	长岭县	80
chang chun	长春	250
chang chun shi	长春市	250
chang chun shi chao yang qu	长春市朝阳区	80
zhang wu	长武	80
zhang wu xian	长武县	80
chang ting	长汀	80
chang ting xian	长汀县	80
chang sha	长沙	250
chang sha xian	长沙县	80
chang sha shi	长沙市	250
zhang zhi	长治	250
zhang zhi shi	长治市	250
zhang tai	长泰	80
zhang tai qu	长泰区	80
zhang zhou	长洲	80
zhang zhou qu	长洲区	80
zhang hai	长海	80
zhang hai xian	长海县	80
zhang qing	长清	80
zhang qing qu	长清区	80
zhang bai chao xian zu zi zhi xian	长白朝鲜族自治县	80
zhang ge	长葛	80
zhang ge shi	长葛市	80
zhang yang	长阳	80
zhang yang tu jia zu zi zhi xian	长阳土家族自治县	80
zhang shun	长顺	80
zhang shun xian	长顺县	80
men tou gou	门头沟	80
men tou gou qu	门头沟区	80
men yuan	门源	80
men yuan hui zu zi zhi xian	门源回族自治县	80
min xing	闵行	80
min xing qu	闵行区	80
wen xi	闻喜	80
wen xi xian	闻喜县	80
min hou	闽侯	80
min hou xian	闽侯县	80
min qing	闽清	80
min qing xian	闽清县	80
lang zhong	阆中	80
lang zhong shi	阆中市	80
yan liang	阎良	80
yan liang qu	阎良区	80
fu nan	阜南	80
fu nan xian	阜南县	80
fu cheng	阜城	80
fu cheng xian	阜城县	80
fu ning	阜宁	80
fu ning xian	阜宁县	80
fu ping	阜平	80
fu ping xian	阜平县	80
fu kang	阜康	80
fu kang shi	阜康市	80
fu xin	阜新	250
fu xin shi	阜新市	250
fu xin shi tai ping qu	阜新市太平区	80
fu xin shi hai zhou qu	阜新市海州区	80
fu xin meng gu zu zi zhi xian	阜新蒙古族自治县	80
fu yang	阜阳	250
fu yang shi	阜阳市	250
fang cheng	防城	80
fang cheng qu	防城区	80
fang cheng gang	防城港	250
fang cheng gang shi	防城港市	250
yang dong	阳东	80
yang dong qu	阳东区	80
yang xin	阳信	80
yang xin xian	阳信县	80
yang yuan	阳原	80
yang yuan xian	阳原县	80
yang cheng	阳城	80
yang cheng xian	阳城县	80
yang shan	阳山	80
yang shan xian	阳山县	80
yang xin	阳新	80
yang xin xian	阳新县	80
yang ming	阳明	80
yang ming qu	阳明区	80
yang chun	阳春	80
yang chun shi	阳春市	80
yang qu	阳曲	80
yang qu xian	阳曲县	80
yang shuo	阳朔	80
yang shuo xian	阳朔县	80
yang jiang	阳江	250
yang jiang shi	阳江市	250
yang quan	阳泉	250
yang quan shi	阳泉市	250
yang quan shi cheng qu	阳泉市城区	80
yang quan shi jiao qu	阳泉市郊区	80
yang xi	阳西	80
yang xi xian	阳西县	80
yang gu	阳谷	80
yang gu xian	阳谷县	80
yang gao	阳高	80
yang gao xian	阳高县	80
a ke sai	阿克塞	80
a ke sai ha sa ke zu zi zhi xian	阿克塞哈萨克族自治县	80
a ke su	阿克苏	250
a ke su di qu	阿克苏地区	250
a ke su shi	阿克苏市	80
a ke tao	阿克陶	80
a ke tao xian	阿克陶县	80
a lei tai	阿勒泰	250
a lei tai di qu	阿勒泰地区	250
a lei tai shi	阿勒泰市	80
a he qi	阿合奇	80
a he qi xian	阿合奇县	80
a tu shen	阿图什	80
a tu shen shi	阿图什市	80
a ba	阿坝	250
a ba xian	阿坝县	80
a ba zang zu qiang zu zi zhi zhou	阿坝藏族羌族自治州	250
a cheng	阿城	80
a cheng qu	阿城区	80
a er shan	阿尔山	80
a er shan shi	阿尔山市	80
a ba ga	阿巴嘎	80
a ba ga qi	阿巴嘎旗	80
a la shan	阿拉善	250
a la shan you	阿拉善右	80
a la shan you qi	阿拉善右旗	80
a la shan zuo	阿拉善左	80
a la shan zuo qi	阿拉善左旗	80
a la shan meng	阿拉善盟	250
a la er	阿拉尔	80
a la er shi	阿拉尔市	80
a la shan kou	阿拉山口	80
a la shan kou shi	阿拉山口市	80
a wa ti	阿瓦提	80
a wa ti xian	阿瓦提县	80
a rong	阿荣	80
a rong qi	阿荣旗	80
a lian	阿莲	80
a lian qu	阿莲区	80
a li	阿里	250
a li di qu	阿里地区	250
a lu ke er qin	阿鲁科尔沁	80
a lu ke er qin qi	阿鲁科尔沁旗	80
lu feng	陆丰	80
lu feng shi	陆丰市	80
lu chuan	陆川	80
lu chuan xian	陆川县	80
lu he	陆河	80
lu he xian	陆河县	80
lu liang	陆良	80
lu liang xian	陆良县	80
long nan	陇南	250
long nan shi	陇南市	250
long xian	陇县	80
long chuan	陇川	80
long chuan xian	陇川县	80
long xi	陇西	80
long xi xian	陇西县	80
chen cang	陈仓	80
chen cang qu	陈仓区	80
chen ba er hu	陈巴尔虎	80
chen ba er hu qi	陈巴尔虎旗	80
shan zhou	陕州	80
shan zhou qu	陕州区	80
shan xi	陕西	500
shan xi sheng	陕西省	500
ling cheng	陵城	80
ling cheng qu	陵城区	80
ling chuan	陵川	80
ling chuan xian	陵川县	80
ling shui li zu zi zhi xian	陵水黎族自治县	80
long hua	隆化	80
long hua xian	隆化县	80
long hui	隆回	80
long hui xian	隆回县	80
long zi	隆子	80
long zi xian	隆子县	80
long an	隆安	80
long an xian	隆安县	80
long yao	隆尧	80
long yao xian	隆尧县	80
long de	隆德	80
long de xian	隆德县	80
long chang	隆昌	80
long chang shi	隆昌市	80
long lin ge zu	隆林各族	80
long lin ge zu zi zhi xian	隆林各族自治县	80
long yang	隆阳	80
long yang qu	隆阳区	80
sui xian	随县	80
sui zhou	随州	250
sui zhou shi	随州市	250
xi xian	隰县	80
yan ta	雁塔	80
yan ta qu	雁塔区	80
yan shan	雁山	80
yan shan qu	雁山区	80
yan feng	雁峰	80
yan feng qu	雁峰区	80
yan jiang	雁江	80
yan jiang qu	雁江区	80
xiong xian	雄县	80
ya an	雅安	250
ya an shi	雅安市	250
ya jiang	雅江	80
ya jiang xian	雅江县	80
ji ning	集宁	80
ji ning qu	集宁区	80
ji an	集安	80
ji an shi	集安市	80
ji mei	集美	80
ji mei qu	集美区	80
ji xian	集贤	80
ji xian xian	集贤县	80
li dao qu	離島區	80
yu cheng	雨城	80
yu cheng qu	雨城区	80
yu shan	雨山	80
yu shan qu	雨山区	80
yu hu	雨湖	80
yu hu qu	雨湖区	80
yu hua	雨花	80
yu hua qu	雨花区	80
yu hua tai	雨花台	80
yu hua tai qu	雨花台区	80
ling ling	零陵	80
ling ling qu	零陵区	80
lei shan	雷山	80
lei shan xian	雷山县	80
lei zhou	雷州	80
lei zhou shi	雷州市	80
lei bo	雷波	80
lei bo xian	雷波县	80
wu feng	雾峰	80
wu feng qu	雾峰区	80
huo cheng	霍城	80
huo cheng xian	霍城县	80
huo er guo si	霍尔果斯	80
huo er guo si shi	霍尔果斯市	80
huo shan	霍山	80
huo shan xian	霍山县	80
huo zhou	霍州	80
huo zhou shi	霍州市	80
huo lin guo lei	霍林郭勒	80
huo lin guo lei shi	霍林郭勒市	80
huo qiu	霍邱	80
huo qiu xian	霍邱县	80
xia shan	霞山	80
xia shan qu	霞山区	80
xia pu	霞浦	80
xia pu xian	霞浦县	80
ba zhou	霸州	80
ba zhou shi	霸州市	80
qing yun pu	青云谱	80
qing yun pu qu	青云谱区	80
qing gang	青冈	80
qing gang xian	青冈县	80
qing yuan	青原	80
qing yuan qu	青原区	80
qing xian	青县	80
qing shan	青山	80
qing shan qu	青山区	80
qing shan hu	青山湖	80
qing shan hu qu	青山湖区	80
qing dao	青岛	250
qing dao shi	青岛市	250
qing chuan	青川	80
qing chuan xian	青川县	80
qing zhou	青州	80
qing zhou shi	青州市	80
qing he	青河	80
qing he xian	青河县	80
qing pu	青浦	80
qing pu qu	青浦区	80
qing hai	青海	500
qing hai sheng	青海省	500
qing tian	青田	80
qing tian xian	青田县	80
qing bai jiang	青白江	80
qing bai jiang qu	青白江区	80
qing shen	青神	80
qing shen xian	青神县	80
qing xiu	青秀	80
qing xiu qu	青秀区	80
qing yang	青羊	80
qing yang qu	青羊区	80
qing tong xia	青铜峡	80
qing tong xia shi	青铜峡市	80
qing yang	青阳	80
qing yang xian	青阳县	80
qing long	青龙	80
qing long man zu zi zhi xian	青龙满族自治县	80
jing yu	靖宇	80
jing yu xian	靖宇县	80
jing an	靖安	80
jing an xian	靖安县	80
jing zhou	靖州	80
jing zhou miao zu dong zu zi zhi xian	靖州苗族侗族自治县	80
jing jiang	靖江	80
jing jiang shi	靖江市	80
jing xi	靖西	80
jing xi shi	靖西市	80
jing bian	靖边	80
jing bian xian	靖边县	80
jing yuan	靖远	80
jing yuan xian	靖远县	80
jing le	静乐	80
jing le xian	静乐县	80
jing ning	静宁	80
jing ning xian	静宁县	80
jing an	静安	80
jing an qu	静安区	80
jing hai	静海	80
jing hai qu	静海区	80
ge ji	革吉	80
ge ji xian	革吉县	80
an shan	鞍山	250
an shan shi	鞍山市	250
an shan shi tie dong qu	鞍山市铁东区	80
an shan shi tie xi qu	鞍山市铁西区	80
han cheng	韩城	80
han cheng shi	韩城市	80
shao guan	韶关	250
shao guan shi	韶关市	250
shao shan	韶山	80
shao shan shi	韶山市	80
xiang cheng	项城	80
xiang cheng shi	项城市	80
shun yi	顺义	80
shun yi qu	顺义区	80
shun cheng	顺城	80
shun cheng qu	顺城区	80
shun ping	顺平	80
shun ping xian	顺平县	80
shun qing	顺庆	80
shun qing qu	顺庆区	80
shun de	顺德	80
shun de qu	顺德区	80
shun chang	顺昌	80
shun chang xian	顺昌县	80
shun he hui zu	顺河回族	80
shun he hui zu qu	顺河回族区	80
ying shang	颍上	80
ying shang xian	颍上县	80
ying dong	颍东	80
ying dong qu	颍东区	80
ying zhou	颍州	80
ying zhou qu	颍州区	80
ying quan	颍泉	80
ying quan qu	颍泉区	80
e er gu na	额尔古纳	80
e er gu na shi	额尔古纳市	80
e min	额敏	80
e min xian	额敏县	80
e ji na	额济纳	80
e ji na qi	额济纳旗	80
feng shun tang	风顺堂	80
feng shun tang qu	风顺堂区	80
rao ping	饶平	80
rao ping xian	饶平县	80
rao he	饶河	80
rao he xian	饶河县	80
rao yang	饶阳	80
rao yang xian	饶阳县	80
guan tao	馆陶	80
guan tao xian	馆陶县	80
xiang fang	香坊	80
xiang fang qu	香坊区	80
xiang shan	香山	80
xiang shan qu	香山区	80
xiang ge li la	香格里拉	80
xiang ge li la shi	香格里拉市	80
xiang he	香河	80
xiang he xian	香河县	80
xiang zhou	香洲	80
xiang zhou qu	香洲区	80
xiang gang	香港	500
xiang gang dao	香港岛	80
xiang gang dao dong qu	香港岛东区	80
xiang gang dao zhong xi qu	香港岛中西区	80
xiang gang dao nan qu	香港岛南区	80
xiang gang dao	香港島	80
xiang gang te bie xing zheng qu	香港特别行政区	500
ma guan	马关	80
ma guan xian	马关县	80
ma er kang	马尔康	80
ma er kang shi	马尔康市	80
ma yi	马尾	80
ma yi qu	马尾区	80
ma shan	马山	80
ma shan xian	马山县	80
ma cun	马村	80
ma cun qu	马村区	80
ma bian	马边	80
ma bian yi zu zi zhi xian	马边彝族自治县	80
ma an shan	马鞍山	250
ma an shan shi	马鞍山市	250
ma long	马龙	80
ma long qu	马龙区	80
zhu ma dian	驻马店	250
zhu ma dian shi	驻马店市	250
yi cheng	驿城	80
yi cheng qu	驿城区	80
gao xian	高县	80
gao tai	高台	80
gao tai xian	高台县	80
gao tang	高唐	80
gao tang xian	高唐县	80
gao ping	高坪	80
gao ping qu	高坪区	80
gao an	高安	80
gao an shi	高安市	80
gao mi	高密	80
gao mi shi	高密市	80
gao zhou	高州	80
gao zhou shi	高州市	80
gao ping	高平	80
gao ping shi	高平市	80
gao chang	高昌	80
gao chang qu	高昌区	80
gao ming	高明	80
gao ming qu	高明区	80
gao chun	高淳	80
gao chun qu	高淳区	80
gao gang	高港	80
gao gang qu	高港区	80
gao bei dian	高碑店	80
gao bei dian shi	高碑店市	80
gao yao	高要	80
gao yao qu	高要区	80
gao yi	高邑	80
gao yi xian	高邑县	80
gao you	高邮	80
gao you shi	高邮市	80
gao yang	高阳	80
gao yang xian	高阳县	80
gao ling	高陵	80
gao ling qu	高陵区	80
gao xiong	高雄	80
gao xiong shi	高雄市	80
gao xiong shi xin xing qu	高雄市新兴区	80
gao qing	高青	80
gao qing xian	高青县	80
wei xian	魏县	80
wei dou	魏都	80
wei dou qu	魏都区	80
yu tai	鱼台	80
yu tai xian	鱼台县	80
yu feng	鱼峰	80
yu feng qu	鱼峰区	80
lu shan	鲁山	80
lu shan xian	鲁山县	80
lu dian	鲁甸	80
lu dian xian	鲁甸县	80
ba yu quan	鲅鱼圈	80
ba yu quan qu	鲅鱼圈区	80
li cheng	鲤城	80
li cheng qu	鲤城区	80
niao song	鸟松	80
niao song qu	鸟松区	80
jiu jiang	鸠江	80
jiu jiang qu	鸠江区	80
ji dong	鸡东	80
ji dong xian	鸡东县	80
ji guan	鸡冠	80
ji guan qu	鸡冠区	80
ji ze	鸡泽	80
ji ze xian	鸡泽县	80
ji xi	鸡西	250
ji xi shi	鸡西市	250
he cheng	鹤城	80
he cheng qu	鹤城区	80
he bi	鹤壁	250
he bi shi	鹤壁市	250
he shan	鹤山	80
he shan qu	鹤山区	80
he shan shi	鹤山市	80
he gang	鹤岗	250
he gang shi	鹤岗市	250
he gang shi dong shan qu	鹤岗市东山区	80
he gang shi nan shan qu	鹤岗市南山区	80
he gang shi xiang yang qu	鹤岗市向阳区	80
he feng	鹤峰	80
he feng xian	鹤峰县	80
he qing	鹤庆	80
he qing xian	鹤庆县	80
ying shou ying zi kuang	鹰手营子矿	80
ying shou ying zi kuang qu	鹰手营子矿区	80
ying tan	鹰潭	250
ying tan shi	鹰潭市	250
lu cheng	鹿城	80
lu cheng qu	鹿城区	80
lu zhai	鹿寨	80
lu zhai xian	鹿寨县	80
lu quan	鹿泉	80
lu quan qu	鹿泉区	80
lu yi	鹿邑	80
lu yi xian	鹿邑县	80
qi lin	麒麟	80
qi lin qu	麒麟区	80
lin you	麟游	80
lin you xian	麟游县	80
mai gai ti	麦盖提	80
mai gai ti xian	麦盖提县	80
mai ji	麦积	80
mai ji qu	麦积区	80
ma cheng	麻城	80
ma cheng shi	麻城市	80
ma shan	麻山	80
ma shan qu	麻山区	80
ma li po	麻栗坡	80
ma li po xian	麻栗坡县	80
ma jiang	麻江	80
ma jiang xian	麻江县	80
ma zhang	麻章	80
ma zhang qu	麻章区	80
ma dou	麻豆	80
ma dou qu	麻豆区	80
ma yang	麻阳	80
ma yang miao zu zi zhi xian	麻阳苗族自治县	80
huang da xian qu	黃大仙區	80
huang gang	黄冈	250
huang gang shi	黄冈市	250
huang nan	黄南	250
huang nan zang zu zi zhi zhou	黄南藏族自治州	250
huang pu	黄埔	80
huang pu qu	黄埔区	80
huang da xian	黄大仙	80
huang da xian qu	黄大仙区	80
huang shan	黄山	250
huang shan qu	黄山区	80
huang shan shi	黄山市	250
huang dao	黄岛	80
huang dao qu	黄岛区	80
huang yan	黄岩	80
huang yan qu	黄岩区	80
huang zhou	黄州	80
huang zhou qu	黄州区	80
huang ping	黄平	80
huang ping xian	黄平县	80
huang mei	黄梅	80
huang mei xian	黄梅县	80
huang pu	黄浦	80
huang pu qu	黄浦区	80
huang shi	黄石	250
huang shi shi	黄石市	250
huang shi gang	黄石港	80
huang shi gang qu	黄石港区	80
huang pi	黄陂	80
huang pi qu	黄陂区	80
huang ling	黄陵	80
huang ling xian	黄陵县	80
huang hua	黄骅	80
huang hua shi	黄骅市	80
huang long	黄龙	80
huang long xian	黄龙县	80
li cheng	黎城	80
li cheng xian	黎城县	80
li chuan	黎川	80
li chuan xian	黎川县	80
li ping	黎平	80
li ping xian	黎平县	80
hei shan	黑山	80
hei shan xian	黑山县	80
hei shui	黑水	80
hei shui xian	黑水县	80
hei he	黑河	250
hei he shi	黑河市	250
hei long jiang	黑龙江	500
hei long jiang sheng	黑龙江省	500
qian dong nan	黔东南	250
qian dong nan miao zu dong zu zi zhi zhou	黔东南苗族侗族自治州	250
qian nan	黔南	250
qian nan bu yi zu miao zu zi zhi zhou	黔南布依族苗族自治州	250
qian jiang	黔江	80
qian jiang qu	黔江区	80
qian xi	黔西	80
qian xi nan	黔西南	250
qian xi nan bu yi zu miao zu zi zhi zhou	黔西南布依族苗族自治州	250
qian xi shi	黔西市	80
yi xian	黟县	80
ding cheng	鼎城	80
ding cheng qu	鼎城区	80
ding hu	鼎湖	80
ding hu qu	鼎湖区	80
gu shan	鼓山	80
gu shan qu	鼓山区	80
gu lou	鼓楼	80
gu lou qu	鼓楼区	80
qi he	齐河	80
qi he xian	齐河县	80
qi qi ha er	齐齐哈尔	250
qi qi ha er shi	齐齐哈尔市	250
long jing	龙井	80
long jing qu	龙井区	80
long jing shi	龙井市	80
long ting	龙亭	80
long ting qu	龙亭区	80
long feng	龙凤	80
long feng qu	龙凤区	80
long hua	龙华	80
long hua qu	龙华区	80
long nan	龙南	80
long nan shi	龙南市	80
long kou	龙口	80
long kou shi	龙口市	80
long wei	龙圩	80
long wei qu	龙圩区	80
long cheng	龙城	80
long cheng qu	龙城区	80
long zi hu	龙子湖	80
long zi hu qu	龙子湖区	80
long an	龙安	80
long an qu	龙安区	80
long shan	龙山	80
long shan qu	龙山区	80
long shan xian	龙山县	80
long gang	龙岗	80
long gang qu	龙岗区	80
long yan	龙岩	250
long yan shi	龙岩市	250
long yan shi yong ding qu	龙岩市永定区	80
long qi	龙崎	80
long qi qu	龙崎区	80
long chuan	龙川	80
long chuan xian	龙川县	80
long zhou	龙州	80
long zhou xian	龙州县	80
long wen	龙文	80
long wen qu	龙文区	80
long jiang	龙江	80
long jiang xian	龙江县	80
long sha	龙沙	80
long sha qu	龙沙区	80
long quan	龙泉	80
long quan shi	龙泉市	80
long quan yi	龙泉驿	80
long quan yi qu	龙泉驿区	80
long hai	龙海	80
long hai qu	龙海区	80
long gang	龙港	80
long gang qu	龙港区	80
long gang shi	龙港市	80
long you	龙游	80
long you xian	龙游县	80
long hu	龙湖	80
long hu qu	龙湖区	80
long wan	龙湾	80
long wan qu	龙湾区	80
long tan	龙潭	80
long tan qu	龙潭区	80
long sheng ge zu	龙胜各族	80
long sheng ge zu zi zhi xian	龙胜各族自治县	80
long li	龙里	80
long li xian	龙里县	80
long men	龙门	80
long men xian	龙门县	80
long ling	龙陵	80
long ling xian	龙陵县	80
long ma tan	龙马潭	80
long ma tan qu	龙马潭区	80
gui shan	龟山	80
gui shan qu	龟山区	80
